999
FreeCAD v1.1 20260725 (Git shallow)
  0
SECTION
  2
HEADER
  9
$ACADVER
  1
AC1014
  9
$ACADMAINTVER
 70
     9
  9
$DWGCODEPAGE
  3
ANSI_1252
  9
$TEXTSTYLE
  7
STANDARD
  9
$DIMSTYLE
  2
STANDARD
  9
$DIMTXSTY
  7
STANDARD
  9
$CMLSTYLE
  2
STANDARD
  9
$LUNITS
 70
2
  9
$INSUNITS
 70
4
  9
$PEXTMAX
 10
50
 20
50
 30
50
  9
$PEXTMIN
 10
0
 20
0
 30
0
  9
$HANDSEED
  5
FFFF
  0
ENDSEC
  0
SECTION
  2
CLASSES
  0
CLASS
  1
ACDBDICTIONARYWDFLT
  2
AcDbDictionaryWithDefault
  3
ObjectDBX Classes
 90
        0
280
     0
281
     0
  0
CLASS
  1
XRECORD
  2
AcDbXrecord
  3
ObjectDBX Classes
 90
        0
280
     0
281
     0
  0
CLASS
  1
LWPOLYLINE
  2
AcDbPolyline
  3
ObjectDBX Classes
 90
        0
280
     0
281
     1
  0
ENDSEC
  0
SECTION
  2
TABLES
  0
TABLE
  2
VPORT
  5
20
330
0
100
AcDbSymbolTable
 70
     1
  0
VPORT
  5
21
330
20
100
AcDbSymbolTableRecord
100
AcDbViewportTableRecord
  2
*ACTIVE
 70
     0
  0
ENDTAB
  0
TABLE
  2
LTYPE
  5
22
330
0
100
AcDbSymbolTable
 70
     1
  0
LTYPE
  5
23
330
21
100
AcDbSymbolTableRecord
100
AcDbLinetypeTableRecord
  2
BYBLOCK
 70
     0
  3

 72
    65
 73
     0
 40
0.0
  0
LTYPE
  5
24
330
21
100
AcDbSymbolTableRecord
100
AcDbLinetypeTableRecord
  2
BYLAYER
 70
     0
  3

 72
    65
 73
     0
 40
0.0
  0
LTYPE
  5
25
330
21
100
AcDbSymbolTableRecord
100
AcDbLinetypeTableRecord
  2
CONTINUOUS
 70
     0
  3
Solid line
 72
    65
 73
     0
 40
0.0
  0
ENDTAB
  0
TABLE
  2
LAYER
  5
C24
330
0
100
AcDbSymbolTable
 70
6
  0
LAYER
  5
C25
330
C24
100
AcDbSymbolTableRecord
100
AcDbLayerTableRecord
  2
0
 70
   0
 62
   7
  6
CONTINUOUS
  0
LAYER
  5
C26
330
C24
100
AcDbSymbolTableRecord
100
AcDbLayerTableRecord
  2
S02_CL_Section_Top
 70
    0
 62
    7
  6
CONTINUOUS
  0
LAYER
  5
C27
330
C24
100
AcDbSymbolTableRecord
100
AcDbLayerTableRecord
  2
S02_CL_Section_SecA
 70
    0
 62
    7
  6
CONTINUOUS
  0
LAYER
  5
C28
330
C24
100
AcDbSymbolTableRecord
100
AcDbLayerTableRecord
  2
DimExtent011
 70
    0
 62
    7
  6
CONTINUOUS
  0
LAYER
  5
C29
330
C24
100
AcDbSymbolTableRecord
100
AcDbLayerTableRecord
  2
DimExtent012
 70
    0
 62
    7
  6
CONTINUOUS
  0
LAYER
  5
C2A
330
C24
100
AcDbSymbolTableRecord
100
AcDbLayerTableRecord
  2
S02_CL_Section_Legend
 70
    0
 62
    7
  6
CONTINUOUS
  0
ENDTAB
  0
TABLE
  2
STYLE
  5
70
330
0
100
AcDbSymbolTable
 70
     2
  0
STYLE
  5
71
330
70
100
AcDbSymbolTableRecord
100
AcDbTextStyleTableRecord
  2
STANDARD
 70
     0
 40
0.0
 41
1.0
 50
0.0
 71
     0
 42
2.5
  3
arial.ttf
  4

  0
STYLE
  5
72
330
70
100
AcDbSymbolTableRecord
100
AcDbTextStyleTableRecord
  2
ANNOTATIVE
 70
     0
 40
0.0
 41
1.0
 50
0.0
 71
     0
 42
2.5
  3
arial.ttf
  4

  0
ENDTAB
  0
TABLE
  2
VIEW
  5
73
330
0
100
AcDbSymbolTable
 70
     0
  0
ENDTAB
  0
TABLE
  2
UCS
  5
74
330
0
100
AcDbSymbolTable
 70
     0
  0
ENDTAB
  0
TABLE
  2
APPID
  5
75
330
0
100
AcDbSymbolTable
 70
     2
  0
APPID
  5
76
330
75
100
AcDbSymbolTableRecord
100
AcDbRegAppTableRecord
  2
ACAD
 70
     0
  0
APPID
  5
77
330
75
100
AcDbSymbolTableRecord
100
AcDbRegAppTableRecord
  2
ACADANNOTATIVE
 70
     0
  0
ENDTAB
  0
TABLE
  2
DIMSTYLE
  5
78
330
0
100
AcDbSymbolTable
 70
     2
  0
DIMSTYLE
105
79
330
78
100
AcDbSymbolTableRecord
100
AcDbDimStyleTableRecord
  2
STANDARD
 70
     0
  3

  4

  5

  6

  7

 40
0.0
 41
2.5
 42
0.625
 43
3.75
 44
1.25
 45
0.0
 46
0.0
 47
0.0
 48
0.0
140
2.5
141
2.5
142
0.0
143
0.03937007874016
144
1.0
145
0.0
146
1.0
147
0.625
 71
     0
 72
     0
 73
     0
 74
     0
 75
     0
 76
     0
 77
     1
 78
     8
170
     0
171
     3
172
     1
173
     0
174
     0
175
     0
176
     0
177
     0
178
     0
270
     2
271
     2
272
     2
273
     2
274
     3
340
71
275
     0
280
     0
281
     0
282
     0
283
     0
284
     8
285
     0
286
     0
287
     3
288
     0
  0
ENDTAB
  0
TABLE
  2
BLOCK_RECORD
  5
A01
330
0
100
AcDbSymbolTable
  70
5
  0
BLOCK_RECORD
  5
A02
330
A01
100
AcDbSymbolTableRecord
100
AcDbBlockTableRecord
  2
*MODEL_SPACE
  0
BLOCK_RECORD
  5
A03
330
A01
100
AcDbSymbolTableRecord
100
AcDbBlockTableRecord
  2
*PAPER_SPACE
  0
BLOCK_RECORD
  5
C10
330
A01
100
AcDbSymbolTableRecord
100
AcDbBlockTableRecord
  2
*DimExtent011
  0
BLOCK_RECORD
  5
C1A
330
A01
100
AcDbSymbolTableRecord
100
AcDbBlockTableRecord
  2
*DimExtent012
  0
ENDTAB
  0
ENDSEC
  0
SECTION
  2
BLOCKS
  0
BLOCK
  5
A04
330
A02
100
AcDbEntity
  8
0
100
AcDbBlockBegin
  2
*MODEL_SPACE
 70
   0
 10
0
 20
0
 30
0
  3
*MODEL_SPACE
  1
 
  0
ENDBLK
  5
A05
330
A02
100
AcDbEntity
  8
0
100
AcDbBlockEnd
  0
BLOCK
  5
A06
330
A03
100
AcDbEntity
 67
1
  8
0
100
AcDbBlockBegin
  2
*PAPER_SPACE
 70
   0
 10
0
 20
0
 30
0
  3
*PAPER_SPACE
  1
 
  0
ENDBLK
  5
A07
330
A03
100
AcDbEntity
 67
    1
  8
0
100
AcDbBlockEnd
  0
BLOCK
  5
C11
330
C10
100
AcDbEntity
  8
DimExtent011
100
AcDbBlockBegin
  2
*DimExtent011
 70
   1
 10
0
 20
0
 30
0
  3
*DimExtent011
  1
 
  0
LINE
  5
C12
330
C10
100
AcDbEntity
  8
DimExtent011
100
AcDbLine
 10
329.799
 20
141.779
 30
0
 11
329.799
 21
145.433
 31
0
  0
LINE
  5
C13
330
C10
100
AcDbEntity
  8
DimExtent011
100
AcDbLine
 10
50.2008
 20
98.8477
 30
0
 11
50.2008
 21
145.433
 31
0
  0
LINE
  5
C14
330
C10
100
AcDbEntity
  8
DimExtent011
100
AcDbLine
 10
50.2008
 20
145.433
 30
0
 11
329.799
 21
145.433
 31
0
  0
TEXT
  5
C15
330
C10
100
AcDbEntity
  8
DimExtent011
100
AcDbText
 10
190.023
 20
150.375
 30
0
 40
3.5
  1
5592
  7
STANDARD
 72
1
 11
189.265
 21
145.433
 31
0
100
AcDbText
  0
SOLID
  5
C16
330
C10
100
AcDbEntity
  8
0
 62
     0
100
AcDbTrace
 10
45.2008
 20
145.85
 30
0
 11
45.2008
 21
145.016
 31
0
 12
50.2008
 22
145.433
 32
0
 13
50.2008
 23
145.433
 33
0
  0
SOLID
  5
C17
330
C10
100
AcDbEntity
  8
0
 62
     0
100
AcDbTrace
 10
334.799
 20
145.85
 30
0
 11
334.799
 21
145.016
 31
0
 12
329.799
 22
145.433
 32
0
 13
329.799
 23
145.433
 33
0
  0
ENDBLK
  5
C18
330
C10
100
AcDbEntity
  8
DimExtent011
100
AcDbBlockEnd
  0
BLOCK
  5
C1B
330
C1A
100
AcDbEntity
  8
DimExtent012
100
AcDbBlockBegin
  2
*DimExtent012
 70
   1
 10
0
 20
0
 30
0
  3
*DimExtent012
  1
 
  0
LINE
  5
C1C
330
C1A
100
AcDbEntity
  8
DimExtent012
100
AcDbLine
 10
126.703
 20
96.625
 30
0
 11
46.2818
 21
96.625
 31
0
  0
LINE
  5
C1D
330
C1A
100
AcDbEntity
  8
DimExtent012
100
AcDbLine
 10
187.203
 20
143.375
 30
0
 11
46.2818
 21
143.375
 31
0
  0
LINE
  5
C1E
330
C1A
100
AcDbEntity
  8
DimExtent012
100
AcDbLine
 10
46.2818
 20
143.375
 30
0
 11
46.2818
 21
96.625
 31
0
  0
TEXT
  5
C1F
330
C1A
100
AcDbEntity
  8
DimExtent012
100
AcDbText
 10
43.2246
 20
120
 30
0
 40
3.5
  1
935
  7
STANDARD
 72
1
 11
46.2818
 21
123.956
 31
0
100
AcDbText
  0
SOLID
  5
C20
330
C1A
100
AcDbEntity
  8
0
 62
     0
100
AcDbTrace
 10
45.8651
 20
148.375
 30
0
 11
46.6985
 21
148.375
 31
0
 12
46.2818
 22
143.375
 32
0
 13
46.2818
 23
143.375
 33
0
  0
SOLID
  5
C21
330
C1A
100
AcDbEntity
  8
0
 62
     0
100
AcDbTrace
 10
45.8651
 20
91.625
 30
0
 11
46.6985
 21
91.625
 31
0
 12
46.2818
 22
96.625
 32
0
 13
46.2818
 23
96.625
 33
0
  0
ENDBLK
  5
C22
330
C1A
100
AcDbEntity
  8
DimExtent012
100
AcDbBlockEnd
  0
ENDSEC
  0
SECTION
  2
ENTITIES
  0
SPLINE
  5
A08
330
A02
100
AcDbEntity
  8
S02_CL_Section_Top
100
AcDbSpline
210
0
220
0
230
1
 70
9
 71
3
 72
41
 73
37
 74
0
 40
0.000000000
 40
0.000000000
 40
0.000000000
 40
0.000000000
 40
0.056994161
 40
0.056994161
 40
0.056994161
 40
0.127354879
 40
0.127354879
 40
0.127354879
 40
0.250000000
 40
0.250000000
 40
0.250000000
 40
0.372645121
 40
0.372645121
 40
0.372645121
 40
0.443005839
 40
0.443005839
 40
0.443005839
 40
0.500000000
 40
0.500000000
 40
0.500000000
 40
0.556994161
 40
0.556994161
 40
0.556994161
 40
0.627354879
 40
0.627354879
 40
0.627354879
 40
0.750000000
 40
0.750000000
 40
0.750000000
 40
0.872645121
 40
0.872645121
 40
0.872645121
 40
0.943005839
 40
0.943005839
 40
0.943005839
 40
1.000000000
 40
1.000000000
 40
1.000000000
 40
1.000000000
 10
81.351673242
 20
226.250000000
 30
0.000000000
 10
81.351673242
 20
226.254794279
 30
0.000000000
 10
81.351673242
 20
226.235150040
 30
0.000000000
 10
81.351673242
 20
226.191067281
 30
0.000000000
 10
81.351673242
 20
226.134274609
 30
0.000000000
 10
81.351673242
 20
226.023426852
 30
0.000000000
 10
81.351673242
 20
225.879496556
 30
0.000000000
 10
81.351673242
 20
225.626315936
 30
0.000000000
 10
81.351673242
 20
225.304252561
 30
0.000000000
 10
81.351673242
 20
225.000000000
 30
0.000000000
 10
81.351673242
 20
224.695747062
 30
0.000000000
 10
81.351673242
 20
224.373684806
 30
0.000000000
 10
81.351673242
 20
224.120502919
 30
0.000000000
 10
81.351673242
 20
223.976572615
 30
0.000000000
 10
81.351673242
 20
223.865717599
 30
0.000000000
 10
81.351673242
 20
223.808951146
 30
0.000000000
 10
81.351673242
 20
223.761281553
 30
0.000000000
 10
81.351673242
 20
223.749310603
 30
0.000000000
 10
81.351673242
 20
223.750000000
 30
0.000000000
 10
81.351673242
 20
223.749310603
 30
0.000000000
 10
81.351673242
 20
223.761281553
 30
0.000000000
 10
81.351673242
 20
223.808951146
 30
0.000000000
 10
81.351673242
 20
223.865717599
 30
0.000000000
 10
81.351673242
 20
223.976572615
 30
0.000000000
 10
81.351673242
 20
224.120502919
 30
0.000000000
 10
81.351673242
 20
224.373684808
 30
0.000000000
 10
81.351673242
 20
224.695747059
 30
0.000000000
 10
81.351673242
 20
225.000000000
 30
0.000000000
 10
81.351673242
 20
225.304253317
 30
0.000000000
 10
81.351673242
 20
225.626314450
 30
0.000000000
 10
81.351673242
 20
225.879497606
 30
0.000000000
 10
81.351673242
 20
226.023427918
 30
0.000000000
 10
81.351673242
 20
226.134290194
 30
0.000000000
 10
81.351673242
 20
226.191030427
 30
0.000000000
 10
81.351673242
 20
226.239687033
 30
0.000000000
 10
81.351673242
 20
226.249184338
 30
0.000000000
 10
81.351673242
 20
226.250000000
 30
0.000000000
  0
SPLINE
  5
A09
330
A02
100
AcDbEntity
  8
S02_CL_Section_Top
100
AcDbSpline
210
0
220
0
230
1
 70
8
 71
3
 72
17
 73
13
 74
0
 40
0.000000000
 40
0.000000000
 40
0.000000000
 40
0.000000000
 40
0.250000000
 40
0.250000000
 40
0.250000000
 40
0.500000000
 40
0.500000000
 40
0.500000000
 40
0.750000000
 40
0.750000000
 40
0.750000000
 40
1.000000000
 40
1.000000000
 40
1.000000000
 40
1.000000000
 10
81.351673242
 20
226.250000000
 30
0.000000000
 10
83.561143989
 20
226.639089037
 30
0.000000000
 10
85.795415018
 20
226.908683362
 30
0.000000000
 10
88.014555840
 20
227.174315630
 30
0.000000000
 10
90.234770237
 20
227.437557633
 30
0.000000000
 10
92.439854427
 20
227.696837580
 30
0.000000000
 10
94.619938044
 20
228.000760696
 30
0.000000000
 10
96.801095236
 20
228.302293547
 30
0.000000000
 10
98.957251855
 20
228.648469568
 30
0.000000000
 10
101.108597660
 20
229.020966556
 30
0.000000000
 10
103.261017041
 20
229.391073280
 30
0.000000000
 10
105.408625607
 20
229.787500971
 30
0.000000000
 10
107.601673242
 20
230.125000000
 30
0.000000000
  0
SPLINE
  5
A0A
330
A02
100
AcDbEntity
  8
S02_CL_Section_Top
100
AcDbSpline
210
0
220
0
230
1
 70
9
 71
3
 72
65
 73
61
 74
0
 40
0.000000000
 40
0.000000000
 40
0.000000000
 40
0.000000000
 40
0.056994161
 40
0.056994161
 40
0.056994161
 40
0.091909742
 40
0.091909742
 40
0.091909742
 40
0.127354879
 40
0.127354879
 40
0.127354879
 40
0.187135375
 40
0.187135375
 40
0.187135375
 40
0.250000000
 40
0.250000000
 40
0.250000000
 40
0.312864625
 40
0.312864625
 40
0.312864625
 40
0.372645121
 40
0.372645121
 40
0.372645121
 40
0.408090258
 40
0.408090258
 40
0.408090258
 40
0.443005839
 40
0.443005839
 40
0.443005839
 40
0.500000000
 40
0.500000000
 40
0.500000000
 40
0.556994161
 40
0.556994161
 40
0.556994161
 40
0.591909742
 40
0.591909742
 40
0.591909742
 40
0.627354879
 40
0.627354879
 40
0.627354879
 40
0.687135375
 40
0.687135375
 40
0.687135375
 40
0.750000000
 40
0.750000000
 40
0.750000000
 40
0.812864625
 40
0.812864625
 40
0.812864625
 40
0.872645121
 40
0.872645121
 40
0.872645121
 40
0.908090258
 40
0.908090258
 40
0.908090258
 40
0.943005839
 40
0.943005839
 40
0.943005839
 40
1.000000000
 40
1.000000000
 40
1.000000000
 40
1.000000000
 10
107.601673242
 20
230.125000000
 30
0.000000000
 10
107.601673242
 20
230.128037404
 30
0.000000000
 10
107.601673242
 20
230.123665593
 30
0.000000000
 10
107.601673242
 20
229.956381798
 30
0.000000000
 10
107.601673242
 20
229.853945075
 30
0.000000000
 10
107.601673242
 20
229.685056496
 30
0.000000000
 10
107.601673242
 20
229.449716063
 30
0.000000000
 10
107.601673242
 20
229.212350635
 30
0.000000000
 10
107.601673242
 20
228.915128307
 30
0.000000000
 10
107.601673242
 20
228.596165414
 30
0.000000000
 10
107.601673242
 20
228.055647741
 30
0.000000000
 10
107.601673242
 20
227.462406663
 30
0.000000000
 10
107.601673242
 20
226.872778463
 30
0.000000000
 10
107.601673242
 20
226.249796398
 30
0.000000000
 10
107.601673242
 20
225.625536911
 30
0.000000000
 10
107.601673242
 20
225.000000000
 30
0.000000000
 10
107.601673242
 20
224.374463071
 30
0.000000000
 10
107.601673242
 20
223.750203590
 30
0.000000000
 10
107.601673242
 20
223.127221556
 30
0.000000000
 10
107.601673242
 20
222.537593133
 30
0.000000000
 10
107.601673242
 20
221.944352480
 30
0.000000000
 10
107.601673242
 20
221.403834586
 30
0.000000000
 10
107.601673242
 20
221.084868245
 30
0.000000000
 10
107.601673242
 20
220.787653909
 30
0.000000000
 10
107.601673242
 20
220.550283937
 30
0.000000000
 10
107.601673242
 20
220.314954180
 30
0.000000000
 10
107.601673242
 20
220.146065601
 30
0.000000000
 10
107.601673242
 20
220.043618202
 30
0.000000000
 10
107.601673242
 20
219.874915462
 30
0.000000000
 10
107.601673242
 20
219.874797540
 30
0.000000000
 10
107.601673242
 20
219.875000000
 30
0.000000000
 10
107.601673242
 20
219.874797540
 30
0.000000000
 10
107.601673242
 20
219.874915462
 30
0.000000000
 10
107.601673242
 20
220.043618202
 30
0.000000000
 10
107.601673242
 20
220.146065601
 30
0.000000000
 10
107.601673242
 20
220.314954180
 30
0.000000000
 10
107.601673242
 20
220.550283937
 30
0.000000000
 10
107.601673242
 20
220.787653909
 30
0.000000000
 10
107.601673242
 20
221.084868245
 30
0.000000000
 10
107.601673242
 20
221.403834586
 30
0.000000000
 10
107.601673242
 20
221.944352480
 30
0.000000000
 10
107.601673242
 20
222.537593133
 30
0.000000000
 10
107.601673242
 20
223.127221557
 30
0.000000000
 10
107.601673242
 20
223.750203584
 30
0.000000000
 10
107.601673242
 20
224.374463065
 30
0.000000000
 10
107.601673242
 20
225.000000000
 30
0.000000000
 10
107.601673242
 20
225.625536954
 30
0.000000000
 10
107.601673242
 20
226.249796428
 30
0.000000000
 10
107.601673242
 20
226.872778424
 30
0.000000000
 10
107.601673242
 20
227.462407071
 30
0.000000000
 10
107.601673242
 20
228.055647299
 30
0.000000000
 10
107.601673242
 20
228.596165414
 30
0.000000000
 10
107.601673242
 20
228.915135203
 30
0.000000000
 10
107.601673242
 20
229.212341546
 30
0.000000000
 10
107.601673242
 20
229.449716063
 30
0.000000000
 10
107.601673242
 20
229.685035144
 30
0.000000000
 10
107.601673242
 20
229.853923723
 30
0.000000000
 10
107.601673242
 20
229.956381798
 30
0.000000000
 10
107.601673242
 20
230.126503483
 30
0.000000000
 10
107.601673242
 20
230.122367516
 30
0.000000000
 10
107.601673242
 20
230.125000000
 30
0.000000000
  0
SPLINE
  5
A0B
330
A02
100
AcDbEntity
  8
S02_CL_Section_Top
100
AcDbSpline
210
0
220
0
230
1
 70
8
 71
3
 72
29
 73
25
 74
0
 40
0.000000000
 40
0.000000000
 40
0.000000000
 40
0.000000000
 40
0.125000000
 40
0.125000000
 40
0.125000000
 40
0.250000000
 40
0.250000000
 40
0.250000000
 40
0.375000000
 40
0.375000000
 40
0.375000000
 40
0.500000000
 40
0.500000000
 40
0.500000000
 40
0.625000000
 40
0.625000000
 40
0.625000000
 40
0.750000000
 40
0.750000000
 40
0.750000000
 40
0.875000000
 40
0.875000000
 40
0.875000000
 40
1.000000000
 40
1.000000000
 40
1.000000000
 40
1.000000000
 10
107.601673242
 20
230.125000000
 30
0.000000000
 10
109.677295894
 20
230.026675548
 30
0.000000000
 10
111.790610116
 20
230.353705855
 30
0.000000000
 10
113.912721242
 20
230.750812302
 30
0.000000000
 10
116.035517366
 20
231.154964707
 30
0.000000000
 10
118.167701916
 20
231.634117079
 30
0.000000000
 10
120.299560191
 20
232.030277631
 30
0.000000000
 10
122.431826189
 20
232.431176098
 30
0.000000000
 10
124.564357434
 20
232.754006571
 30
0.000000000
 10
126.698855464
 20
232.973438890
 30
0.000000000
 10
128.833483941
 20
233.195301083
 30
0.000000000
 10
130.970670724
 20
233.318688947
 30
0.000000000
 10
133.115769866
 20
233.386308747
 30
0.000000000
 10
135.260722180
 20
233.454050376
 30
0.000000000
 10
137.414178373
 20
233.470947765
 30
0.000000000
 10
139.577381285
 20
233.483118393
 30
0.000000000
 10
141.740160093
 20
233.493102807
 30
0.000000000
 10
143.913277141
 20
233.503284285
 30
0.000000000
 10
146.086100331
 20
233.498566316
 30
0.000000000
 10
148.258222140
 20
233.489354089
 30
0.000000000
 10
150.430641613
 20
233.470166240
 30
0.000000000
 10
152.573087985
 20
233.300067061
 30
0.000000000
 10
154.714555700
 20
233.123165582
 30
0.000000000
 10
156.826641837
 20
232.800276598
 30
0.000000000
 10
158.851673242
 20
232.000000000
 30
0.000000000
  0
SPLINE
  5
A0C
330
A02
100
AcDbEntity
  8
S02_CL_Section_Top
100
AcDbSpline
210
0
220
0
230
1
 70
8
 71
3
 72
44
 73
40
 74
0
 40
0.000000000
 40
0.000000000
 40
0.000000000
 40
0.000000000
 40
0.084762885
 40
0.084762885
 40
0.084762885
 40
0.127354879
 40
0.127354879
 40
0.127354879
 40
0.170789802
 40
0.170789802
 40
0.170789802
 40
0.250000000
 40
0.250000000
 40
0.250000000
 40
0.294748775
 40
0.294748775
 40
0.294748775
 40
0.341850257
 40
0.341850257
 40
0.341850257
 40
0.378289049
 40
0.378289049
 40
0.378289049
 40
0.424615148
 40
0.424615148
 40
0.424615148
 40
0.500000000
 40
0.500000000
 40
0.500000000
 40
0.554031832
 40
0.554031832
 40
0.554031832
 40
0.592417867
 40
0.592417867
 40
0.592417867
 40
0.635432780
 40
0.635432780
 40
0.635432780
 40
0.684528129
 40
0.684528129
 40
0.684528129
 40
0.684528129
 10
158.851673242
 20
232.000000000
 30
0.000000000
 10
158.851673242
 20
231.999676526
 30
0.000000000
 10
158.851673242
 20
232.002708658
 30
0.000000000
 10
158.851673242
 20
231.422488413
 30
0.000000000
 10
158.851673242
 20
231.135810300
 30
0.000000000
 10
158.851673242
 20
230.696927387
 30
0.000000000
 10
158.851673242
 20
230.162731744
 30
0.000000000
 10
158.851673242
 20
229.618826744
 30
0.000000000
 10
158.851673242
 20
228.993460232
 30
0.000000000
 10
158.851673242
 20
228.356975729
 30
0.000000000
 10
158.851673242
 20
227.189200376
 30
0.000000000
 10
158.851673242
 20
225.990442250
 30
0.000000000
 10
158.851673242
 20
224.802606402
 30
0.000000000
 10
158.851673242
 20
224.129846438
 30
0.000000000
 10
158.851673242
 20
223.458433955
 30
0.000000000
 10
158.851673242
 20
222.788368952
 30
0.000000000
 10
158.851673242
 20
222.084815218
 30
0.000000000
 10
158.851673242
 20
221.380206114
 30
0.000000000
 10
158.851673242
 20
220.719035367
 30
0.000000000
 10
158.851673242
 20
220.208940594
 30
0.000000000
 10
158.851673242
 20
219.727381583
 30
0.000000000
 10
158.851673242
 20
219.330244536
 30
0.000000000
 10
158.851673242
 20
218.821727507
 30
0.000000000
 10
158.851673242
 20
218.471511638
 30
0.000000000
 10
158.851673242
 20
218.279596929
 30
0.000000000
 10
158.851673242
 20
217.956718967
 30
0.000000000
 10
158.851673242
 20
218.015725327
 30
0.000000000
 10
158.851673242
 20
217.995445258
 30
0.000000000
 10
158.851673242
 20
217.984841979
 30
0.000000000
 10
158.851673242
 20
217.972041957
 30
0.000000000
 10
158.851673242
 20
218.057572954
 30
0.000000000
 10
158.851673242
 20
218.115136538
 30
0.000000000
 10
158.851673242
 20
218.236882894
 30
0.000000000
 10
158.851673242
 20
218.557009427
 30
0.000000000
 10
158.851673242
 20
218.910454152
 30
0.000000000
 10
158.851673242
 20
219.485814589
 30
0.000000000
 10
158.851673242
 20
220.088164312
 30
0.000000000
 10
158.851673242
 20
220.780903709
 30
0.000000000
 10
158.851673242
 20
221.517225756
 30
0.000000000
 10
158.851673242
 20
222.250000000
 30
0.000000000
  0
SPLINE
  5
A0D
330
A02
100
AcDbEntity
  8
S02_CL_Section_Top
100
AcDbSpline
210
0
220
0
230
1
 70
8
 71
3
 72
17
 73
13
 74
0
 40
0.806713999
 40
0.806713999
 40
0.806713999
 40
0.806713999
 40
0.852273134
 40
0.852273134
 40
0.852273134
 40
0.900807420
 40
0.900807420
 40
0.900807420
 40
0.943005839
 40
0.943005839
 40
0.943005839
 40
1.000000000
 40
1.000000000
 40
1.000000000
 40
1.000000000
 10
158.851673242
 20
227.750000000
 30
0.000000000
 10
158.851673242
 20
228.430401254
 30
0.000000000
 10
158.851673242
 20
229.112375609
 30
0.000000000
 10
158.851673242
 20
229.761793920
 30
0.000000000
 10
158.851673242
 20
230.447555229
 30
0.000000000
 10
158.851673242
 20
231.114302561
 30
0.000000000
 10
158.851673242
 20
231.490561130
 30
0.000000000
 10
158.851673242
 20
231.822739697
 30
0.000000000
 10
158.851673242
 20
231.916738608
 30
0.000000000
 10
158.851673242
 20
231.966248616
 30
0.000000000
 10
158.851673242
 20
232.033648758
 30
0.000000000
 10
158.851673242
 20
232.000460137
 30
0.000000000
 10
158.851673242
 20
232.000000000
 30
0.000000000
  0
SPLINE
  5
A0E
330
A02
100
AcDbEntity
  8
S02_CL_Section_Top
100
AcDbSpline
210
0
220
0
230
1
 70
9
 71
3
 72
65
 73
61
 74
0
 40
0.000000000
 40
0.000000000
 40
0.000000000
 40
0.000000000
 40
0.064068771
 40
0.064068771
 40
0.064068771
 40
0.098970122
 40
0.098970122
 40
0.098970122
 40
0.127354879
 40
0.127354879
 40
0.127354879
 40
0.190991681
 40
0.190991681
 40
0.190991681
 40
0.250000000
 40
0.250000000
 40
0.250000000
 40
0.316886449
 40
0.316886449
 40
0.316886449
 40
0.374872129
 40
0.374872129
 40
0.374872129
 40
0.409239001
 40
0.409239001
 40
0.409239001
 40
0.443005839
 40
0.443005839
 40
0.443005839
 40
0.500000000
 40
0.500000000
 40
0.500000000
 40
0.560535921
 40
0.560535921
 40
0.560535921
 40
0.592417867
 40
0.592417867
 40
0.592417867
 40
0.627354879
 40
0.627354879
 40
0.627354879
 40
0.690996041
 40
0.690996041
 40
0.690996041
 40
0.750000000
 40
0.750000000
 40
0.750000000
 40
0.816747725
 40
0.816747725
 40
0.816747725
 40
0.874592862
 40
0.874592862
 40
0.874592862
 40
0.908090258
 40
0.908090258
 40
0.908090258
 40
0.937210296
 40
0.937210296
 40
0.937210296
 40
1.000000000
 40
1.000000000
 40
1.000000000
 40
1.000000000
 10
107.601673242
 20
230.125000000
 30
0.000000000
 10
107.601673242
 20
230.128165676
 30
0.000000000
 10
107.601673242
 20
230.122956975
 30
0.000000000
 10
107.601673242
 20
229.885911701
 30
0.000000000
 10
107.601673242
 20
229.758233861
 30
0.000000000
 10
107.601673242
 20
229.557764698
 30
0.000000000
 10
107.601673242
 20
229.301083052
 30
0.000000000
 10
107.601673242
 20
229.089804127
 30
0.000000000
 10
107.601673242
 20
228.854831581
 30
0.000000000
 10
107.601673242
 20
228.596165414
 30
0.000000000
 10
107.601673242
 20
228.020389893
 30
0.000000000
 10
107.601673242
 20
227.386386233
 30
0.000000000
 10
107.601673242
 20
226.758255991
 30
0.000000000
 10
107.601673242
 20
226.172170661
 30
0.000000000
 10
107.601673242
 20
225.586085330
 30
0.000000000
 10
107.601673242
 20
225.000000000
 30
0.000000000
 10
107.601673242
 20
224.334291747
 30
0.000000000
 10
107.601673242
 20
223.670272052
 30
0.000000000
 10
107.601673242
 20
223.007940917
 30
0.000000000
 10
107.601673242
 20
222.436827722
 30
0.000000000
 10
107.601673242
 20
221.863238617
 30
0.000000000
 10
107.601673242
 20
221.343951605
 30
0.000000000
 10
107.601673242
 20
221.037597988
 30
0.000000000
 10
107.601673242
 20
220.753664132
 30
0.000000000
 10
107.601673242
 20
220.527419505
 30
0.000000000
 10
107.601673242
 20
220.303871443
 30
0.000000000
 10
107.601673242
 20
220.142604342
 30
0.000000000
 10
107.601673242
 20
220.043618202
 30
0.000000000
 10
107.601673242
 20
219.874915462
 30
0.000000000
 10
107.601673242
 20
219.874797540
 30
0.000000000
 10
107.601673242
 20
219.875000000
 30
0.000000000
 10
107.601673242
 20
219.874692226
 30
0.000000000
 10
107.601673242
 20
219.875108690
 30
0.000000000
 10
107.601673242
 20
220.076943464
 30
0.000000000
 10
107.601673242
 20
220.182737022
 30
0.000000000
 10
107.601673242
 20
220.343929285
 30
0.000000000
 10
107.601673242
 20
220.560520254
 30
0.000000000
 10
107.601673242
 20
220.796196908
 30
0.000000000
 10
107.601673242
 20
221.089430947
 30
0.000000000
 10
107.601673242
 20
221.403834586
 30
0.000000000
 10
107.601673242
 20
221.979650194
 30
0.000000000
 10
107.601673242
 20
222.613699677
 30
0.000000000
 10
107.601673242
 20
223.241873580
 30
0.000000000
 10
107.601673242
 20
223.827915720
 30
0.000000000
 10
107.601673242
 20
224.413957860
 30
0.000000000
 10
107.601673242
 20
225.000000000
 30
0.000000000
 10
107.601673242
 20
225.664321583
 30
0.000000000
 10
107.601673242
 20
226.326970847
 30
0.000000000
 10
107.601673242
 20
226.987947792
 30
0.000000000
 10
107.601673242
 20
227.557728405
 30
0.000000000
 10
107.601673242
 20
228.129928681
 30
0.000000000
 10
107.601673242
 20
228.648570476
 30
0.000000000
 10
107.601673242
 20
228.947562550
 30
0.000000000
 10
107.601673242
 20
229.225419099
 30
0.000000000
 10
107.601673242
 20
229.449716063
 30
0.000000000
 10
107.601673242
 20
229.646012890
 30
0.000000000
 10
107.601673242
 20
229.796032080
 30
0.000000000
 10
107.601673242
 20
229.899773632
 30
0.000000000
 10
107.601673242
 20
230.126168823
 30
0.000000000
 10
107.601673242
 20
230.122734137
 30
0.000000000
 10
107.601673242
 20
230.125000000
 30
0.000000000
  0
SPLINE
  5
A0F
330
A02
100
AcDbEntity
  8
S02_CL_Section_Top
100
AcDbSpline
210
0
220
0
230
1
 70
8
 71
2
 72
6
 73
3
 74
0
 40
0.000000000
 40
0.000000000
 40
0.000000000
 40
0.135338152
 40
0.135338152
 40
0.135338152
 10
128.101673242
 20
228.751360283
 30
0.000000000
 10
129.241109624
 20
229.389365895
 30
0.000000000
 10
130.446778764
 20
229.882103670
 30
0.000000000
  0
SPLINE
  5
A10
330
A02
100
AcDbEntity
  8
S02_CL_Section_Top
100
AcDbSpline
210
0
220
0
230
1
 70
8
 71
3
 72
8
 73
4
 74
0
 40
0.764867427
 40
0.764867427
 40
0.764867427
 40
0.764867427
 40
1.000000000
 40
1.000000000
 40
1.000000000
 40
1.000000000
 10
142.329788035
 20
230.936426183
 30
0.000000000
 10
143.800265328
 20
230.618099887
 30
0.000000000
 10
145.232598800
 20
230.134452176
 30
0.000000000
 10
146.601673242
 20
229.501503429
 30
0.000000000
  0
SPLINE
  5
A11
330
A02
100
AcDbEntity
  8
S02_CL_Section_Top
100
AcDbSpline
210
0
220
0
230
1
 70
8
 71
2
 72
6
 73
3
 74
0
 40
0.184921761
 40
0.184921761
 40
0.184921761
 40
0.362809850
 40
0.362809850
 40
0.362809850
 10
128.101673242
 20
221.250150594
 30
0.000000000
 10
128.101673242
 20
222.744020182
 30
0.000000000
 10
128.101673242
 20
224.250000000
 30
0.000000000
  0
SPLINE
  5
A12
330
A02
100
AcDbEntity
  8
S02_CL_Section_Top
100
AcDbSpline
210
0
220
0
230
1
 70
8
 71
2
 72
6
 73
3
 74
0
 40
0.451566078
 40
0.451566078
 40
0.451566078
 40
0.629545010
 40
0.629545010
 40
0.629545010
 10
128.101673242
 20
225.750000000
 30
0.000000000
 10
128.101673242
 20
227.256762988
 30
0.000000000
 10
128.101673242
 20
228.751360283
 30
0.000000000
  0
SPLINE
  5
A13
330
A02
100
AcDbEntity
  8
S02_CL_Section_Top
100
AcDbSpline
210
0
220
0
230
1
 70
8
 71
3
 72
8
 73
4
 74
0
 40
0.000000000
 40
0.000000000
 40
0.000000000
 40
0.000000000
 40
0.235933987
 40
0.235933987
 40
0.235933987
 40
0.235933987
 10
146.601673242
 20
220.500195028
 30
0.000000000
 10
145.227855425
 20
219.865337544
 30
0.000000000
 10
143.790384358
 20
219.380841043
 30
0.000000000
 10
142.314667230
 20
219.062624334
 30
0.000000000
  0
SPLINE
  5
A14
330
A02
100
AcDbEntity
  8
S02_CL_Section_Top
100
AcDbSpline
210
0
220
0
230
1
 70
8
 71
2
 72
6
 73
3
 74
0
 40
0.865075088
 40
0.865075088
 40
0.865075088
 40
1.000000000
 40
1.000000000
 40
1.000000000
 10
130.439558218
 20
220.122830711
 30
0.000000000
 10
129.237696276
 20
220.614288356
 30
0.000000000
 10
128.101673242
 20
221.250150594
 30
0.000000000
  0
LINE
  5
A15
330
A02
100
AcDbEntity
  8
S02_CL_Section_Top
100
AcDbLine
 10
133.851673242
 20
220.000000000
 30
0.000000000
 11
133.851673242
 21
222.328010582
 31
0.000000000
  0
LINE
  5
A16
330
A02
100
AcDbEntity
  8
S02_CL_Section_Top
100
AcDbLine
 10
133.851673242
 20
227.671989418
 30
0.000000000
 11
133.851673242
 21
230.000000000
 31
0.000000000
  0
LINE
  5
A17
330
A02
100
AcDbEntity
  8
S02_CL_Section_Top
100
AcDbLine
 10
145.601673242
 20
220.000000000
 30
0.000000000
 11
145.601673242
 21
223.125000000
 31
0.000000000
  0
LINE
  5
A18
330
A02
100
AcDbEntity
  8
S02_CL_Section_Top
100
AcDbLine
 10
145.601673242
 20
226.875000000
 30
0.000000000
 11
145.601673242
 21
230.000000000
 31
0.000000000
  0
LINE
  5
A19
330
A02
100
AcDbEntity
  8
S02_CL_Section_Top
100
AcDbLine
 10
133.851673242
 20
220.000000000
 30
0.000000000
 11
145.601673242
 21
220.000000000
 31
0.000000000
  0
LINE
  5
A1A
330
A02
100
AcDbEntity
  8
S02_CL_Section_Top
100
AcDbLine
 10
133.851673242
 20
230.000000000
 30
0.000000000
 11
145.601673242
 21
230.000000000
 31
0.000000000
  0
ELLIPSE
  5
A1B
330
A02
100
AcDbEntity
  8
S02_CL_Section_Top
100
AcDbEllipse
 10
124.268339908
 20
225.000000000
 30
0.000000000
 11
11.310332051
 21
0.000000000
 31
0.000000000
 40
0.287347886
 41
0.510845852
 42
0.638315659
  0
ELLIPSE
  5
A1C
330
A02
100
AcDbEntity
  8
S02_CL_Section_Top
100
AcDbEllipse
 10
132.601673242
 20
225.000000000
 30
0.000000000
 11
0.000000000
 21
-3.250000000
 31
0.000000000
 40
0.287347886
 41
-3.141592654
 42
-2.443861918
  0
ELLIPSE
  5
A1D
330
A02
100
AcDbEntity
  8
S02_CL_Section_Top
100
AcDbEllipse
 10
132.601673242
 20
225.000000000
 30
0.000000000
 11
0.000000000
 21
-3.250000000
 31
0.000000000
 40
0.287347886
 41
-4.074073322
 42
-3.141592654
  0
ELLIPSE
  5
A1E
330
A02
100
AcDbEntity
  8
S02_CL_Section_Top
100
AcDbEllipse
 10
133.320042956
 20
225.000000000
 30
0.000000000
 11
0.000000000
 21
-3.250000000
 31
0.000000000
 40
0.287347886
 41
-4.201543129
 42
-3.141592654
  0
LINE
  5
A1F
330
A02
100
AcDbEntity
  8
S02_CL_Section_Top
100
AcDbLine
 10
134.134696230
 20
226.588974675
 30
0.000000000
 11
134.134696230
 21
223.411025325
 31
0.000000000
  0
ELLIPSE
  5
A20
330
A02
100
AcDbEntity
  8
S02_CL_Section_Top
100
AcDbEllipse
 10
124.268339908
 20
225.000000000
 30
0.000000000
 11
11.310332051
 21
0.000000000
 31
0.000000000
 40
0.287347886
 41
5.644869649
 42
5.772339455
  0
LINE
  5
A21
330
A02
100
AcDbEntity
  8
S02_CL_Section_Top
100
AcDbLine
 10
133.351673242
 20
226.936491673
 30
0.000000000
 11
133.351673242
 21
223.063508327
 31
0.000000000
  0
LINE
  5
A22
330
A02
100
AcDbEntity
  8
S02_CL_Section_Top
100
AcDbLine
 10
132.001673242
 20
227.490481881
 30
0.000000000
 11
132.001673242
 21
222.509518119
 31
0.000000000
  0
ELLIPSE
  5
A23
330
A02
100
AcDbEntity
  8
S02_CL_Section_Top
100
AcDbEllipse
 10
132.601673242
 20
225.000000000
 30
0.000000000
 11
0.000000000
 21
-3.250000000
 31
0.000000000
 40
0.287347886
 41
-0.000000000
 42
-5.350704639
  0
ELLIPSE
  5
A24
330
A02
100
AcDbEntity
  8
S02_CL_Section_Top
100
AcDbEllipse
 10
132.601673242
 20
225.000000000
 30
0.000000000
 11
0.000000000
 21
-3.250000000
 31
0.000000000
 40
0.287347886
 41
-0.697730735
 42
-0.000000000
  0
ELLIPSE
  5
A25
330
A02
100
AcDbEntity
  8
S02_CL_Section_Top
100
AcDbEllipse
 10
133.320042956
 20
225.000000000
 30
0.000000000
 11
0.000000000
 21
-3.250000000
 31
0.000000000
 40
0.287347886
 41
-0.000000000
 42
-5.223234832
  0
SPLINE
  5
A26
330
A02
100
AcDbEntity
  8
S02_CL_Section_Top
100
AcDbSpline
210
0
220
0
230
1
 70
8
 71
2
 72
6
 73
3
 74
0
 40
4.421850394
 40
4.421850394
 40
4.421850394
 40
4.712388980
 40
4.712388980
 40
4.712388980
 10
141.011368240
 20
227.375000000
 30
0.000000000
 10
140.920384214
 20
227.375000000
 30
0.000000000
 10
140.919930819
 20
227.375000000
 30
0.000000000
  0
SPLINE
  5
A27
330
A02
100
AcDbEntity
  8
S02_CL_Section_Top
100
AcDbSpline
210
0
220
0
230
1
 70
8
 71
2
 72
6
 73
3
 74
0
 40
4.712388980
 40
4.712388980
 40
4.712388980
 40
5.125057862
 40
5.125057862
 40
5.125057862
 10
140.919930819
 20
227.375000000
 30
0.000000000
 10
140.921356503
 20
227.375000000
 30
0.000000000
 10
141.103079986
 20
227.375000000
 30
0.000000000
  0
ARC
  5
A28
330
A02
100
AcDbEntity
  8
S02_CL_Section_Top
100
AcDbCircle
 10
143.101673242
 20
225.000000000
 30
0.000000000
 40
3.104029639
100
AcDbArc
 50
130.081045541
 51
-130.081045541
  0
SPLINE
  5
A29
330
A02
100
AcDbEntity
  8
S02_CL_Section_Top
100
AcDbSpline
210
0
220
0
230
1
 70
8
 71
2
 72
6
 73
3
 74
0
 40
4.421850394
 40
4.421850394
 40
4.421850394
 40
4.712388980
 40
4.712388980
 40
4.712388980
 10
141.011368240
 20
222.625000000
 30
0.000000000
 10
140.920384214
 20
222.625000000
 30
0.000000000
 10
140.919930819
 20
222.625000000
 30
0.000000000
  0
SPLINE
  5
A2A
330
A02
100
AcDbEntity
  8
S02_CL_Section_Top
100
AcDbSpline
210
0
220
0
230
1
 70
8
 71
2
 72
6
 73
3
 74
0
 40
4.712388980
 40
4.712388980
 40
4.712388980
 40
5.125057862
 40
5.125057862
 40
5.125057862
 10
140.919930819
 20
222.625000000
 30
0.000000000
 10
140.921356503
 20
222.625000000
 30
0.000000000
 10
141.103079986
 20
222.625000000
 30
0.000000000
  0
SPLINE
  5
A2B
330
A02
100
AcDbEntity
  8
S02_CL_Section_Top
100
AcDbSpline
210
0
220
0
230
1
 70
8
 71
3
 72
11
 73
7
 74
0
 40
0.000000000
 40
0.000000000
 40
0.000000000
 40
0.000000000
 40
0.863099584
 40
0.863099584
 40
0.863099584
 40
1.726199168
 40
1.726199168
 40
1.726199168
 40
1.726199168
 10
144.716039211
 20
218.875000000
 30
0.000000000
 10
144.739641046
 20
218.707523677
 30
0.000000000
 10
144.814065352
 20
218.538463103
 30
0.000000000
 10
144.915090536
 20
218.428061369
 30
0.000000000
 10
145.015472261
 20
218.316205907
 30
0.000000000
 10
145.139798686
 20
218.265364322
 30
0.000000000
 10
145.245736609
 20
218.292551937
 30
0.000000000
  0
SPLINE
  5
A2C
330
A02
100
AcDbEntity
  8
S02_CL_Section_Top
100
AcDbSpline
210
0
220
0
230
1
 70
8
 71
3
 72
17
 73
13
 74
0
 40
1.726199168
 40
1.726199168
 40
1.726199168
 40
1.726199168
 40
2.511219679
 40
2.511219679
 40
2.511219679
 40
3.296240190
 40
3.296240190
 40
3.296240190
 40
4.081260701
 40
4.081260701
 40
4.081260701
 40
4.866281211
 40
4.866281211
 40
4.866281211
 40
4.866281211
 10
145.245736609
 20
218.292551937
 30
0.000000000
 10
145.342406147
 20
218.315817379
 30
0.000000000
 10
145.422560808
 20
218.402356963
 30
0.000000000
 10
145.463632718
 20
218.527510708
 30
0.000000000
 10
145.505468515
 20
218.651935829
 30
0.000000000
 10
145.507634386
 20
218.813267983
 30
0.000000000
 10
145.469523501
 20
218.965803321
 30
0.000000000
 10
145.432188713
 20
219.118529923
 30
0.000000000
 10
145.355119783
 20
219.260302980
 30
0.000000000
 10
145.260101671
 20
219.350972836
 30
0.000000000
 10
145.165424882
 20
219.442640828
 30
0.000000000
 10
145.054077302
 20
219.481955863
 30
0.000000000
 10
144.957609874
 20
219.457448063
 30
0.000000000
  0
SPLINE
  5
A2D
330
A02
100
AcDbEntity
  8
S02_CL_Section_Top
100
AcDbSpline
210
0
220
0
230
1
 70
8
 71
3
 72
11
 73
7
 74
0
 40
0.212020021
 40
0.212020021
 40
0.212020021
 40
0.212020021
 40
0.281318448
 40
0.281318448
 40
0.281318448
 40
0.379876742
 40
0.379876742
 40
0.379876742
 40
0.379876742
 10
128.252926551
 20
224.250000000
 30
0.000000000
 10
128.147485038
 20
224.249158681
 30
0.000000000
 10
128.060576177
 20
224.279507134
 30
0.000000000
 10
128.006412099
 20
224.326610754
 30
0.000000000
 10
127.927972771
 20
224.393904753
 30
0.000000000
 10
127.900022393
 20
224.486483820
 30
0.000000000
 10
127.892200768
 20
224.584833148
 30
0.000000000
  0
SPLINE
  5
A2E
330
A02
100
AcDbEntity
  8
S02_CL_Section_Top
100
AcDbSpline
210
0
220
0
230
1
 70
8
 71
3
 72
14
 73
10
 74
0
 40
0.379876742
 40
0.379876742
 40
0.379876742
 40
0.379876742
 40
0.468104732
 40
0.468104732
 40
0.468104732
 40
0.526121268
 40
0.526121268
 40
0.526121268
 40
0.620169479
 40
0.620169479
 40
0.620169479
 40
0.620169479
 10
127.892200768
 20
224.584833148
 30
0.000000000
 10
127.885163542
 20
224.673905414
 30
0.000000000
 10
127.898145591
 20
224.768301715
 30
0.000000000
 10
127.909952311
 20
224.876472425
 30
0.000000000
 10
127.918483171
 20
224.950721651
 30
0.000000000
 10
127.919181619
 20
225.025840760
 30
0.000000000
 10
127.912047655
 20
225.101829752
 30
0.000000000
 10
127.900278876
 20
225.219328690
 30
0.000000000
 10
127.884526513
 20
225.320136992
 30
0.000000000
 10
127.892200768
 20
225.415166852
 30
0.000000000
  0
SPLINE
  5
A2F
330
A02
100
AcDbEntity
  8
S02_CL_Section_Top
100
AcDbSpline
210
0
220
0
230
1
 70
8
 71
3
 72
11
 73
7
 74
0
 40
0.620169479
 40
0.620169479
 40
0.620169479
 40
0.620169479
 40
0.719160383
 40
0.719160383
 40
0.719160383
 40
0.788009006
 40
0.788009006
 40
0.788009006
 40
0.788009006
 10
127.892200768
 20
225.415166852
 30
0.000000000
 10
127.900063684
 20
225.513947194
 30
0.000000000
 10
127.928213715
 20
225.606947990
 30
0.000000000
 10
128.007478865
 20
225.674283060
 30
0.000000000
 10
128.061643456
 20
225.720894668
 30
0.000000000
 10
128.148188016
 20
225.750827857
 30
0.000000000
 10
128.252926551
 20
225.750000000
 30
0.000000000
  0
SPLINE
  5
A30
330
A02
100
AcDbEntity
  8
S02_CL_Section_Top
100
AcDbSpline
210
0
220
0
230
1
 70
8
 71
3
 72
11
 73
7
 74
0
 40
0.788009006
 40
0.788009006
 40
0.788009006
 40
0.788009006
 40
0.908562559
 40
0.908562559
 40
0.908562559
 40
1.000000000
 40
1.000000000
 40
1.000000000
 40
1.000000000
 10
128.252926551
 20
225.750000000
 30
0.000000000
 10
128.439772954
 20
225.747770601
 30
0.000000000
 10
128.621535263
 20
225.676505441
 30
0.000000000
 10
128.758108470
 20
225.640260324
 30
0.000000000
 10
128.865007632
 20
225.608999737
 30
0.000000000
 10
128.951101502
 20
225.597914239
 30
0.000000000
 10
129.016390080
 20
225.607003828
 30
0.000000000
  0
SPLINE
  5
A31
330
A02
100
AcDbEntity
  8
S02_CL_Section_Top
100
AcDbSpline
210
0
220
0
230
1
 70
8
 71
3
 72
11
 73
7
 74
0
 40
0.000000000
 40
0.000000000
 40
0.000000000
 40
0.000000000
 40
0.863099584
 40
0.863099584
 40
0.863099584
 40
1.726199168
 40
1.726199168
 40
1.726199168
 40
1.726199168
 10
144.716039211
 20
231.125000000
 30
0.000000000
 10
144.739641046
 20
231.292476323
 30
0.000000000
 10
144.814065352
 20
231.461536897
 30
0.000000000
 10
144.915090536
 20
231.571938631
 30
0.000000000
 10
145.015472261
 20
231.683794093
 30
0.000000000
 10
145.139798686
 20
231.734635678
 30
0.000000000
 10
145.245736609
 20
231.707448063
 30
0.000000000
  0
SPLINE
  5
A32
330
A02
100
AcDbEntity
  8
S02_CL_Section_Top
100
AcDbSpline
210
0
220
0
230
1
 70
8
 71
3
 72
17
 73
13
 74
0
 40
1.726199168
 40
1.726199168
 40
1.726199168
 40
1.726199168
 40
2.511219679
 40
2.511219679
 40
2.511219679
 40
3.296240190
 40
3.296240190
 40
3.296240190
 40
4.081260701
 40
4.081260701
 40
4.081260701
 40
4.866281211
 40
4.866281211
 40
4.866281211
 40
4.866281211
 10
145.245736609
 20
231.707448063
 30
0.000000000
 10
145.342406147
 20
231.684182621
 30
0.000000000
 10
145.422560808
 20
231.597643037
 30
0.000000000
 10
145.463632718
 20
231.472489292
 30
0.000000000
 10
145.505468515
 20
231.348064171
 30
0.000000000
 10
145.507634386
 20
231.186732017
 30
0.000000000
 10
145.469523501
 20
231.034196679
 30
0.000000000
 10
145.432188713
 20
230.881470077
 30
0.000000000
 10
145.355119783
 20
230.739697020
 30
0.000000000
 10
145.260101671
 20
230.649027164
 30
0.000000000
 10
145.165424882
 20
230.557359172
 30
0.000000000
 10
145.054077302
 20
230.518044137
 30
0.000000000
 10
144.957609874
 20
230.542551937
 30
0.000000000
  0
SPLINE
  5
A33
330
A02
100
AcDbEntity
  8
S02_CL_Section_Top
100
AcDbSpline
210
0
220
0
230
1
 70
8
 71
1
 72
4
 73
2
 74
0
 40
0.000000248
 40
0.000000248
 40
1.000000000
 40
1.000000000
 10
129.049117759
 20
225.614288937
 30
0.000000000
 10
129.016390080
 20
225.607003828
 30
0.000000000
  0
SPLINE
  5
A34
330
A02
100
AcDbEntity
  8
S02_CL_Section_Top
100
AcDbSpline
210
0
220
0
230
1
 70
8
 71
3
 72
17
 73
13
 74
0
 40
0.120378883
 40
0.120378883
 40
0.120378883
 40
0.120378883
 40
0.662084193
 40
0.662084193
 40
0.662084193
 40
0.750281966
 40
0.750281966
 40
0.750281966
 40
0.838479738
 40
0.838479738
 40
0.838479738
 40
0.942852822
 40
0.942852822
 40
0.942852822
 40
0.942852822
 10
129.049117759
 20
224.385711063
 30
0.000000000
 10
129.028964859
 20
224.589569775
 30
0.000000000
 10
129.018743898
 20
224.793554323
 30
0.000000000
 10
129.018454877
 20
224.997664710
 30
0.000000000
 10
129.018408595
 20
225.031327831
 30
0.000000000
 10
129.018801660
 20
225.094815776
 30
0.000000000
 10
129.020608009
 20
225.160647565
 30
0.000000000
 10
129.022385167
 20
225.227718565
 30
0.000000000
 10
129.025355123
 20
225.296180648
 30
0.000000000
 10
129.029517878
 20
225.366033812
 30
0.000000000
 10
129.034491378
 20
225.448853220
 30
0.000000000
 10
129.041024672
 20
225.531604928
 30
0.000000000
 10
129.049117759
 20
225.614288937
 30
0.000000000
  0
SPLINE
  5
A35
330
A02
100
AcDbEntity
  8
S02_CL_Section_Top
100
AcDbSpline
210
0
220
0
230
1
 70
8
 71
1
 72
4
 73
2
 74
0
 40
0.000000000
 40
0.000000000
 40
0.999999752
 40
0.999999752
 10
129.016390080
 20
224.392996172
 30
0.000000000
 10
129.049117759
 20
224.385711063
 30
0.000000000
  0
ELLIPSE
  5
A36
330
A02
100
AcDbEntity
  8
S02_CL_Section_Top
100
AcDbEllipse
 10
123.601673242
 20
225.000000000
 30
0.000000000
 11
0.000000000
 21
-0.750000000
 31
0.000000000
 40
0.749366358
 41
3.141592654
 42
0.000000000
  0
ELLIPSE
  5
A37
330
A02
100
AcDbEntity
  8
S02_CL_Section_Top
100
AcDbEllipse
 10
128.726673242
 20
225.000000000
 30
0.000000000
 11
0.000000000
 21
-0.750000000
 31
0.000000000
 40
0.749366358
 41
1.570796327
 42
2.388898118
  0
ELLIPSE
  5
A38
330
A02
100
AcDbEntity
  8
S02_CL_Section_Top
100
AcDbEllipse
 10
128.726673242
 20
225.000000000
 30
0.000000000
 11
0.000000000
 21
-0.750000000
 31
0.000000000
 40
0.749366358
 41
0.751955632
 42
1.570796327
  0
SPLINE
  5
A39
330
A02
100
AcDbEntity
  8
S02_CL_Section_Top
100
AcDbSpline
210
0
220
0
230
1
 70
8
 71
3
 72
23
 73
19
 74
0
 40
0.111787364
 40
0.111787364
 40
0.111787364
 40
0.111787364
 40
0.303912933
 40
0.303912933
 40
0.303912933
 40
0.405481639
 40
0.405481639
 40
0.405481639
 40
0.462710472
 40
0.462710472
 40
0.462710472
 40
0.488357785
 40
0.488357785
 40
0.488357785
 40
0.497135370
 40
0.497135370
 40
0.497135370
 40
0.507288422
 40
0.507288422
 40
0.507288422
 40
0.507288422
 10
85.601229307
 20
200.375000000
 30
0.000000000
 10
84.819298652
 20
200.375000000
 30
0.000000000
 10
84.021640995
 20
200.375000000
 30
0.000000000
 10
83.208256334
 20
200.375000000
 30
0.000000000
 10
82.777204247
 20
200.375000000
 30
0.000000000
 10
82.344991915
 20
200.375000000
 30
0.000000000
 10
81.911619337
 20
200.375000000
 30
0.000000000
 10
81.667429139
 20
200.375000000
 30
0.000000000
 10
81.427358841
 20
200.375000000
 30
0.000000000
 10
81.191408444
 20
200.375000000
 30
0.000000000
 10
81.085488653
 20
200.375000000
 30
0.000000000
 10
80.983693169
 20
200.375000000
 30
0.000000000
 10
80.886021995
 20
200.375000000
 30
0.000000000
 10
80.852872229
 20
200.375000000
 30
0.000000000
 10
80.821603338
 20
200.375000000
 30
0.000000000
 10
80.792215319
 20
200.375000000
 30
0.000000000
 10
80.759092961
 20
200.375000000
 30
0.000000000
 10
80.726999392
 20
200.375000000
 30
0.000000000
 10
80.725984885
 20
200.375000000
 30
0.000000000
  0
SPLINE
  5
A3A
330
A02
100
AcDbEntity
  8
S02_CL_Section_Top
100
AcDbSpline
210
0
220
0
230
1
 70
8
 71
3
 72
23
 73
19
 74
0
 40
0.507288422
 40
0.507288422
 40
0.507288422
 40
0.507288422
 40
0.518969229
 40
0.518969229
 40
0.518969229
 40
0.527575212
 40
0.527575212
 40
0.527575212
 40
0.552329641
 40
0.552329641
 40
0.552329641
 40
0.606497895
 40
0.606497895
 40
0.606497895
 40
0.701480410
 40
0.701480410
 40
0.701480410
 40
0.894332014
 40
0.894332014
 40
0.894332014
 40
0.894332014
 10
80.725984885
 20
200.375000000
 30
0.000000000
 10
80.727647832
 20
200.375000000
 30
0.000000000
 10
80.777424978
 20
200.375000000
 30
0.000000000
 10
80.821004041
 20
200.375000000
 30
0.000000000
 10
80.855661422
 20
200.375000000
 30
0.000000000
 10
80.890318804
 20
200.375000000
 30
0.000000000
 10
80.924976185
 20
200.375000000
 30
0.000000000
 10
81.027780750
 20
200.375000000
 30
0.000000000
 10
81.131888560
 20
200.375000000
 30
0.000000000
 10
81.237299614
 20
200.375000000
 30
0.000000000
 10
81.467882416
 20
200.375000000
 30
0.000000000
 10
81.698465218
 20
200.375000000
 30
0.000000000
 10
81.929048019
 20
200.375000000
 30
0.000000000
 10
82.333696473
 20
200.375000000
 30
0.000000000
 10
82.738344927
 20
200.375000000
 30
0.000000000
 10
83.142993381
 20
200.375000000
 30
0.000000000
 10
83.963924778
 20
200.375000000
 30
0.000000000
 10
84.783336753
 20
200.375000000
 30
0.000000000
 10
85.601229307
 20
200.375000000
 30
0.000000000
  0
SPLINE
  5
A3B
330
A02
100
AcDbEntity
  8
S02_CL_Section_Top
100
AcDbSpline
210
0
220
0
230
1
 70
8
 71
3
 72
23
 73
19
 74
0
 40
0.111787364
 40
0.111787364
 40
0.111787364
 40
0.111787364
 40
0.303912933
 40
0.303912933
 40
0.303912933
 40
0.405481639
 40
0.405481639
 40
0.405481639
 40
0.462710472
 40
0.462710472
 40
0.462710472
 40
0.488357785
 40
0.488357785
 40
0.488357785
 40
0.497135370
 40
0.497135370
 40
0.497135370
 40
0.507288422
 40
0.507288422
 40
0.507288422
 40
0.507288422
 10
85.601229307
 20
249.625000000
 30
0.000000000
 10
84.819298652
 20
249.625000000
 30
0.000000000
 10
84.021640995
 20
249.625000000
 30
0.000000000
 10
83.208256334
 20
249.625000000
 30
0.000000000
 10
82.777204247
 20
249.625000000
 30
0.000000000
 10
82.344991915
 20
249.625000000
 30
0.000000000
 10
81.911619337
 20
249.625000000
 30
0.000000000
 10
81.667429139
 20
249.625000000
 30
0.000000000
 10
81.427358841
 20
249.625000000
 30
0.000000000
 10
81.191408444
 20
249.625000000
 30
0.000000000
 10
81.085488653
 20
249.625000000
 30
0.000000000
 10
80.983693169
 20
249.625000000
 30
0.000000000
 10
80.886021995
 20
249.625000000
 30
0.000000000
 10
80.852872229
 20
249.625000000
 30
0.000000000
 10
80.821603338
 20
249.625000000
 30
0.000000000
 10
80.792215319
 20
249.625000000
 30
0.000000000
 10
80.759092961
 20
249.625000000
 30
0.000000000
 10
80.726999392
 20
249.625000000
 30
0.000000000
 10
80.725984885
 20
249.625000000
 30
0.000000000
  0
SPLINE
  5
A3C
330
A02
100
AcDbEntity
  8
S02_CL_Section_Top
100
AcDbSpline
210
0
220
0
230
1
 70
8
 71
3
 72
23
 73
19
 74
0
 40
0.507288422
 40
0.507288422
 40
0.507288422
 40
0.507288422
 40
0.518969229
 40
0.518969229
 40
0.518969229
 40
0.527575212
 40
0.527575212
 40
0.527575212
 40
0.552329641
 40
0.552329641
 40
0.552329641
 40
0.606497895
 40
0.606497895
 40
0.606497895
 40
0.701480410
 40
0.701480410
 40
0.701480410
 40
0.894332014
 40
0.894332014
 40
0.894332014
 40
0.894332014
 10
80.725984885
 20
249.625000000
 30
0.000000000
 10
80.727647832
 20
249.625000000
 30
0.000000000
 10
80.777424978
 20
249.625000000
 30
0.000000000
 10
80.821004041
 20
249.625000000
 30
0.000000000
 10
80.855661422
 20
249.625000000
 30
0.000000000
 10
80.890318804
 20
249.625000000
 30
0.000000000
 10
80.924976185
 20
249.625000000
 30
0.000000000
 10
81.027780750
 20
249.625000000
 30
0.000000000
 10
81.131888560
 20
249.625000000
 30
0.000000000
 10
81.237299614
 20
249.625000000
 30
0.000000000
 10
81.467882416
 20
249.625000000
 30
0.000000000
 10
81.698465218
 20
249.625000000
 30
0.000000000
 10
81.929048019
 20
249.625000000
 30
0.000000000
 10
82.333696473
 20
249.625000000
 30
0.000000000
 10
82.738344927
 20
249.625000000
 30
0.000000000
 10
83.142993381
 20
249.625000000
 30
0.000000000
 10
83.963924778
 20
249.625000000
 30
0.000000000
 10
84.783336753
 20
249.625000000
 30
0.000000000
 10
85.601229307
 20
249.625000000
 30
0.000000000
  0
SPLINE
  5
A3D
330
A02
100
AcDbEntity
  8
S02_CL_Section_Top
100
AcDbSpline
210
0
220
0
230
1
 70
8
 71
3
 72
23
 73
19
 74
0
 40
0.162143770
 40
0.162143770
 40
0.162143770
 40
0.162143770
 40
0.331139030
 40
0.331139030
 40
0.331139030
 40
0.426809779
 40
0.426809779
 40
0.426809779
 40
0.462710472
 40
0.462710472
 40
0.462710472
 40
0.488357785
 40
0.488357785
 40
0.488357785
 40
0.497135370
 40
0.497135370
 40
0.497135370
 40
0.508876114
 40
0.508876114
 40
0.508876114
 40
0.508876114
 10
88.224753079
 20
200.375000000
 30
0.000000000
 10
87.831298004
 20
200.375000000
 30
0.000000000
 10
87.419793600
 20
200.375000000
 30
0.000000000
 10
86.990239868
 20
200.375000000
 30
0.000000000
 10
86.745058025
 20
200.375000000
 30
0.000000000
 10
86.492774720
 20
200.375000000
 30
0.000000000
 10
86.233389953
 20
200.375000000
 30
0.000000000
 10
86.135714256
 20
200.375000000
 30
0.000000000
 10
86.038038560
 20
200.375000000
 30
0.000000000
 10
85.940362864
 20
200.375000000
 30
0.000000000
 10
85.870752304
 20
200.375000000
 30
0.000000000
 10
85.801141744
 20
200.375000000
 30
0.000000000
 10
85.731531184
 20
200.375000000
 30
0.000000000
 10
85.708664560
 20
200.375000000
 30
0.000000000
 10
85.685797936
 20
200.375000000
 30
0.000000000
 10
85.662931312
 20
200.375000000
 30
0.000000000
 10
85.634539663
 20
200.375000000
 30
0.000000000
 10
85.602272751
 20
200.375000000
 30
0.000000000
 10
85.601229307
 20
200.375000000
 30
0.000000000
  0
SPLINE
  5
A3E
330
A02
100
AcDbEntity
  8
S02_CL_Section_Top
100
AcDbSpline
210
0
220
0
230
1
 70
8
 71
3
 72
20
 73
16
 74
0
 40
0.508876114
 40
0.508876114
 40
0.508876114
 40
0.508876114
 40
0.527575212
 40
0.527575212
 40
0.527575212
 40
0.552329641
 40
0.552329641
 40
0.552329641
 40
0.586423404
 40
0.586423404
 40
0.586423404
 40
0.676034133
 40
0.676034133
 40
0.676034133
 40
0.856103003
 40
0.856103003
 40
0.856103003
 40
0.856103003
 10
85.601229307
 20
200.375000000
 30
0.000000000
 10
85.606252443
 20
200.375000000
 30
0.000000000
 10
85.659896486
 20
200.375000000
 30
0.000000000
 10
85.700221562
 20
200.375000000
 30
0.000000000
 10
85.759094072
 20
200.375000000
 30
0.000000000
 10
85.820140428
 20
200.375000000
 30
0.000000000
 10
85.883360630
 20
200.375000000
 30
0.000000000
 10
85.970858624
 20
200.375000000
 30
0.000000000
 10
86.058356619
 20
200.375000000
 30
0.000000000
 10
86.145854613
 20
200.375000000
 30
0.000000000
 10
86.378167485
 20
200.375000000
 30
0.000000000
 10
86.610480357
 20
200.375000000
 30
0.000000000
 10
86.842793229
 20
200.375000000
 30
0.000000000
 10
87.306711040
 20
200.375000000
 30
0.000000000
 10
87.767364323
 20
200.375000000
 30
0.000000000
 10
88.224753079
 20
200.375000000
 30
0.000000000
  0
SPLINE
  5
A3F
330
A02
100
AcDbEntity
  8
S02_CL_Section_Top
100
AcDbSpline
210
0
220
0
230
1
 70
8
 71
3
 72
23
 73
19
 74
0
 40
0.162143770
 40
0.162143770
 40
0.162143770
 40
0.162143770
 40
0.331139030
 40
0.331139030
 40
0.331139030
 40
0.426809779
 40
0.426809779
 40
0.426809779
 40
0.462710472
 40
0.462710472
 40
0.462710472
 40
0.488357785
 40
0.488357785
 40
0.488357785
 40
0.497135370
 40
0.497135370
 40
0.497135370
 40
0.508876114
 40
0.508876114
 40
0.508876114
 40
0.508876114
 10
88.224753079
 20
249.625000000
 30
0.000000000
 10
87.831298004
 20
249.625000000
 30
0.000000000
 10
87.419793600
 20
249.625000000
 30
0.000000000
 10
86.990239868
 20
249.625000000
 30
0.000000000
 10
86.745058025
 20
249.625000000
 30
0.000000000
 10
86.492774720
 20
249.625000000
 30
0.000000000
 10
86.233389953
 20
249.625000000
 30
0.000000000
 10
86.135714256
 20
249.625000000
 30
0.000000000
 10
86.038038560
 20
249.625000000
 30
0.000000000
 10
85.940362864
 20
249.625000000
 30
0.000000000
 10
85.870752304
 20
249.625000000
 30
0.000000000
 10
85.801141744
 20
249.625000000
 30
0.000000000
 10
85.731531184
 20
249.625000000
 30
0.000000000
 10
85.708664560
 20
249.625000000
 30
0.000000000
 10
85.685797936
 20
249.625000000
 30
0.000000000
 10
85.662931312
 20
249.625000000
 30
0.000000000
 10
85.634539663
 20
249.625000000
 30
0.000000000
 10
85.602272751
 20
249.625000000
 30
0.000000000
 10
85.601229307
 20
249.625000000
 30
0.000000000
  0
SPLINE
  5
A40
330
A02
100
AcDbEntity
  8
S02_CL_Section_Top
100
AcDbSpline
210
0
220
0
230
1
 70
8
 71
3
 72
20
 73
16
 74
0
 40
0.508876114
 40
0.508876114
 40
0.508876114
 40
0.508876114
 40
0.527575212
 40
0.527575212
 40
0.527575212
 40
0.552329641
 40
0.552329641
 40
0.552329641
 40
0.586423404
 40
0.586423404
 40
0.586423404
 40
0.676034133
 40
0.676034133
 40
0.676034133
 40
0.856103003
 40
0.856103003
 40
0.856103003
 40
0.856103003
 10
85.601229307
 20
249.625000000
 30
0.000000000
 10
85.606252443
 20
249.625000000
 30
0.000000000
 10
85.659896486
 20
249.625000000
 30
0.000000000
 10
85.700221562
 20
249.625000000
 30
0.000000000
 10
85.759094072
 20
249.625000000
 30
0.000000000
 10
85.820140428
 20
249.625000000
 30
0.000000000
 10
85.883360630
 20
249.625000000
 30
0.000000000
 10
85.970858624
 20
249.625000000
 30
0.000000000
 10
86.058356619
 20
249.625000000
 30
0.000000000
 10
86.145854613
 20
249.625000000
 30
0.000000000
 10
86.378167485
 20
249.625000000
 30
0.000000000
 10
86.610480357
 20
249.625000000
 30
0.000000000
 10
86.842793229
 20
249.625000000
 30
0.000000000
 10
87.306711040
 20
249.625000000
 30
0.000000000
 10
87.767364323
 20
249.625000000
 30
0.000000000
 10
88.224753079
 20
249.625000000
 30
0.000000000
  0
SPLINE
  5
A41
330
A02
100
AcDbEntity
  8
S02_CL_Section_Top
100
AcDbSpline
210
0
220
0
230
1
 70
8
 71
3
 72
23
 73
19
 74
0
 40
0.111118678
 40
0.111118678
 40
0.111118678
 40
0.111118678
 40
0.303912933
 40
0.303912933
 40
0.303912933
 40
0.405481639
 40
0.405481639
 40
0.405481639
 40
0.462710472
 40
0.462710472
 40
0.462710472
 40
0.488357785
 40
0.488357785
 40
0.488357785
 40
0.497135370
 40
0.497135370
 40
0.497135370
 40
0.510034349
 40
0.510034349
 40
0.510034349
 40
0.510034349
 10
90.472040348
 20
200.375000000
 30
0.000000000
 10
90.163089026
 20
200.375000000
 30
0.000000000
 10
89.830842918
 20
200.375000000
 30
0.000000000
 10
89.475302024
 20
200.375000000
 30
0.000000000
 10
89.286971012
 20
200.375000000
 30
0.000000000
 10
89.087667271
 20
200.375000000
 30
0.000000000
 10
88.877390801
 20
200.375000000
 30
0.000000000
 10
88.758962868
 20
200.375000000
 30
0.000000000
 10
88.637192988
 20
200.375000000
 30
0.000000000
 10
88.512081162
 20
200.375000000
 30
0.000000000
 10
88.455478466
 20
200.375000000
 30
0.000000000
 10
88.398875770
 20
200.375000000
 30
0.000000000
 10
88.342273074
 20
200.375000000
 30
0.000000000
 10
88.322968482
 20
200.375000000
 30
0.000000000
 10
88.303663890
 20
200.375000000
 30
0.000000000
 10
88.284359298
 20
200.375000000
 30
0.000000000
 10
88.257894692
 20
200.375000000
 30
0.000000000
 10
88.224740608
 20
200.375000000
 30
0.000000000
 10
88.224753079
 20
200.375000000
 30
0.000000000
  0
SPLINE
  5
A42
330
A02
100
AcDbEntity
  8
S02_CL_Section_Top
100
AcDbSpline
210
0
220
0
230
1
 70
8
 71
3
 72
20
 73
16
 74
0
 40
0.510034349
 40
0.510034349
 40
0.510034349
 40
0.510034349
 40
0.527575212
 40
0.527575212
 40
0.527575212
 40
0.552329641
 40
0.552329641
 40
0.552329641
 40
0.606497895
 40
0.606497895
 40
0.606497895
 40
0.701480410
 40
0.701480410
 40
0.701480410
 40
0.908144520
 40
0.908144520
 40
0.908144520
 40
0.908144520
 10
88.224753079
 20
200.375000000
 30
0.000000000
 10
88.227410291
 20
200.375000000
 30
0.000000000
 10
88.261756061
 20
200.375000000
 30
0.000000000
 10
88.289053866
 20
200.375000000
 30
0.000000000
 10
88.331450364
 20
200.375000000
 30
0.000000000
 10
88.376228955
 20
200.375000000
 30
0.000000000
 10
88.423389640
 20
200.375000000
 30
0.000000000
 10
88.526317265
 20
200.375000000
 30
0.000000000
 10
88.631067086
 20
200.375000000
 30
0.000000000
 10
88.737639103
 20
200.375000000
 30
0.000000000
 10
88.924354294
 20
200.375000000
 30
0.000000000
 10
89.109469783
 20
200.375000000
 30
0.000000000
 10
89.292985571
 20
200.375000000
 30
0.000000000
 10
89.691665691
 20
200.375000000
 30
0.000000000
 10
90.084683950
 20
200.375000000
 30
0.000000000
 10
90.472040348
 20
200.375000000
 30
0.000000000
  0
SPLINE
  5
A43
330
A02
100
AcDbEntity
  8
S02_CL_Section_Top
100
AcDbSpline
210
0
220
0
230
1
 70
8
 71
3
 72
17
 73
13
 74
0
 40
0.361413247
 40
0.361413247
 40
0.361413247
 40
0.361413247
 40
0.398892018
 40
0.398892018
 40
0.398892018
 40
0.500000000
 40
0.500000000
 40
0.500000000
 40
0.601107982
 40
0.601107982
 40
0.601107982
 40
0.638863004
 40
0.638863004
 40
0.638863004
 40
0.638863004
 10
90.030230587
 20
218.148878372
 30
0.000000000
 10
89.994897301
 20
218.765646826
 30
0.000000000
 10
89.954819790
 20
219.382687369
 30
0.000000000
 10
89.909998055
 20
220.000000000
 30
0.000000000
 10
89.788122010
 20
221.665348654
 30
0.000000000
 10
89.623959846
 20
223.332674327
 30
0.000000000
 10
89.623959846
 20
225.000000000
 30
0.000000000
 10
89.623959846
 20
226.667325673
 30
0.000000000
 10
89.788122010
 20
228.334651346
 30
0.000000000
 10
89.909998055
 20
230.000000000
 30
0.000000000
 10
89.955144869
 20
230.621862767
 30
0.000000000
 10
89.995485236
 20
231.243449416
 30
0.000000000
 10
90.031019157
 20
231.864759948
 30
0.000000000
  0
SPLINE
  5
A44
330
A02
100
AcDbEntity
  8
S02_CL_Section_Top
100
AcDbSpline
210
0
220
0
230
1
 70
8
 71
3
 72
23
 73
19
 74
0
 40
0.111118678
 40
0.111118678
 40
0.111118678
 40
0.111118678
 40
0.303912933
 40
0.303912933
 40
0.303912933
 40
0.405481639
 40
0.405481639
 40
0.405481639
 40
0.462710472
 40
0.462710472
 40
0.462710472
 40
0.488357785
 40
0.488357785
 40
0.488357785
 40
0.497135370
 40
0.497135370
 40
0.497135370
 40
0.510034349
 40
0.510034349
 40
0.510034349
 40
0.510034349
 10
90.472040348
 20
249.625000000
 30
0.000000000
 10
90.163089026
 20
249.625000000
 30
0.000000000
 10
89.830842918
 20
249.625000000
 30
0.000000000
 10
89.475302024
 20
249.625000000
 30
0.000000000
 10
89.286971012
 20
249.625000000
 30
0.000000000
 10
89.087667271
 20
249.625000000
 30
0.000000000
 10
88.877390801
 20
249.625000000
 30
0.000000000
 10
88.758962868
 20
249.625000000
 30
0.000000000
 10
88.637192988
 20
249.625000000
 30
0.000000000
 10
88.512081162
 20
249.625000000
 30
0.000000000
 10
88.455478466
 20
249.625000000
 30
0.000000000
 10
88.398875770
 20
249.625000000
 30
0.000000000
 10
88.342273074
 20
249.625000000
 30
0.000000000
 10
88.322968482
 20
249.625000000
 30
0.000000000
 10
88.303663890
 20
249.625000000
 30
0.000000000
 10
88.284359298
 20
249.625000000
 30
0.000000000
 10
88.257894692
 20
249.625000000
 30
0.000000000
 10
88.224740608
 20
249.625000000
 30
0.000000000
 10
88.224753079
 20
249.625000000
 30
0.000000000
  0
SPLINE
  5
A45
330
A02
100
AcDbEntity
  8
S02_CL_Section_Top
100
AcDbSpline
210
0
220
0
230
1
 70
8
 71
3
 72
20
 73
16
 74
0
 40
0.510034349
 40
0.510034349
 40
0.510034349
 40
0.510034349
 40
0.527575212
 40
0.527575212
 40
0.527575212
 40
0.552329641
 40
0.552329641
 40
0.552329641
 40
0.606497895
 40
0.606497895
 40
0.606497895
 40
0.701480410
 40
0.701480410
 40
0.701480410
 40
0.908144520
 40
0.908144520
 40
0.908144520
 40
0.908144520
 10
88.224753079
 20
249.625000000
 30
0.000000000
 10
88.227410291
 20
249.625000000
 30
0.000000000
 10
88.261756061
 20
249.625000000
 30
0.000000000
 10
88.289053866
 20
249.625000000
 30
0.000000000
 10
88.331450364
 20
249.625000000
 30
0.000000000
 10
88.376228955
 20
249.625000000
 30
0.000000000
 10
88.423389640
 20
249.625000000
 30
0.000000000
 10
88.526317265
 20
249.625000000
 30
0.000000000
 10
88.631067086
 20
249.625000000
 30
0.000000000
 10
88.737639103
 20
249.625000000
 30
0.000000000
 10
88.924354294
 20
249.625000000
 30
0.000000000
 10
89.109469783
 20
249.625000000
 30
0.000000000
 10
89.292985571
 20
249.625000000
 30
0.000000000
 10
89.691665691
 20
249.625000000
 30
0.000000000
 10
90.084683950
 20
249.625000000
 30
0.000000000
 10
90.472040348
 20
249.625000000
 30
0.000000000
  0
SPLINE
  5
A46
330
A02
100
AcDbEntity
  8
S02_CL_Section_Top
100
AcDbSpline
210
0
220
0
230
1
 70
8
 71
3
 72
23
 73
19
 74
0
 40
0.000000000
 40
0.000000000
 40
0.000000000
 40
0.000000000
 40
0.248621079
 40
0.248621079
 40
0.248621079
 40
0.382234349
 40
0.382234349
 40
0.382234349
 40
0.445960682
 40
0.445960682
 40
0.445960682
 40
0.476880725
 40
0.476880725
 40
0.476880725
 40
0.497135370
 40
0.497135370
 40
0.497135370
 40
0.511787678
 40
0.511787678
 40
0.511787678
 40
0.511787678
 10
92.364940218
 20
200.375000000
 30
0.000000000
 10
92.147709291
 20
200.375000000
 30
0.000000000
 10
91.892833804
 20
200.375000000
 30
0.000000000
 10
91.600313758
 20
200.375000000
 30
0.000000000
 10
91.445659267
 20
200.375000000
 30
0.000000000
 10
91.272692946
 20
200.375000000
 30
0.000000000
 10
91.081414795
 20
200.375000000
 30
0.000000000
 10
90.989585288
 20
200.375000000
 30
0.000000000
 10
90.892469035
 20
200.375000000
 30
0.000000000
 10
90.790066035
 20
200.375000000
 30
0.000000000
 10
90.740361759
 20
200.375000000
 30
0.000000000
 10
90.689018681
 20
200.375000000
 30
0.000000000
 10
90.636036803
 20
200.375000000
 30
0.000000000
 10
90.600375656
 20
200.375000000
 30
0.000000000
 10
90.564714510
 20
200.375000000
 30
0.000000000
 10
90.529053363
 20
200.375000000
 30
0.000000000
 10
90.504234840
 20
200.375000000
 30
0.000000000
 10
90.470347065
 20
200.375000000
 30
0.000000000
 10
90.472040348
 20
200.375000000
 30
0.000000000
  0
SPLINE
  5
A47
330
A02
100
AcDbEntity
  8
S02_CL_Section_Top
100
AcDbSpline
210
0
220
0
230
1
 70
8
 71
3
 72
20
 73
16
 74
0
 40
0.511787678
 40
0.511787678
 40
0.511787678
 40
0.511787678
 40
0.538710268
 40
0.538710268
 40
0.538710268
 40
0.568295958
 40
0.568295958
 40
0.568295958
 40
0.628287889
 40
0.628287889
 40
0.628287889
 40
0.755025134
 40
0.755025134
 40
0.755025134
 40
1.000000000
 40
1.000000000
 40
1.000000000
 40
1.000000000
 10
90.472040348
 20
200.375000000
 30
0.000000000
 10
90.477960145
 20
200.375000000
 30
0.000000000
 10
90.516184048
 20
200.375000000
 30
0.000000000
 10
90.546657933
 20
200.375000000
 30
0.000000000
 10
90.583150544
 20
200.375000000
 30
0.000000000
 10
90.621309844
 20
200.375000000
 30
0.000000000
 10
90.661135833
 20
200.375000000
 30
0.000000000
 10
90.742929543
 20
200.375000000
 30
0.000000000
 10
90.824723253
 20
200.375000000
 30
0.000000000
 10
90.906516964
 20
200.375000000
 30
0.000000000
 10
91.080805770
 20
200.375000000
 30
0.000000000
 10
91.251494218
 20
200.375000000
 30
0.000000000
 10
91.418582307
 20
200.375000000
 30
0.000000000
 10
91.744708871
 20
200.375000000
 30
0.000000000
 10
92.060161508
 20
200.375000000
 30
0.000000000
 10
92.364940218
 20
200.375000000
 30
0.000000000
  0
SPLINE
  5
A48
330
A02
100
AcDbEntity
  8
S02_CL_Section_Top
100
AcDbSpline
210
0
220
0
230
1
 70
8
 71
3
 72
35
 73
31
 74
0
 40
0.000000000
 40
0.000000000
 40
0.000000000
 40
0.000000000
 40
0.094589569
 40
0.094589569
 40
0.094589569
 40
0.196477778
 40
0.196477778
 40
0.196477778
 40
0.297996097
 40
0.297996097
 40
0.297996097
 40
0.399163739
 40
0.399163739
 40
0.399163739
 40
0.500000000
 40
0.500000000
 40
0.500000000
 40
0.600836261
 40
0.600836261
 40
0.600836261
 40
0.702003903
 40
0.702003903
 40
0.702003903
 40
0.803522222
 40
0.803522222
 40
0.803522222
 40
0.905410431
 40
0.905410431
 40
0.905410431
 40
1.000000000
 40
1.000000000
 40
1.000000000
 40
1.000000000
 10
92.364940218
 20
200.375000000
 30
0.000000000
 10
92.040281458
 20
201.926316983
 30
0.000000000
 10
92.165647974
 20
203.459050382
 30
0.000000000
 10
92.173549870
 20
205.000000000
 30
0.000000000
 10
92.182061486
 20
206.659851057
 30
0.000000000
 10
92.054281708
 20
208.329235197
 30
0.000000000
 10
91.958695222
 20
210.000000000
 30
0.000000000
 10
91.863455749
 20
211.664699353
 30
0.000000000
 10
91.800176247
 20
213.330769364
 30
0.000000000
 10
91.735861877
 20
215.000000000
 30
0.000000000
 10
91.671769671
 20
216.663464564
 30
0.000000000
 10
91.606649734
 20
218.330067957
 30
0.000000000
 10
91.505345483
 20
220.000000000
 30
0.000000000
 10
91.404373060
 20
221.664462081
 30
0.000000000
 10
91.267452982
 20
223.332231040
 30
0.000000000
 10
91.267452982
 20
225.000000000
 30
0.000000000
 10
91.267452982
 20
226.667768960
 30
0.000000000
 10
91.404373060
 20
228.335537919
 30
0.000000000
 10
91.505345483
 20
230.000000000
 30
0.000000000
 10
91.606649734
 20
231.669932043
 30
0.000000000
 10
91.671769671
 20
233.336535436
 30
0.000000000
 10
91.735861877
 20
235.000000000
 30
0.000000000
 10
91.800176247
 20
236.669230636
 30
0.000000000
 10
91.863455749
 20
238.335300647
 30
0.000000000
 10
91.958695222
 20
240.000000000
 30
0.000000000
 10
92.054281708
 20
241.670764803
 30
0.000000000
 10
92.182061486
 20
243.340148943
 30
0.000000000
 10
92.173549870
 20
245.000000000
 30
0.000000000
 10
92.165647974
 20
246.540949618
 30
0.000000000
 10
92.040281458
 20
248.073683017
 30
0.000000000
 10
92.364940218
 20
249.625000000
 30
0.000000000
  0
SPLINE
  5
A49
330
A02
100
AcDbEntity
  8
S02_CL_Section_Top
100
AcDbSpline
210
0
220
0
230
1
 70
8
 71
3
 72
23
 73
19
 74
0
 40
0.000000000
 40
0.000000000
 40
0.000000000
 40
0.000000000
 40
0.248621079
 40
0.248621079
 40
0.248621079
 40
0.382234349
 40
0.382234349
 40
0.382234349
 40
0.445960682
 40
0.445960682
 40
0.445960682
 40
0.476880725
 40
0.476880725
 40
0.476880725
 40
0.497135370
 40
0.497135370
 40
0.497135370
 40
0.511787678
 40
0.511787678
 40
0.511787678
 40
0.511787678
 10
92.364940218
 20
249.625000000
 30
0.000000000
 10
92.147709291
 20
249.625000000
 30
0.000000000
 10
91.892833804
 20
249.625000000
 30
0.000000000
 10
91.600313758
 20
249.625000000
 30
0.000000000
 10
91.445659267
 20
249.625000000
 30
0.000000000
 10
91.272692946
 20
249.625000000
 30
0.000000000
 10
91.081414795
 20
249.625000000
 30
0.000000000
 10
90.989585288
 20
249.625000000
 30
0.000000000
 10
90.892469035
 20
249.625000000
 30
0.000000000
 10
90.790066035
 20
249.625000000
 30
0.000000000
 10
90.740361759
 20
249.625000000
 30
0.000000000
 10
90.689018681
 20
249.625000000
 30
0.000000000
 10
90.636036803
 20
249.625000000
 30
0.000000000
 10
90.600375656
 20
249.625000000
 30
0.000000000
 10
90.564714510
 20
249.625000000
 30
0.000000000
 10
90.529053363
 20
249.625000000
 30
0.000000000
 10
90.504234840
 20
249.625000000
 30
0.000000000
 10
90.470347065
 20
249.625000000
 30
0.000000000
 10
90.472040348
 20
249.625000000
 30
0.000000000
  0
SPLINE
  5
A4A
330
A02
100
AcDbEntity
  8
S02_CL_Section_Top
100
AcDbSpline
210
0
220
0
230
1
 70
8
 71
3
 72
20
 73
16
 74
0
 40
0.511787678
 40
0.511787678
 40
0.511787678
 40
0.511787678
 40
0.538710268
 40
0.538710268
 40
0.538710268
 40
0.568295958
 40
0.568295958
 40
0.568295958
 40
0.628287889
 40
0.628287889
 40
0.628287889
 40
0.755025134
 40
0.755025134
 40
0.755025134
 40
1.000000000
 40
1.000000000
 40
1.000000000
 40
1.000000000
 10
90.472040348
 20
249.625000000
 30
0.000000000
 10
90.477960145
 20
249.625000000
 30
0.000000000
 10
90.516184048
 20
249.625000000
 30
0.000000000
 10
90.546657933
 20
249.625000000
 30
0.000000000
 10
90.583150544
 20
249.625000000
 30
0.000000000
 10
90.621309844
 20
249.625000000
 30
0.000000000
 10
90.661135833
 20
249.625000000
 30
0.000000000
 10
90.742929543
 20
249.625000000
 30
0.000000000
 10
90.824723253
 20
249.625000000
 30
0.000000000
 10
90.906516964
 20
249.625000000
 30
0.000000000
 10
91.080805770
 20
249.625000000
 30
0.000000000
 10
91.251494218
 20
249.625000000
 30
0.000000000
 10
91.418582307
 20
249.625000000
 30
0.000000000
 10
91.744708871
 20
249.625000000
 30
0.000000000
 10
92.060161508
 20
249.625000000
 30
0.000000000
 10
92.364940218
 20
249.625000000
 30
0.000000000
  0
SPLINE
  5
A4B
330
A02
100
AcDbEntity
  8
S02_CL_Section_Top
100
AcDbSpline
210
0
220
0
230
1
 70
8
 71
3
 72
17
 73
13
 74
0
 40
0.000000000
 40
0.000000000
 40
0.000000000
 40
0.000000000
 40
0.248785374
 40
0.248785374
 40
0.248785374
 40
0.500139075
 40
0.500139075
 40
0.500139075
 40
0.726262894
 40
0.726262894
 40
0.726262894
 40
1.000000000
 40
1.000000000
 40
1.000000000
 40
1.000000000
 10
146.101673242
 20
226.930876036
 30
0.000000000
 10
146.405071630
 20
226.763394067
 30
0.000000000
 10
146.594838542
 20
226.448008273
 30
0.000000000
 10
146.720890798
 20
226.104064991
 30
0.000000000
 10
146.848513033
 20
225.754691670
 30
0.000000000
 10
146.923374128
 20
225.374921392
 30
0.000000000
 10
146.920452653
 20
224.998793126
 30
0.000000000
 10
146.922804326
 20
224.660231856
 30
0.000000000
 10
146.862218697
 20
224.319422784
 30
0.000000000
 10
146.756991061
 20
223.999625779
 30
0.000000000
 10
146.630906977
 20
223.615116930
 30
0.000000000
 10
146.434340837
 20
223.252391138
 30
0.000000000
 10
146.101673242
 20
223.069198744
 30
0.000000000
  0
SPLINE
  5
A4C
330
A02
100
AcDbEntity
  8
S02_CL_Section_Top
100
AcDbSpline
210
0
220
0
230
1
 70
8
 71
3
 72
14
 73
10
 74
0
 40
0.000000000
 40
0.000000000
 40
0.000000000
 40
0.000000000
 40
0.081584850
 40
0.081584850
 40
0.081584850
 40
0.125354666
 40
0.125354666
 40
0.125354666
 40
0.171069885
 40
0.171069885
 40
0.171069885
 40
0.171069885
 10
146.101673242
 20
228.500000000
 30
0.000000000
 10
146.101673242
 20
228.503827804
 30
0.000000000
 10
146.101673242
 20
228.474260876
 30
0.000000000
 10
146.101673242
 20
228.275205176
 30
0.000000000
 10
146.101673242
 20
228.170890355
 30
0.000000000
 10
146.101673242
 20
228.010612298
 30
0.000000000
 10
146.101673242
 20
227.794371003
 30
0.000000000
 10
146.101673242
 20
227.567662024
 30
0.000000000
 10
146.101673242
 20
227.270889741
 30
0.000000000
 10
146.101673242
 20
226.930876036
 30
0.000000000
  0
SPLINE
  5
A4D
330
A02
100
AcDbEntity
  8
S02_CL_Section_Top
100
AcDbSpline
210
0
220
0
230
1
 70
8
 71
3
 72
26
 73
22
 74
0
 40
0.000000000
 40
0.000000000
 40
0.000000000
 40
0.000000000
 40
0.125000000
 40
0.125000000
 40
0.125000000
 40
0.250000000
 40
0.250000000
 40
0.250000000
 40
0.375000000
 40
0.375000000
 40
0.375000000
 40
0.500000000
 40
0.500000000
 40
0.500000000
 40
0.750000000
 40
0.750000000
 40
0.750000000
 40
0.875000000
 40
0.875000000
 40
0.875000000
 40
1.000000000
 40
1.000000000
 40
1.000000000
 40
1.000000000
 10
146.101673242
 20
228.500000000
 30
0.000000000
 10
147.822419662
 20
229.264603416
 30
0.000000000
 10
149.844023911
 20
229.765550118
 30
0.000000000
 10
151.983958230
 20
230.105767499
 30
0.000000000
 10
154.126931595
 20
230.444583808
 30
0.000000000
 10
156.390035765
 20
230.621852012
 30
0.000000000
 10
158.675836260
 20
230.701269505
 30
0.000000000
 10
160.963831707
 20
230.779669732
 30
0.000000000
 10
163.276324214
 20
230.759400463
 30
0.000000000
 10
165.577337953
 20
230.675675646
 30
0.000000000
 10
167.879394516
 20
230.588404526
 30
0.000000000
 10
170.172697147
 20
230.445597601
 30
0.000000000
 10
172.457245845
 20
230.247254871
 30
0.000000000
 10
177.026174260
 20
229.856578970
 30
0.000000000
 10
181.578966557
 20
229.272464097
 30
0.000000000
 10
186.220323460
 20
228.587380922
 30
0.000000000
 10
188.538358471
 20
228.245954753
 30
0.000000000
 10
190.876595836
 20
227.880004602
 30
0.000000000
 10
193.208548092
 20
227.518276172
 30
0.000000000
 10
195.538474831
 20
227.157449504
 30
0.000000000
 10
197.863917193
 20
226.800025771
 30
0.000000000
 10
200.101673242
 20
226.500000000
 30
0.000000000
  0
SPLINE
  5
A4E
330
A02
100
AcDbEntity
  8
S02_CL_Section_Top
100
AcDbSpline
210
0
220
0
230
1
 70
8
 71
3
 72
23
 73
19
 74
0
 40
0.328926757
 40
0.328926757
 40
0.328926757
 40
0.328926757
 40
0.374645334
 40
0.374645334
 40
0.374645334
 40
0.418415150
 40
0.418415150
 40
0.418415150
 40
0.500000000
 40
0.500000000
 40
0.500000000
 40
0.581584850
 40
0.581584850
 40
0.581584850
 40
0.624691963
 40
0.624691963
 40
0.624691963
 40
0.665641257
 40
0.665641257
 40
0.665641257
 40
0.665641257
 10
146.101673242
 20
223.069198744
 30
0.000000000
 10
146.101673242
 20
222.729155280
 30
0.000000000
 10
146.101673242
 20
222.432352134
 30
0.000000000
 10
146.101673242
 20
222.205630289
 30
0.000000000
 10
146.101673242
 20
221.989372142
 30
0.000000000
 10
146.101673242
 20
221.829101617
 30
0.000000000
 10
146.101673242
 20
221.724818712
 30
0.000000000
 10
146.101673242
 20
221.524452912
 30
0.000000000
 10
146.101673242
 20
221.498174005
 30
0.000000000
 10
146.101673242
 20
221.500000000
 30
0.000000000
 10
146.101673242
 20
221.498174005
 30
0.000000000
 10
146.101673242
 20
221.524452912
 30
0.000000000
 10
146.101673242
 20
221.724818712
 30
0.000000000
 10
146.101673242
 20
221.827572877
 30
0.000000000
 10
146.101673242
 20
221.984558660
 30
0.000000000
 10
146.101673242
 20
222.195776062
 30
0.000000000
 10
146.101673242
 20
222.400203112
 30
0.000000000
 10
146.101673242
 20
222.651611091
 30
0.000000000
 10
146.101673242
 20
222.950000000
 30
0.000000000
  0
SPLINE
  5
A4F
330
A02
100
AcDbEntity
  8
S02_CL_Section_Top
100
AcDbSpline
210
0
220
0
230
1
 70
8
 71
3
 72
17
 73
13
 74
0
 40
0.000000000
 40
0.000000000
 40
0.000000000
 40
0.000000000
 40
0.208487421
 40
0.208487421
 40
0.208487421
 40
0.502598687
 40
0.502598687
 40
0.502598687
 40
0.750648429
 40
0.750648429
 40
0.750648429
 40
0.991334924
 40
0.991334924
 40
0.991334924
 40
0.991334924
 10
152.601673242
 20
224.123634203
 30
0.000000000
 10
152.205632223
 20
224.121548324
 30
0.000000000
 10
151.807852104
 20
224.113879228
 30
0.000000000
 10
151.408332883
 20
224.100626915
 30
0.000000000
 10
150.842640528
 20
224.080973359
 30
0.000000000
 10
150.283867775
 20
224.035444499
 30
0.000000000
 10
149.732014624
 20
223.964040336
 30
0.000000000
 10
149.268737318
 20
223.904781553
 30
0.000000000
 10
148.816549344
 20
223.829498299
 30
0.000000000
 10
148.378199464
 20
223.764845200
 30
0.000000000
 10
147.951905467
 20
223.700073116
 30
0.000000000
 10
147.540591628
 20
223.654425884
 30
0.000000000
 10
147.144257948
 20
223.627903504
 30
0.000000000
  0
SPLINE
  5
A50
330
A02
100
AcDbEntity
  8
S02_CL_Section_Top
100
AcDbSpline
210
0
220
0
230
1
 70
8
 71
1
 72
4
 73
2
 74
0
 40
0.991334924
 40
0.991334924
 40
1.000000000
 40
1.000000000
 10
147.144257948
 20
223.627903504
 30
0.000000000
 10
147.101673242
 20
223.625052521
 30
0.000000000
  0
SPLINE
  5
A51
330
A02
100
AcDbEntity
  8
S02_CL_Section_Top
100
AcDbSpline
210
0
220
0
230
1
 70
8
 71
1
 72
4
 73
2
 74
0
 40
0.000000000
 40
0.000000000
 40
0.014834474
 40
0.014834474
 10
147.144257977
 20
226.372096495
 30
0.000000000
 10
147.216900098
 20
226.367411979
 30
0.000000000
  0
SPLINE
  5
A52
330
A02
100
AcDbEntity
  8
S02_CL_Section_Top
100
AcDbSpline
210
0
220
0
230
1
 70
8
 71
3
 72
14
 73
10
 74
0
 40
0.014834474
 40
0.014834474
 40
0.014834474
 40
0.014834474
 40
0.495311396
 40
0.495311396
 40
0.495311396
 40
0.792174627
 40
0.792174627
 40
0.792174627
 40
1.000000000
 40
1.000000000
 40
1.000000000
 40
1.000000000
 10
147.216900098
 20
226.367411979
 30
0.000000000
 10
148.004802456
 20
226.317289530
 30
0.000000000
 10
148.855251500
 20
226.149260377
 30
0.000000000
 10
149.744798534
 20
226.034319803
 30
0.000000000
 10
150.297225574
 20
225.963270241
 30
0.000000000
 10
150.856450539
 20
225.918114995
 30
0.000000000
 10
151.422473430
 20
225.898854064
 30
0.000000000
 10
151.817252170
 20
225.885958004
 30
0.000000000
 10
152.210318774
 20
225.878461111
 30
0.000000000
 10
152.601673242
 20
225.876363388
 30
0.000000000
  0
SPLINE
  5
A53
330
A02
100
AcDbEntity
  8
S02_CL_Section_Top
100
AcDbSpline
210
0
220
0
230
1
 70
8
 71
1
 72
4
 73
2
 74
0
 40
0.000000000
 40
0.000000000
 40
1.000000000
 40
1.000000000
 10
147.101673242
 20
226.374667213
 30
0.000000000
 10
147.144257977
 20
226.372096495
 30
0.000000000
  0
SPLINE
  5
A54
330
A02
100
AcDbEntity
  8
S02_CL_Section_Top
100
AcDbSpline
210
0
220
0
230
1
 70
8
 71
1
 72
4
 73
2
 74
0
 40
0.000000000
 40
0.000000000
 40
1.000000000
 40
1.000000000
 10
169.811093288
 20
225.100000000
 30
0.000000000
 10
169.811093261
 20
224.900000000
 30
0.000000000
  0
SPLINE
  5
A55
330
A02
100
AcDbEntity
  8
S02_CL_Section_Top
100
AcDbSpline
210
0
220
0
230
1
 70
8
 71
3
 72
11
 73
7
 74
0
 40
185.683719848
 40
185.683719848
 40
185.683719848
 40
185.683719848
 40
209.101427527
 40
209.101427527
 40
209.101427527
 40
238.108714734
 40
238.108714734
 40
238.108714734
 40
238.108714734
 10
150.101673242
 20
223.250000000
 30
0.000000000
 10
150.101673242
 20
223.246598631
 30
0.000000000
 10
150.101673242
 20
223.304696598
 30
0.000000000
 10
150.101673242
 20
223.424293901
 30
0.000000000
 10
150.101673242
 20
223.570271593
 30
0.000000000
 10
150.101673242
 20
223.783888960
 30
0.000000000
 10
150.101673242
 20
224.007932581
 30
0.000000000
  0
SPLINE
  5
A56
330
A02
100
AcDbEntity
  8
S02_CL_Section_Top
100
AcDbSpline
210
0
220
0
230
1
 70
8
 71
3
 72
14
 73
10
 74
0
 40
318.942437536
 40
318.942437536
 40
318.942437536
 40
318.942437536
 40
347.949732017
 40
347.949732017
 40
347.949732017
 40
362.997914515
 40
362.997914515
 40
362.997914515
 40
371.367439696
 40
371.367439696
 40
371.367439696
 40
371.367439696
 10
150.101673242
 20
225.992066866
 30
0.000000000
 10
150.101673242
 20
226.216103832
 30
0.000000000
 10
150.101673242
 20
226.429738124
 30
0.000000000
 10
150.101673242
 20
226.575706099
 30
0.000000000
 10
150.101673242
 20
226.652339751
 30
0.000000000
 10
150.101673242
 20
226.703905137
 30
0.000000000
 10
150.101673242
 20
226.730402259
 30
0.000000000
 10
150.101673242
 20
226.742984569
 30
0.000000000
 10
150.101673242
 20
226.749517150
 30
0.000000000
 10
150.101673242
 20
226.750000000
 30
0.000000000
  0
SPLINE
  5
A57
330
A02
100
AcDbEntity
  8
S02_CL_Section_Top
100
AcDbSpline
210
0
220
0
230
1
 70
8
 71
3
 72
17
 73
13
 74
0
 40
0.069280163
 40
0.069280163
 40
0.069280163
 40
0.069280163
 40
0.206509322
 40
0.206509322
 40
0.206509322
 40
0.358847015
 40
0.358847015
 40
0.358847015
 40
0.495486268
 40
0.495486268
 40
0.495486268
 40
0.642589691
 40
0.642589691
 40
0.642589691
 40
0.642589691
 10
146.101673242
 20
226.930876036
 30
0.000000000
 10
146.101673242
 20
226.763973247
 30
0.000000000
 10
146.101673242
 20
226.450010577
 30
0.000000000
 10
146.101673242
 20
226.124970175
 30
0.000000000
 10
146.101673242
 20
225.759363530
 30
0.000000000
 10
146.101673242
 20
225.366085510
 30
0.000000000
 10
146.101673242
 20
224.978195150
 30
0.000000000
 10
146.101673242
 20
224.630037915
 30
0.000000000
 10
146.101673242
 20
224.278514007
 30
0.000000000
 10
146.101673242
 20
223.946983755
 30
0.000000000
 10
146.101673242
 20
223.594940817
 30
0.000000000
 10
146.101673242
 20
223.249243603
 30
0.000000000
 10
146.101673242
 20
223.069198744
 30
0.000000000
  0
SPLINE
  5
A58
330
A02
100
AcDbEntity
  8
S02_CL_Section_Top
100
AcDbSpline
210
0
220
0
230
1
 70
8
 71
3
 72
11
 73
7
 74
0
 40
26.834786145
 40
26.834786145
 40
26.834786145
 40
26.834786145
 40
69.039199433
 40
69.039199433
 40
69.039199433
 40
111.243520887
 40
111.243520887
 40
111.243520887
 40
111.243520887
 10
152.601673242
 20
225.876363388
 30
0.000000000
 10
152.601673242
 20
225.725859780
 30
0.000000000
 10
152.601673242
 20
225.349638272
 30
0.000000000
 10
152.601673242
 20
225.000000000
 30
0.000000000
 10
152.601673242
 20
224.650360110
 30
0.000000000
 10
152.601673242
 20
224.274146559
 30
0.000000000
 10
152.601673242
 20
224.123634203
 30
0.000000000
  0
SPLINE
  5
A59
330
A02
100
AcDbEntity
  8
S02_CL_Section_Top
100
AcDbSpline
210
0
220
0
230
1
 70
8
 71
1
 72
4
 73
2
 74
0
 40
0.000000000
 40
0.000000000
 40
1.221753140
 40
1.221753140
 10
147.101673242
 20
226.375000000
 30
0.000000000
 10
147.101673242
 20
226.375271724
 30
0.000000000
  0
SPLINE
  5
A5A
330
A02
100
AcDbEntity
  8
S02_CL_Section_Top
100
AcDbSpline
210
0
220
0
230
1
 70
8
 71
3
 72
23
 73
19
 74
0
 40
1.221753140
 40
1.221753140
 40
1.221753140
 40
1.221753140
 40
17.120720768
 40
17.120720768
 40
17.120720768
 40
37.756083360
 40
37.756083360
 40
37.756083360
 40
81.328556002
 40
81.328556002
 40
81.328556002
 40
124.901028643
 40
124.901028643
 40
124.901028643
 40
145.536391235
 40
145.536391235
 40
145.536391235
 40
162.657112003
 40
162.657112003
 40
162.657112003
 40
162.657112003
 10
147.101673242
 20
226.375271724
 30
0.000000000
 10
147.101673242
 20
226.376996451
 30
0.000000000
 10
147.101673242
 20
226.358134449
 30
0.000000000
 10
147.101673242
 20
226.318685719
 30
0.000000000
 10
147.101673242
 20
226.262929123
 30
0.000000000
 10
147.101673242
 20
226.166729255
 30
0.000000000
 10
147.101673242
 20
226.030086115
 30
0.000000000
 10
147.101673242
 20
225.743103659
 30
0.000000000
 10
147.101673242
 20
225.358428359
 30
0.000000000
 10
147.101673242
 20
225.000000000
 30
0.000000000
 10
147.101673242
 20
224.641571760
 30
0.000000000
 10
147.101673242
 20
224.256896186
 30
0.000000000
 10
147.101673242
 20
223.969913885
 30
0.000000000
 10
147.101673242
 20
223.833275438
 30
0.000000000
 10
147.101673242
 20
223.737075571
 30
0.000000000
 10
147.101673242
 20
223.681314281
 30
0.000000000
 10
147.101673242
 20
223.635793620
 30
0.000000000
 10
147.101673242
 20
223.624407208
 30
0.000000000
 10
147.101673242
 20
223.625000000
 30
0.000000000
  0
SPLINE
  5
A5B
330
A02
100
AcDbEntity
  8
S02_CL_Section_Top
100
AcDbSpline
210
0
220
0
230
1
 70
8
 71
1
 72
4
 73
2
 74
0
 40
162.657112003
 40
162.657112003
 40
163.383166708
 40
163.383166708
 10
147.101673242
 20
223.625000000
 30
0.000000000
 10
147.101673242
 20
223.625052521
 30
0.000000000
  0
SPLINE
  5
A5C
330
A02
100
AcDbEntity
  8
S02_CL_Section_Top
100
AcDbSpline
210
0
220
0
230
1
 70
8
 71
1
 72
4
 73
2
 74
0
 40
324.585714441
 40
324.585714441
 40
325.314224006
 40
325.314224006
 10
147.101673242
 20
226.374667213
 30
0.000000000
 10
147.101673242
 20
226.375000000
 30
0.000000000
  0
LINE
  5
A5D
330
A02
100
AcDbEntity
  8
S02_CL_Section_Top
100
AcDbLine
 10
169.811093261
 20
224.900000000
 30
0.000000000
 11
195.101673242
 21
224.900000000
 31
0.000000000
  0
LINE
  5
A5E
330
A02
100
AcDbEntity
  8
S02_CL_Section_Top
100
AcDbLine
 10
195.101673242
 20
224.900000000
 30
0.000000000
 11
195.101673242
 21
225.100000000
 31
0.000000000
  0
LINE
  5
A5F
330
A02
100
AcDbEntity
  8
S02_CL_Section_Top
100
AcDbLine
 10
169.811093288
 20
225.100000000
 30
0.000000000
 11
195.101673242
 21
225.100000000
 31
0.000000000
  0
LINE
  5
A60
330
A02
100
AcDbEntity
  8
S02_CL_Section_Top
100
AcDbLine
 10
148.601673242
 20
224.125000000
 30
0.000000000
 11
148.601673242
 21
225.875000000
 31
0.000000000
  0
LINE
  5
A61
330
A02
100
AcDbEntity
  8
S02_CL_Section_Top
100
AcDbLine
 10
150.101673242
 20
224.125000000
 30
0.000000000
 11
150.101673242
 21
225.875000000
 31
0.000000000
  0
LINE
  5
A62
330
A02
100
AcDbEntity
  8
S02_CL_Section_Top
100
AcDbLine
 10
148.601673242
 20
224.125000000
 30
0.000000000
 11
150.101673242
 21
224.125000000
 31
0.000000000
  0
LINE
  5
A63
330
A02
100
AcDbEntity
  8
S02_CL_Section_Top
100
AcDbLine
 10
148.601673242
 20
225.875000000
 30
0.000000000
 11
150.101673242
 21
225.875000000
 31
0.000000000
  0
LINE
  5
A64
330
A02
100
AcDbEntity
  8
S02_CL_Section_Top
100
AcDbLine
 10
118.351673242
 20
233.000000000
 30
0.000000000
 11
123.101673242
 21
242.500000000
 31
0.000000000
  0
LINE
  5
A65
330
A02
100
AcDbEntity
  8
S02_CL_Section_Top
100
AcDbLine
 10
123.101673242
 20
207.500000000
 30
0.000000000
 11
118.351673242
 21
217.000000000
 31
0.000000000
  0
LINE
  5
A66
330
A02
100
AcDbEntity
  8
S02_CL_Section_Top
100
AcDbLine
 10
123.101673242
 20
242.500000000
 30
0.000000000
 11
129.601673242
 21
245.000000000
 31
0.000000000
  0
LINE
  5
A67
330
A02
100
AcDbEntity
  8
S02_CL_Section_Top
100
AcDbLine
 10
129.601673242
 20
205.000000000
 30
0.000000000
 11
123.101673242
 21
207.500000000
 31
0.000000000
  0
LINE
  5
A68
330
A02
100
AcDbEntity
  8
S02_CL_Section_Top
100
AcDbLine
 10
129.601673242
 20
245.000000000
 30
0.000000000
 11
184.601673242
 21
245.000000000
 31
0.000000000
  0
LINE
  5
A69
330
A02
100
AcDbEntity
  8
S02_CL_Section_Top
100
AcDbLine
 10
184.601673242
 20
205.000000000
 30
0.000000000
 11
129.601673242
 21
205.000000000
 31
0.000000000
  0
LINE
  5
A6A
330
A02
100
AcDbEntity
  8
S02_CL_Section_Top
100
AcDbLine
 10
184.601673242
 20
245.000000000
 30
0.000000000
 11
188.351673242
 21
242.250000000
 31
0.000000000
  0
LINE
  5
A6B
330
A02
100
AcDbEntity
  8
S02_CL_Section_Top
100
AcDbLine
 10
188.351673242
 20
207.750000000
 30
0.000000000
 11
184.601673242
 21
205.000000000
 31
0.000000000
  0
LINE
  5
A6C
330
A02
100
AcDbEntity
  8
S02_CL_Section_Top
100
AcDbLine
 10
188.351673242
 20
242.250000000
 30
0.000000000
 11
188.851673242
 21
238.500000000
 31
0.000000000
  0
LINE
  5
A6D
330
A02
100
AcDbEntity
  8
S02_CL_Section_Top
100
AcDbLine
 10
188.851673242
 20
211.500000000
 30
0.000000000
 11
188.351673242
 21
207.750000000
 31
0.000000000
  0
LINE
  5
A6E
330
A02
100
AcDbEntity
  8
S02_CL_Section_Top
100
AcDbLine
 10
188.851673242
 20
238.500000000
 30
0.000000000
 11
188.851673242
 21
238.000000000
 31
0.000000000
  0
LINE
  5
A6F
330
A02
100
AcDbEntity
  8
S02_CL_Section_Top
100
AcDbLine
 10
188.851673242
 20
212.000000000
 30
0.000000000
 11
188.851673242
 21
211.500000000
 31
0.000000000
  0
LINE
  5
A70
330
A02
100
AcDbEntity
  8
S02_CL_Section_Top
100
AcDbLine
 10
130.101673242
 20
205.050000000
 30
0.000000000
 11
130.101673242
 21
205.250000000
 31
0.000000000
  0
LINE
  5
A71
330
A02
100
AcDbEntity
  8
S02_CL_Section_Top
100
AcDbLine
 10
130.101673242
 20
244.750000000
 30
0.000000000
 11
130.101673242
 21
244.950000000
 31
0.000000000
  0
LINE
  5
A72
330
A02
100
AcDbEntity
  8
S02_CL_Section_Top
100
AcDbLine
 10
132.601673242
 20
205.050000000
 30
0.000000000
 11
132.601673242
 21
205.250000000
 31
0.000000000
  0
LINE
  5
A73
330
A02
100
AcDbEntity
  8
S02_CL_Section_Top
100
AcDbLine
 10
132.601673242
 20
205.050000000
 30
0.000000000
 11
130.101673242
 21
205.050000000
 31
0.000000000
  0
LINE
  5
A74
330
A02
100
AcDbEntity
  8
S02_CL_Section_Top
100
AcDbLine
 10
132.601673242
 20
205.250000000
 30
0.000000000
 11
130.101673242
 21
205.250000000
 31
0.000000000
  0
LINE
  5
A75
330
A02
100
AcDbEntity
  8
S02_CL_Section_Top
100
AcDbLine
 10
184.101673242
 20
205.250000000
 30
0.000000000
 11
132.601673242
 21
205.250000000
 31
0.000000000
  0
LINE
  5
A76
330
A02
100
AcDbEntity
  8
S02_CL_Section_Top
100
AcDbLine
 10
184.101673242
 20
205.050000000
 30
0.000000000
 11
184.101673242
 21
205.250000000
 31
0.000000000
  0
LINE
  5
A77
330
A02
100
AcDbEntity
  8
S02_CL_Section_Top
100
AcDbLine
 10
184.101673242
 20
205.050000000
 30
0.000000000
 11
132.601673242
 21
205.050000000
 31
0.000000000
  0
LINE
  5
A78
330
A02
100
AcDbEntity
  8
S02_CL_Section_Top
100
AcDbLine
 10
132.601673242
 20
244.750000000
 30
0.000000000
 11
132.601673242
 21
244.950000000
 31
0.000000000
  0
LINE
  5
A79
330
A02
100
AcDbEntity
  8
S02_CL_Section_Top
100
AcDbLine
 10
132.601673242
 20
244.750000000
 30
0.000000000
 11
130.101673242
 21
244.750000000
 31
0.000000000
  0
LINE
  5
A7A
330
A02
100
AcDbEntity
  8
S02_CL_Section_Top
100
AcDbLine
 10
132.601673242
 20
244.950000000
 30
0.000000000
 11
130.101673242
 21
244.950000000
 31
0.000000000
  0
LINE
  5
A7B
330
A02
100
AcDbEntity
  8
S02_CL_Section_Top
100
AcDbLine
 10
184.101673242
 20
244.750000000
 30
0.000000000
 11
132.601673242
 21
244.750000000
 31
0.000000000
  0
LINE
  5
A7C
330
A02
100
AcDbEntity
  8
S02_CL_Section_Top
100
AcDbLine
 10
184.101673242
 20
244.950000000
 30
0.000000000
 11
132.601673242
 21
244.950000000
 31
0.000000000
  0
LINE
  5
A7D
330
A02
100
AcDbEntity
  8
S02_CL_Section_Top
100
AcDbLine
 10
184.101673242
 20
244.750000000
 30
0.000000000
 11
184.101673242
 21
244.950000000
 31
0.000000000
  0
LINE
  5
A7E
330
A02
100
AcDbEntity
  8
S02_CL_Section_Top
100
AcDbLine
 10
188.851673242
 20
211.875000000
 30
0.000000000
 11
212.101673242
 21
211.875000000
 31
0.000000000
  0
LINE
  5
A7F
330
A02
100
AcDbEntity
  8
S02_CL_Section_Top
100
AcDbLine
 10
212.101673242
 20
211.875000000
 30
0.000000000
 11
212.101673242
 21
212.000000000
 31
0.000000000
  0
LINE
  5
A80
330
A02
100
AcDbEntity
  8
S02_CL_Section_Top
100
AcDbLine
 10
212.101673242
 20
212.000000000
 30
0.000000000
 11
188.851673242
 21
212.000000000
 31
0.000000000
  0
LINE
  5
A81
330
A02
100
AcDbEntity
  8
S02_CL_Section_Top
100
AcDbLine
 10
212.101673242
 20
212.000000000
 30
0.000000000
 11
212.101673242
 21
212.125000000
 31
0.000000000
  0
LINE
  5
A82
330
A02
100
AcDbEntity
  8
S02_CL_Section_Top
100
AcDbLine
 10
212.101673242
 20
237.875000000
 30
0.000000000
 11
212.101673242
 21
238.000000000
 31
0.000000000
  0
LINE
  5
A83
330
A02
100
AcDbEntity
  8
S02_CL_Section_Top
100
AcDbLine
 10
188.851673242
 20
212.000000000
 30
0.000000000
 11
188.851673242
 21
224.900000000
 31
0.000000000
  0
LINE
  5
A84
330
A02
100
AcDbEntity
  8
S02_CL_Section_Top
100
AcDbLine
 10
188.851673242
 20
225.100000000
 30
0.000000000
 11
188.851673242
 21
238.000000000
 31
0.000000000
  0
LINE
  5
A85
330
A02
100
AcDbEntity
  8
S02_CL_Section_Top
100
AcDbLine
 10
212.101673242
 20
238.000000000
 30
0.000000000
 11
188.851673242
 21
238.000000000
 31
0.000000000
  0
LINE
  5
A86
330
A02
100
AcDbEntity
  8
S02_CL_Section_Top
100
AcDbLine
 10
212.101673242
 20
238.000000000
 30
0.000000000
 11
212.101673242
 21
238.125000000
 31
0.000000000
  0
LINE
  5
A87
330
A02
100
AcDbEntity
  8
S02_CL_Section_Top
100
AcDbLine
 10
188.851673242
 20
238.125000000
 30
0.000000000
 11
212.101673242
 21
238.125000000
 31
0.000000000
  0
SPLINE
  5
A88
330
A02
100
AcDbEntity
  8
S02_CL_Section_Top
100
AcDbSpline
210
0
220
0
230
1
 70
8
 71
3
 72
23
 73
19
 74
0
 40
0.175233967
 40
0.175233967
 40
0.175233967
 40
0.175233967
 40
0.331482554
 40
0.331482554
 40
0.331482554
 40
0.428500826
 40
0.428500826
 40
0.428500826
 40
0.465178109
 40
0.465178109
 40
0.465178109
 40
0.491627497
 40
0.491627497
 40
0.491627497
 40
0.500848091
 40
0.500848091
 40
0.500848091
 40
0.511477828
 40
0.511477828
 40
0.511477828
 40
0.511477828
 10
215.975107311
 20
212.125000000
 30
0.000000000
 10
215.260853008
 20
212.125000000
 30
0.000000000
 10
214.528046520
 20
212.125000000
 30
0.000000000
 10
213.776687846
 20
212.125000000
 30
0.000000000
 10
213.310543448
 20
212.125000000
 30
0.000000000
 10
212.837187773
 20
212.125000000
 30
0.000000000
 10
212.375970493
 20
212.125000000
 30
0.000000000
 10
212.201192064
 20
212.125000000
 30
0.000000000
 10
212.030189087
 20
212.125000000
 30
0.000000000
 10
211.862961563
 20
212.125000000
 30
0.000000000
 10
211.741625539
 20
212.125000000
 30
0.000000000
 10
211.626977237
 20
212.125000000
 30
0.000000000
 10
211.519016656
 20
212.125000000
 30
0.000000000
 10
211.481738789
 20
212.125000000
 30
0.000000000
 10
211.447402386
 20
212.125000000
 30
0.000000000
 10
211.416007445
 20
212.125000000
 30
0.000000000
 10
211.380415077
 20
212.125000000
 30
0.000000000
 10
211.349776415
 20
212.125000000
 30
0.000000000
 10
211.349514118
 20
212.125000000
 30
0.000000000
  0
SPLINE
  5
A89
330
A02
100
AcDbEntity
  8
S02_CL_Section_Top
100
AcDbSpline
210
0
220
0
230
1
 70
8
 71
3
 72
20
 73
16
 74
0
 40
0.511477828
 40
0.511477828
 40
0.511477828
 40
0.511477828
 40
0.525151044
 40
0.525151044
 40
0.525151044
 40
0.545469773
 40
0.545469773
 40
0.545469773
 40
0.592994047
 40
0.592994047
 40
0.592994047
 40
0.680201417
 40
0.680201417
 40
0.680201417
 40
0.838038739
 40
0.838038739
 40
0.838038739
 40
0.838038739
 10
211.349514118
 20
212.125000000
 30
0.000000000
 10
211.349771631
 20
212.125000000
 30
0.000000000
 10
211.411372854
 20
212.125000000
 30
0.000000000
 10
211.469550624
 20
212.125000000
 30
0.000000000
 10
211.560370883
 20
212.125000000
 30
0.000000000
 10
211.654844192
 20
212.125000000
 30
0.000000000
 10
211.752970553
 20
212.125000000
 30
0.000000000
 10
211.981734622
 20
212.125000000
 30
0.000000000
 10
212.210498691
 20
212.125000000
 30
0.000000000
 10
212.439262760
 20
212.125000000
 30
0.000000000
 10
212.860126533
 20
212.125000000
 30
0.000000000
 10
213.280990305
 20
212.125000000
 30
0.000000000
 10
213.701854078
 20
212.125000000
 30
0.000000000
 10
214.462121581
 20
212.125000000
 30
0.000000000
 10
215.219872659
 20
212.125000000
 30
0.000000000
 10
215.975107311
 20
212.125000000
 30
0.000000000
  0
SPLINE
  5
A8A
330
A02
100
AcDbEntity
  8
S02_CL_Section_Top
100
AcDbSpline
210
0
220
0
230
1
 70
8
 71
3
 72
23
 73
19
 74
0
 40
0.175233967
 40
0.175233967
 40
0.175233967
 40
0.175233967
 40
0.331482554
 40
0.331482554
 40
0.331482554
 40
0.428500826
 40
0.428500826
 40
0.428500826
 40
0.465178109
 40
0.465178109
 40
0.465178109
 40
0.491627497
 40
0.491627497
 40
0.491627497
 40
0.500848091
 40
0.500848091
 40
0.500848091
 40
0.511477828
 40
0.511477828
 40
0.511477828
 40
0.511477828
 10
215.975107311
 20
237.875000000
 30
0.000000000
 10
215.260853008
 20
237.875000000
 30
0.000000000
 10
214.528046520
 20
237.875000000
 30
0.000000000
 10
213.776687846
 20
237.875000000
 30
0.000000000
 10
213.310543448
 20
237.875000000
 30
0.000000000
 10
212.837187773
 20
237.875000000
 30
0.000000000
 10
212.375970493
 20
237.875000000
 30
0.000000000
 10
212.201192064
 20
237.875000000
 30
0.000000000
 10
212.030189087
 20
237.875000000
 30
0.000000000
 10
211.862961563
 20
237.875000000
 30
0.000000000
 10
211.741625539
 20
237.875000000
 30
0.000000000
 10
211.626977237
 20
237.875000000
 30
0.000000000
 10
211.519016656
 20
237.875000000
 30
0.000000000
 10
211.481738789
 20
237.875000000
 30
0.000000000
 10
211.447402386
 20
237.875000000
 30
0.000000000
 10
211.416007445
 20
237.875000000
 30
0.000000000
 10
211.380415077
 20
237.875000000
 30
0.000000000
 10
211.349776415
 20
237.875000000
 30
0.000000000
 10
211.349514118
 20
237.875000000
 30
0.000000000
  0
SPLINE
  5
A8B
330
A02
100
AcDbEntity
  8
S02_CL_Section_Top
100
AcDbSpline
210
0
220
0
230
1
 70
8
 71
3
 72
20
 73
16
 74
0
 40
0.511477828
 40
0.511477828
 40
0.511477828
 40
0.511477828
 40
0.525151044
 40
0.525151044
 40
0.525151044
 40
0.545469773
 40
0.545469773
 40
0.545469773
 40
0.592994047
 40
0.592994047
 40
0.592994047
 40
0.680201417
 40
0.680201417
 40
0.680201417
 40
0.838038739
 40
0.838038739
 40
0.838038739
 40
0.838038739
 10
211.349514118
 20
237.875000000
 30
0.000000000
 10
211.349771631
 20
237.875000000
 30
0.000000000
 10
211.411372854
 20
237.875000000
 30
0.000000000
 10
211.469550624
 20
237.875000000
 30
0.000000000
 10
211.560370883
 20
237.875000000
 30
0.000000000
 10
211.654844192
 20
237.875000000
 30
0.000000000
 10
211.752970553
 20
237.875000000
 30
0.000000000
 10
211.981734622
 20
237.875000000
 30
0.000000000
 10
212.210498691
 20
237.875000000
 30
0.000000000
 10
212.439262760
 20
237.875000000
 30
0.000000000
 10
212.860126533
 20
237.875000000
 30
0.000000000
 10
213.280990305
 20
237.875000000
 30
0.000000000
 10
213.701854078
 20
237.875000000
 30
0.000000000
 10
214.462121581
 20
237.875000000
 30
0.000000000
 10
215.219872659
 20
237.875000000
 30
0.000000000
 10
215.975107311
 20
237.875000000
 30
0.000000000
  0
SPLINE
  5
A8C
330
A02
100
AcDbEntity
  8
S02_CL_Section_Top
100
AcDbSpline
210
0
220
0
230
1
 70
8
 71
3
 72
23
 73
19
 74
0
 40
0.000000000
 40
0.000000000
 40
0.000000000
 40
0.000000000
 40
0.249056483
 40
0.249056483
 40
0.249056483
 40
0.382974099
 40
0.382974099
 40
0.382974099
 40
0.447065448
 40
0.447065448
 40
0.447065448
 40
0.478172715
 40
0.478172715
 40
0.478172715
 40
0.498387834
 40
0.498387834
 40
0.498387834
 40
0.510083331
 40
0.510083331
 40
0.510083331
 40
0.510083331
 10
219.898895686
 20
212.125000000
 30
0.000000000
 10
219.392079489
 20
212.125000000
 30
0.000000000
 10
218.823918465
 20
212.125000000
 30
0.000000000
 10
218.194412614
 20
212.125000000
 30
0.000000000
 10
217.857048394
 20
212.125000000
 30
0.000000000
 10
217.501676871
 20
212.125000000
 30
0.000000000
 10
217.111768561
 20
212.125000000
 30
0.000000000
 10
216.925794678
 20
212.125000000
 30
0.000000000
 10
216.734042184
 20
212.125000000
 30
0.000000000
 10
216.536511077
 20
212.125000000
 30
0.000000000
 10
216.439523170
 20
212.125000000
 30
0.000000000
 10
216.342535264
 20
212.125000000
 30
0.000000000
 10
216.245547357
 20
212.125000000
 30
0.000000000
 10
216.181969092
 20
212.125000000
 30
0.000000000
 10
216.118390827
 20
212.125000000
 30
0.000000000
 10
216.054812561
 20
212.125000000
 30
0.000000000
 10
216.021239825
 20
212.125000000
 30
0.000000000
 10
215.976460157
 20
212.125000000
 30
0.000000000
 10
215.975107311
 20
212.125000000
 30
0.000000000
  0
SPLINE
  5
A8D
330
A02
100
AcDbEntity
  8
S02_CL_Section_Top
100
AcDbSpline
210
0
220
0
230
1
 70
8
 71
3
 72
41
 73
37
 74
0
 40
0.510083331
 40
0.510083331
 40
0.510083331
 40
0.510083331
 40
0.527626378
 40
0.527626378
 40
0.527626378
 40
0.538757633
 40
0.538757633
 40
0.538757633
 40
0.568429071
 40
0.568429071
 40
0.568429071
 40
0.628481447
 40
0.628481447
 40
0.628481447
 40
0.754910279
 40
0.754910279
 40
0.754910279
 40
0.884092727
 40
0.884092727
 40
0.884092727
 40
0.945628018
 40
0.945628018
 40
0.945628018
 40
0.975238949
 40
0.975238949
 40
0.975238949
 40
0.985951796
 40
0.985951796
 40
0.985951796
 40
0.993717803
 40
0.993717803
 40
0.993717803
 40
0.998423625
 40
0.998423625
 40
0.998423625
 40
0.999762167
 40
0.999762167
 40
0.999762167
 40
0.999762167
 10
215.975107311
 20
212.125000000
 30
0.000000000
 10
215.981023164
 20
212.125000000
 30
0.000000000
 10
216.035773470
 20
212.125000000
 30
0.000000000
 10
216.076621264
 20
212.125000000
 30
0.000000000
 10
216.105923643
 20
212.125000000
 30
0.000000000
 10
216.135226023
 20
212.125000000
 30
0.000000000
 10
216.164528402
 20
212.125000000
 30
0.000000000
 10
216.245091761
 20
212.125000000
 30
0.000000000
 10
216.327275351
 20
212.125000000
 30
0.000000000
 10
216.411079171
 20
212.125000000
 30
0.000000000
 10
216.580884565
 20
212.125000000
 30
0.000000000
 10
216.750689959
 20
212.125000000
 30
0.000000000
 10
216.920495353
 20
212.125000000
 30
0.000000000
 10
217.277420441
 20
212.125000000
 30
0.000000000
 10
217.626285963
 20
212.125000000
 30
0.000000000
 10
217.967091917
 20
212.125000000
 30
0.000000000
 10
218.317774542
 20
212.125000000
 30
0.000000000
 10
218.662757410
 20
212.125000000
 30
0.000000000
 10
219.002040521
 20
212.125000000
 30
0.000000000
 10
219.163503218
 20
212.125000000
 30
0.000000000
 10
219.323485821
 20
212.125000000
 30
0.000000000
 10
219.481988330
 20
212.125000000
 30
0.000000000
 10
219.557936433
 20
212.125000000
 30
0.000000000
 10
219.633884536
 20
212.125000000
 30
0.000000000
 10
219.709832639
 20
212.125000000
 30
0.000000000
 10
219.735925175
 20
212.125000000
 30
0.000000000
 10
219.763243981
 20
212.125000000
 30
0.000000000
 10
219.791789057
 20
212.125000000
 30
0.000000000
 10
219.814559963
 20
212.125000000
 30
0.000000000
 10
219.834313381
 20
212.125000000
 30
0.000000000
 10
219.851049313
 20
212.125000000
 30
0.000000000
 10
219.857424778
 20
212.125000000
 30
0.000000000
 10
219.869374109
 20
212.125000000
 30
0.000000000
 10
219.886897306
 20
212.125000000
 30
0.000000000
 10
219.894021644
 20
212.125000000
 30
0.000000000
 10
219.898254477
 20
212.125000000
 30
0.000000000
 10
219.899595806
 20
212.125000000
 30
0.000000000
  0
SPLINE
  5
A8E
330
A02
100
AcDbEntity
  8
S02_CL_Section_Top
100
AcDbSpline
210
0
220
0
230
1
 70
8
 71
1
 72
4
 73
2
 74
0
 40
0.999762167
 40
0.999762167
 40
1.000000000
 40
1.000000000
 10
219.899595806
 20
212.125000000
 30
0.000000000
 10
219.898895686
 20
212.125000000
 30
0.000000000
  0
SPLINE
  5
A8F
330
A02
100
AcDbEntity
  8
S02_CL_Section_Top
100
AcDbSpline
210
0
220
0
230
1
 70
8
 71
1
 72
4
 73
2
 74
0
 40
0.000000000
 40
0.000000000
 40
1.000000000
 40
1.000000000
 10
219.898895686
 20
212.125000000
 30
0.000000000
 10
219.898895686
 20
237.875000000
 30
0.000000000
  0
SPLINE
  5
A90
330
A02
100
AcDbEntity
  8
S02_CL_Section_Top
100
AcDbSpline
210
0
220
0
230
1
 70
8
 71
3
 72
23
 73
19
 74
0
 40
0.000000000
 40
0.000000000
 40
0.000000000
 40
0.000000000
 40
0.249056483
 40
0.249056483
 40
0.249056483
 40
0.382974099
 40
0.382974099
 40
0.382974099
 40
0.447065448
 40
0.447065448
 40
0.447065448
 40
0.478172715
 40
0.478172715
 40
0.478172715
 40
0.498387834
 40
0.498387834
 40
0.498387834
 40
0.510083331
 40
0.510083331
 40
0.510083331
 40
0.510083331
 10
219.898895686
 20
237.875000000
 30
0.000000000
 10
219.392079489
 20
237.875000000
 30
0.000000000
 10
218.823918465
 20
237.875000000
 30
0.000000000
 10
218.194412614
 20
237.875000000
 30
0.000000000
 10
217.857048394
 20
237.875000000
 30
0.000000000
 10
217.501676871
 20
237.875000000
 30
0.000000000
 10
217.111768561
 20
237.875000000
 30
0.000000000
 10
216.925794678
 20
237.875000000
 30
0.000000000
 10
216.734042184
 20
237.875000000
 30
0.000000000
 10
216.536511077
 20
237.875000000
 30
0.000000000
 10
216.439523170
 20
237.875000000
 30
0.000000000
 10
216.342535264
 20
237.875000000
 30
0.000000000
 10
216.245547357
 20
237.875000000
 30
0.000000000
 10
216.181969092
 20
237.875000000
 30
0.000000000
 10
216.118390827
 20
237.875000000
 30
0.000000000
 10
216.054812561
 20
237.875000000
 30
0.000000000
 10
216.021239825
 20
237.875000000
 30
0.000000000
 10
215.976460157
 20
237.875000000
 30
0.000000000
 10
215.975107311
 20
237.875000000
 30
0.000000000
  0
SPLINE
  5
A91
330
A02
100
AcDbEntity
  8
S02_CL_Section_Top
100
AcDbSpline
210
0
220
0
230
1
 70
8
 71
3
 72
41
 73
37
 74
0
 40
0.510083331
 40
0.510083331
 40
0.510083331
 40
0.510083331
 40
0.527626378
 40
0.527626378
 40
0.527626378
 40
0.538757633
 40
0.538757633
 40
0.538757633
 40
0.568429071
 40
0.568429071
 40
0.568429071
 40
0.628481447
 40
0.628481447
 40
0.628481447
 40
0.754910279
 40
0.754910279
 40
0.754910279
 40
0.884092727
 40
0.884092727
 40
0.884092727
 40
0.945628018
 40
0.945628018
 40
0.945628018
 40
0.975238949
 40
0.975238949
 40
0.975238949
 40
0.985951796
 40
0.985951796
 40
0.985951796
 40
0.993717803
 40
0.993717803
 40
0.993717803
 40
0.998423625
 40
0.998423625
 40
0.998423625
 40
0.999762167
 40
0.999762167
 40
0.999762167
 40
0.999762167
 10
215.975107311
 20
237.875000000
 30
0.000000000
 10
215.981023164
 20
237.875000000
 30
0.000000000
 10
216.035773470
 20
237.875000000
 30
0.000000000
 10
216.076621264
 20
237.875000000
 30
0.000000000
 10
216.105923643
 20
237.875000000
 30
0.000000000
 10
216.135226023
 20
237.875000000
 30
0.000000000
 10
216.164528402
 20
237.875000000
 30
0.000000000
 10
216.245091761
 20
237.875000000
 30
0.000000000
 10
216.327275351
 20
237.875000000
 30
0.000000000
 10
216.411079171
 20
237.875000000
 30
0.000000000
 10
216.580884565
 20
237.875000000
 30
0.000000000
 10
216.750689959
 20
237.875000000
 30
0.000000000
 10
216.920495353
 20
237.875000000
 30
0.000000000
 10
217.277420441
 20
237.875000000
 30
0.000000000
 10
217.626285963
 20
237.875000000
 30
0.000000000
 10
217.967091917
 20
237.875000000
 30
0.000000000
 10
218.317774542
 20
237.875000000
 30
0.000000000
 10
218.662757410
 20
237.875000000
 30
0.000000000
 10
219.002040521
 20
237.875000000
 30
0.000000000
 10
219.163503218
 20
237.875000000
 30
0.000000000
 10
219.323485821
 20
237.875000000
 30
0.000000000
 10
219.481988330
 20
237.875000000
 30
0.000000000
 10
219.557936433
 20
237.875000000
 30
0.000000000
 10
219.633884536
 20
237.875000000
 30
0.000000000
 10
219.709832639
 20
237.875000000
 30
0.000000000
 10
219.735925175
 20
237.875000000
 30
0.000000000
 10
219.763243981
 20
237.875000000
 30
0.000000000
 10
219.791789057
 20
237.875000000
 30
0.000000000
 10
219.814559963
 20
237.875000000
 30
0.000000000
 10
219.834313381
 20
237.875000000
 30
0.000000000
 10
219.851049313
 20
237.875000000
 30
0.000000000
 10
219.857424778
 20
237.875000000
 30
0.000000000
 10
219.869374109
 20
237.875000000
 30
0.000000000
 10
219.886897306
 20
237.875000000
 30
0.000000000
 10
219.894021644
 20
237.875000000
 30
0.000000000
 10
219.898254477
 20
237.875000000
 30
0.000000000
 10
219.899595806
 20
237.875000000
 30
0.000000000
  0
SPLINE
  5
A92
330
A02
100
AcDbEntity
  8
S02_CL_Section_Top
100
AcDbSpline
210
0
220
0
230
1
 70
8
 71
1
 72
4
 73
2
 74
0
 40
0.999762167
 40
0.999762167
 40
1.000000000
 40
1.000000000
 10
219.899595806
 20
237.875000000
 30
0.000000000
 10
219.898895686
 20
237.875000000
 30
0.000000000
  0
LINE
  5
A93
330
A02
100
AcDbEntity
  8
S02_CL_Section_Top
100
AcDbLine
 10
215.851673242
 20
223.750000000
 30
0.000000000
 11
215.851673242
 21
223.950000000
 31
0.000000000
  0
LINE
  5
A94
330
A02
100
AcDbEntity
  8
S02_CL_Section_Top
100
AcDbLine
 10
213.351673242
 20
223.750000000
 30
0.000000000
 11
213.351673242
 21
223.950000000
 31
0.000000000
  0
LINE
  5
A95
330
A02
100
AcDbEntity
  8
S02_CL_Section_Top
100
AcDbLine
 10
215.851673242
 20
223.750000000
 30
0.000000000
 11
213.351673242
 21
223.750000000
 31
0.000000000
  0
LINE
  5
A96
330
A02
100
AcDbEntity
  8
S02_CL_Section_Top
100
AcDbLine
 10
215.851673242
 20
223.950000000
 30
0.000000000
 11
213.351673242
 21
223.950000000
 31
0.000000000
  0
LINE
  5
A97
330
A02
100
AcDbEntity
  8
S02_CL_Section_Top
100
AcDbLine
 10
211.349514118
 20
223.750000000
 30
0.000000000
 11
207.101673242
 21
223.750000000
 31
0.000000000
  0
LINE
  5
A98
330
A02
100
AcDbEntity
  8
S02_CL_Section_Top
100
AcDbLine
 10
211.349514118
 20
223.950000000
 30
0.000000000
 11
207.101673242
 21
223.950000000
 31
0.000000000
  0
LINE
  5
A99
330
A02
100
AcDbEntity
  8
S02_CL_Section_Top
100
AcDbLine
 10
215.851673242
 20
226.050000000
 30
0.000000000
 11
215.851673242
 21
226.250000000
 31
0.000000000
  0
LINE
  5
A9A
330
A02
100
AcDbEntity
  8
S02_CL_Section_Top
100
AcDbLine
 10
213.351673242
 20
226.050000000
 30
0.000000000
 11
213.351673242
 21
226.250000000
 31
0.000000000
  0
LINE
  5
A9B
330
A02
100
AcDbEntity
  8
S02_CL_Section_Top
100
AcDbLine
 10
215.851673242
 20
226.050000000
 30
0.000000000
 11
213.351673242
 21
226.050000000
 31
0.000000000
  0
LINE
  5
A9C
330
A02
100
AcDbEntity
  8
S02_CL_Section_Top
100
AcDbLine
 10
215.851673242
 20
226.250000000
 30
0.000000000
 11
213.351673242
 21
226.250000000
 31
0.000000000
  0
LINE
  5
A9D
330
A02
100
AcDbEntity
  8
S02_CL_Section_Top
100
AcDbLine
 10
211.349514118
 20
226.050000000
 30
0.000000000
 11
207.101673242
 21
226.050000000
 31
0.000000000
  0
LINE
  5
A9E
330
A02
100
AcDbEntity
  8
S02_CL_Section_Top
100
AcDbLine
 10
211.349514118
 20
226.250000000
 30
0.000000000
 11
207.101673242
 21
226.250000000
 31
0.000000000
  0
ELLIPSE
  5
A9F
330
A02
100
AcDbEntity
  8
S02_CL_Section_Top
100
AcDbEllipse
 10
217.101673242
 20
225.000000000
 30
0.000000000
 11
0.000000000
 21
-0.350000000
 31
0.000000000
 40
0.640184400
 41
4.712388980
 42
0.000000000
  0
ELLIPSE
  5
AA0
330
A02
100
AcDbEntity
  8
S02_CL_Section_Top
100
AcDbEllipse
 10
217.101673242
 20
225.000000000
 30
0.000000000
 11
0.000000000
 21
-0.350000000
 31
0.000000000
 40
0.640184400
 41
3.141592654
 42
4.712388980
  0
ELLIPSE
  5
AA1
330
A02
100
AcDbEntity
  8
S02_CL_Section_Top
100
AcDbEllipse
 10
214.101673242
 20
225.000000000
 30
0.000000000
 11
0.000000000
 21
-0.350000000
 31
0.000000000
 40
0.640184400
 41
3.141592654
 42
4.712388980
  0
LINE
  5
AA2
330
A02
100
AcDbEntity
  8
S02_CL_Section_Top
100
AcDbLine
 10
160.101673242
 20
219.873475836
 30
0.000000000
 11
160.101673242
 21
220.162689399
 31
0.000000000
  0
LINE
  5
AA3
330
A02
100
AcDbEntity
  8
S02_CL_Section_Top
100
AcDbLine
 10
173.101673242
 20
219.873475836
 30
0.000000000
 11
173.101673242
 21
220.162689399
 31
0.000000000
  0
LINE
  5
AA4
330
A02
100
AcDbEntity
  8
S02_CL_Section_Top
100
AcDbLine
 10
160.101673242
 20
219.873475836
 30
0.000000000
 11
161.625900096
 21
219.873475836
 31
0.000000000
  0
LINE
  5
AA5
330
A02
100
AcDbEntity
  8
S02_CL_Section_Top
100
AcDbLine
 10
162.100348441
 20
219.873475836
 30
0.000000000
 11
166.125900096
 21
219.873475836
 31
0.000000000
  0
LINE
  5
AA6
330
A02
100
AcDbEntity
  8
S02_CL_Section_Top
100
AcDbLine
 10
166.577523305
 20
219.873475836
 30
0.000000000
 11
170.625900096
 21
219.873475836
 31
0.000000000
  0
LINE
  5
AA7
330
A02
100
AcDbEntity
  8
S02_CL_Section_Top
100
AcDbLine
 10
171.077446387
 20
219.873475836
 30
0.000000000
 11
173.101673242
 21
219.873475836
 31
0.000000000
  0
SPLINE
  5
AA8
330
A02
100
AcDbEntity
  8
S02_CL_Section_Top
100
AcDbSpline
210
0
220
0
230
1
 70
8
 71
3
 72
8
 73
4
 74
0
 40
0.000000000
 40
0.000000000
 40
0.000000000
 40
0.000000000
 40
0.785398163
 40
0.785398163
 40
0.785398163
 40
0.785398163
 10
173.101673242
 20
220.492194270
 30
0.000000000
 10
173.101673242
 20
220.283153533
 30
0.000000000
 10
173.101673242
 20
220.162066357
 30
0.000000000
 10
173.101673242
 20
220.162689399
 30
0.000000000
  0
SPLINE
  5
AA9
330
A02
100
AcDbEntity
  8
S02_CL_Section_Top
100
AcDbSpline
210
0
220
0
230
1
 70
8
 71
1
 72
16
 73
14
 74
0
 40
3.926990817
 40
3.926990817
 40
4.095290423
 40
4.263590030
 40
4.431889636
 40
4.600189243
 40
4.768488849
 40
4.936788456
 40
5.105088062
 40
5.273387669
 40
5.609986881
 40
5.778286488
 40
5.946586094
 40
6.114885701
 40
6.283185307
 40
6.283185307
 10
173.101673242
 20
222.412689399
 30
0.000000000
 10
173.101673242
 20
222.396794295
 30
0.000000000
 10
173.101673242
 20
222.349558145
 30
0.000000000
 10
173.101673242
 20
222.272315748
 30
0.000000000
 10
173.101673242
 20
222.167249817
 30
0.000000000
 10
173.101673242
 20
222.037329299
 30
0.000000000
 10
173.101673242
 20
221.886225485
 30
0.000000000
 10
173.101673242
 20
221.718208260
 30
0.000000000
 10
173.101673242
 20
221.538025449
 30
0.000000000
 10
173.101673242
 20
221.161729363
 30
0.000000000
 10
173.101673242
 20
220.976249448
 30
0.000000000
 10
173.101673242
 20
220.799570192
 30
0.000000000
 10
173.101673242
 20
220.636684191
 30
0.000000000
 10
173.101673242
 20
220.492194270
 30
0.000000000
  0
SPLINE
  5
AAA
330
A02
100
AcDbEntity
  8
S02_CL_Section_Top
100
AcDbSpline
210
0
220
0
230
1
 70
8
 71
3
 72
8
 73
4
 74
0
 40
0.000000000
 40
0.000000000
 40
0.000000000
 40
0.000000000
 40
0.785398163
 40
0.785398163
 40
0.785398163
 40
0.785398163
 10
160.101673242
 20
220.492194270
 30
0.000000000
 10
160.101673242
 20
220.283153533
 30
0.000000000
 10
160.101673242
 20
220.162066357
 30
0.000000000
 10
160.101673242
 20
220.162689399
 30
0.000000000
  0
SPLINE
  5
AAB
330
A02
100
AcDbEntity
  8
S02_CL_Section_Top
100
AcDbSpline
210
0
220
0
230
1
 70
8
 71
1
 72
16
 73
14
 74
0
 40
3.926990817
 40
3.926990817
 40
4.095290423
 40
4.263590030
 40
4.431889636
 40
4.600189243
 40
4.768488849
 40
4.936788456
 40
5.105088062
 40
5.273387669
 40
5.609986881
 40
5.778286488
 40
5.946586094
 40
6.114885701
 40
6.283185307
 40
6.283185307
 10
160.101673242
 20
222.412689399
 30
0.000000000
 10
160.101673242
 20
222.396794295
 30
0.000000000
 10
160.101673242
 20
222.349558145
 30
0.000000000
 10
160.101673242
 20
222.272315748
 30
0.000000000
 10
160.101673242
 20
222.167249817
 30
0.000000000
 10
160.101673242
 20
222.037329299
 30
0.000000000
 10
160.101673242
 20
221.886225485
 30
0.000000000
 10
160.101673242
 20
221.718208260
 30
0.000000000
 10
160.101673242
 20
221.538025449
 30
0.000000000
 10
160.101673242
 20
221.161729363
 30
0.000000000
 10
160.101673242
 20
220.976249448
 30
0.000000000
 10
160.101673242
 20
220.799570192
 30
0.000000000
 10
160.101673242
 20
220.636684191
 30
0.000000000
 10
160.101673242
 20
220.492194270
 30
0.000000000
  0
LINE
  5
AAC
330
A02
100
AcDbEntity
  8
S02_CL_Section_Top
100
AcDbLine
 10
145.601673242
 20
219.750000000
 30
0.000000000
 11
145.601673242
 21
220.000000000
 31
0.000000000
  0
LINE
  5
AAD
330
A02
100
AcDbEntity
  8
S02_CL_Section_Top
100
AcDbLine
 10
145.601673242
 20
230.000000000
 30
0.000000000
 11
145.601673242
 21
230.250000000
 31
0.000000000
  0
LINE
  5
AAE
330
A02
100
AcDbEntity
  8
S02_CL_Section_Top
100
AcDbLine
 10
136.087123920
 20
236.668309495
 30
0.000000000
 11
139.256760883
 21
243.465617898
 31
0.000000000
  0
LINE
  5
AAF
330
A02
100
AcDbEntity
  8
S02_CL_Section_Top
100
AcDbLine
 10
137.446585600
 20
236.034382102
 30
0.000000000
 11
140.616222564
 21
242.831690505
 31
0.000000000
  0
LINE
  5
AB0
330
A02
100
AcDbEntity
  8
S02_CL_Section_Top
100
AcDbLine
 10
136.087123920
 20
236.668309495
 30
0.000000000
 11
137.446585600
 21
236.034382102
 31
0.000000000
  0
LINE
  5
AB1
330
A02
100
AcDbEntity
  8
S02_CL_Section_Top
100
AcDbLine
 10
139.256760883
 20
243.465617898
 30
0.000000000
 11
140.616222564
 21
242.831690505
 31
0.000000000
  0
LINE
  5
AB2
330
A02
100
AcDbEntity
  8
S02_CL_Section_Top
100
AcDbLine
 10
139.256760883
 20
206.534382102
 30
0.000000000
 11
136.087123920
 21
213.331690505
 31
0.000000000
  0
LINE
  5
AB3
330
A02
100
AcDbEntity
  8
S02_CL_Section_Top
100
AcDbLine
 10
140.616222564
 20
207.168309495
 30
0.000000000
 11
137.446585600
 21
213.965617898
 31
0.000000000
  0
LINE
  5
AB4
330
A02
100
AcDbEntity
  8
S02_CL_Section_Top
100
AcDbLine
 10
139.256760883
 20
206.534382102
 30
0.000000000
 11
140.616222564
 21
207.168309495
 31
0.000000000
  0
LINE
  5
AB5
330
A02
100
AcDbEntity
  8
S02_CL_Section_Top
100
AcDbLine
 10
136.087123920
 20
213.331690505
 30
0.000000000
 11
137.446585600
 21
213.965617898
 31
0.000000000
  0
LINE
  5
AB6
330
A02
100
AcDbEntity
  8
S02_CL_Section_Top
100
AcDbLine
 10
173.101673242
 20
224.096153219
 30
0.000000000
 11
173.601673242
 21
224.236153219
 31
0.000000000
  0
ELLIPSE
  5
AB7
330
A02
100
AcDbEntity
  8
S02_CL_Section_Top
100
AcDbEllipse
 10
161.851673242
 20
220.375000000
 30
0.000000000
 11
0.148296459
 21
-0.529630211
 31
0.000000000
 40
0.048092488
 41
-0.000000000
 42
-4.725854063
  0
ELLIPSE
  5
AB8
330
A02
100
AcDbEntity
  8
S02_CL_Section_Top
100
AcDbEllipse
 10
161.851673242
 20
220.375000000
 30
0.000000000
 11
0.148296459
 21
-0.529630211
 31
0.000000000
 40
0.048092488
 41
-1.171839445
 42
-0.000000000
  0
ELLIPSE
  5
AB9
330
A02
100
AcDbEntity
  8
S02_CL_Section_Top
100
AcDbEllipse
 10
166.351673242
 20
220.375000000
 30
0.000000000
 11
0.220450359
 21
-0.503886534
 31
0.000000000
 40
0.071392156
 41
-0.000000000
 42
-4.743612898
  0
ELLIPSE
  5
ABA
330
A02
100
AcDbEntity
  8
S02_CL_Section_Top
100
AcDbEllipse
 10
166.351673242
 20
220.375000000
 30
0.000000000
 11
0.220450359
 21
-0.503886534
 31
0.000000000
 40
0.071392156
 41
-1.167317649
 42
-0.000000000
  0
ELLIPSE
  5
ABB
330
A02
100
AcDbEntity
  8
S02_CL_Section_Top
100
AcDbEllipse
 10
170.851673242
 20
220.375000000
 30
0.000000000
 11
0.388908730
 21
-0.388908730
 31
0.000000000
 40
0.125274338
 41
-0.000000000
 42
-4.837014083
  0
ELLIPSE
  5
ABC
330
A02
100
AcDbEntity
  8
S02_CL_Section_Top
100
AcDbEllipse
 10
170.851673242
 20
220.375000000
 30
0.000000000
 11
0.388908730
 21
-0.388908730
 31
0.000000000
 40
0.125274338
 41
-1.122987267
 42
-0.000000000
  0
LINE
  5
ABD
330
A02
100
AcDbEntity
  8
S02_CL_Section_Top
100
AcDbLine
 10
173.101673242
 20
221.847182541
 30
0.000000000
 11
173.851673242
 21
222.597182541
 31
0.000000000
  0
SPLINE
  5
ABE
330
A02
100
AcDbEntity
  8
S02_CL_Section_Top
100
AcDbSpline
210
0
220
0
230
1
 70
8
 71
1
 72
4
 73
2
 74
0
 40
0.490646176
 40
0.490646176
 40
0.500000000
 40
0.500000000
 10
173.601673242
 20
220.749784902
 30
0.000000000
 10
173.601673242
 20
220.750000000
 30
0.000000000
  0
SPLINE
  5
ABF
330
A02
100
AcDbEntity
  8
S02_CL_Section_Top
100
AcDbSpline
210
0
220
0
230
1
 70
8
 71
1
 72
4
 73
2
 74
0
 40
0.500000000
 40
0.500000000
 40
0.509353824
 40
0.509353824
 10
173.601673242
 20
220.750000000
 30
0.000000000
 10
173.601673242
 20
220.749784902
 30
0.000000000
  0
SPLINE
  5
AC0
330
A02
100
AcDbEntity
  8
S02_CL_Section_Top
100
AcDbSpline
210
0
220
0
230
1
 70
8
 71
2
 72
6
 73
3
 74
0
 40
0.000000000
 40
0.000000000
 40
0.000000000
 40
1.000000000
 40
1.000000000
 40
1.000000000
 10
173.601673242
 20
229.250000000
 30
0.000000000
 10
186.898379260
 20
228.652271764
 30
0.000000000
 10
200.101673242
 20
227.625000000
 30
0.000000000
  0
SPLINE
  5
AC1
330
A02
100
AcDbEntity
  8
S02_CL_Section_Top
100
AcDbSpline
210
0
220
0
230
1
 70
8
 71
1
 72
4
 73
2
 74
0
 40
0.000000000
 40
0.000000000
 40
0.004069108
 40
0.004069108
 10
200.101673242
 20
227.625000000
 30
0.000000000
 10
200.101673242
 20
227.625066254
 30
0.000000000
  0
SPLINE
  5
AC2
330
A02
100
AcDbEntity
  8
S02_CL_Section_Top
100
AcDbSpline
210
0
220
0
230
1
 70
8
 71
3
 72
29
 73
25
 74
0
 40
0.004069108
 40
0.004069108
 40
0.004069108
 40
0.004069108
 40
0.066161466
 40
0.066161466
 40
0.066161466
 40
0.131184064
 40
0.131184064
 40
0.131184064
 40
0.196400786
 40
0.196400786
 40
0.196400786
 40
0.250000000
 40
0.250000000
 40
0.250000000
 40
0.303599214
 40
0.303599214
 40
0.303599214
 40
0.368815936
 40
0.368815936
 40
0.368815936
 40
0.434625649
 40
0.434625649
 40
0.434625649
 40
0.500429675
 40
0.500429675
 40
0.500429675
 40
0.500429675
 10
200.101673242
 20
227.625066254
 30
0.000000000
 10
200.101673242
 20
227.624865318
 30
0.000000000
 10
200.101673242
 20
227.618501824
 30
0.000000000
 10
200.101673242
 20
227.514547809
 30
0.000000000
 10
200.101673242
 20
227.410829278
 30
0.000000000
 10
200.101673242
 20
227.171802171
 30
0.000000000
 10
200.101673242
 20
226.863123435
 30
0.000000000
 10
200.101673242
 20
226.555134647
 30
0.000000000
 10
200.101673242
 20
226.204563500
 30
0.000000000
 10
200.101673242
 20
225.858807433
 30
0.000000000
 10
200.101673242
 20
225.572538289
 30
0.000000000
 10
200.101673242
 20
225.286269145
 30
0.000000000
 10
200.101673242
 20
225.000000001
 30
0.000000000
 10
200.101673242
 20
224.713730856
 30
0.000000000
 10
200.101673242
 20
224.427461712
 30
0.000000000
 10
200.101673242
 20
224.141192568
 30
0.000000000
 10
200.101673242
 20
223.795436473
 30
0.000000000
 10
200.101673242
 20
223.444865392
 30
0.000000000
 10
200.101673242
 20
223.136876554
 30
0.000000000
 10
200.101673242
 20
222.824272638
 30
0.000000000
 10
200.101673242
 20
222.583734183
 30
0.000000000
 10
200.101673242
 20
222.481546271
 30
0.000000000
 10
200.101673242
 20
222.373806688
 30
0.000000000
 10
200.101673242
 20
222.375064856
 30
0.000000000
 10
200.101673242
 20
222.374999985
 30
0.000000000
  0
LINE
  5
AC3
330
A02
100
AcDbEntity
  8
S02_CL_Section_Top
100
AcDbLine
 10
132.601673242
 20
228.250000000
 30
0.000000000
 11
133.320042956
 21
228.250000000
 31
0.000000000
  0
LINE
  5
AC4
330
A02
100
AcDbEntity
  8
S02_CL_Section_Top
100
AcDbLine
 10
132.601673242
 20
221.750000000
 30
0.000000000
 11
133.320042956
 21
221.750000000
 31
0.000000000
  0
ARC
  5
AC5
330
A02
100
AcDbEntity
  8
S02_CL_Section_Top
100
AcDbCircle
 10
143.101673242
 20
225.000000000
 30
0.000000000
 40
3.125000000
100
AcDbArc
 50
16.260204708
 51
130.535802111
  0
ARC
  5
AC6
330
A02
100
AcDbEntity
  8
S02_CL_Section_Top
100
AcDbCircle
 10
143.101673242
 20
225.000000000
 30
0.000000000
 40
3.125000000
100
AcDbArc
 50
-130.535802111
 51
-16.260204708
  0
ARC
  5
AC7
330
A02
100
AcDbEntity
  8
S02_CL_Section_Top
100
AcDbCircle
 10
143.101673242
 20
225.000000000
 30
0.000000000
 40
3.225000000
100
AcDbArc
 50
132.571464303
 51
-132.571464304
  0
SPLINE
  5
AC8
330
A02
100
AcDbEntity
  8
S02_CL_Section_Top
100
AcDbSpline
210
0
220
0
230
1
 70
8
 71
3
 72
29
 73
25
 74
0
 40
0.000000000
 40
0.000000000
 40
0.000000000
 40
0.000000000
 40
0.159894536
 40
0.159894536
 40
0.159894536
 40
0.319789073
 40
0.319789073
 40
0.319789073
 40
0.479683609
 40
0.479683609
 40
0.479683609
 40
0.840105464
 40
0.840105464
 40
0.840105464
 40
0.880079098
 40
0.880079098
 40
0.880079098
 40
0.920052732
 40
0.920052732
 40
0.920052732
 40
0.960026366
 40
0.960026366
 40
0.960026366
 40
1.000000000
 40
1.000000000
 40
1.000000000
 40
1.000000000
 10
145.245736609
 20
218.292551937
 30
0.000000000
 10
144.226374282
 20
218.040466326
 30
0.000000000
 10
143.109494576
 20
217.886029422
 30
0.000000000
 10
141.934003003
 20
217.842330536
 30
0.000000000
 10
140.394371476
 20
217.785549731
 30
0.000000000
 10
138.778393799
 20
217.909247333
 30
0.000000000
 10
137.132787326
 20
218.066547390
 30
0.000000000
 10
136.629819158
 20
218.113738423
 30
0.000000000
 10
136.121731203
 20
218.173888372
 30
0.000000000
 10
135.608523461
 20
218.246997235
 30
0.000000000
 10
134.453695957
 20
218.415951317
 30
0.000000000
 10
133.281410763
 20
218.677788386
 30
0.000000000
 10
132.147259450
 20
219.163925618
 30
0.000000000
 10
131.606927476
 20
219.392489765
 30
0.000000000
 10
131.089980052
 20
219.675082814
 30
0.000000000
 10
130.596417177
 20
220.011704766
 30
0.000000000
 10
130.105990717
 20
220.349430811
 30
0.000000000
 10
129.649825702
 20
220.749789117
 30
0.000000000
 10
129.260798016
 20
221.217483804
 30
0.000000000
 10
128.871383959
 20
221.684115597
 30
0.000000000
 10
128.550183590
 20
222.217429230
 30
0.000000000
 10
128.317758404
 20
222.788684057
 30
0.000000000
 10
128.083263389
 20
223.362799081
 30
0.000000000
 10
127.941410843
 20
223.961515445
 30
0.000000000
 10
127.892200768
 20
224.584833148
 30
0.000000000
  0
SPLINE
  5
AC9
330
A02
100
AcDbEntity
  8
S02_CL_Section_Top
100
AcDbSpline
210
0
220
0
230
1
 70
8
 71
3
 72
41
 73
37
 74
0
 40
0.000000000
 40
0.000000000
 40
0.000000000
 40
0.000000000
 40
0.087010554
 40
0.087010554
 40
0.087010554
 40
0.174021107
 40
0.174021107
 40
0.174021107
 40
0.261031661
 40
0.261031661
 40
0.261031661
 40
0.477936679
 40
0.477936679
 40
0.477936679
 40
0.521441956
 40
0.521441956
 40
0.521441956
 40
0.564947232
 40
0.564947232
 40
0.564947232
 40
0.608452509
 40
0.608452509
 40
0.608452509
 40
0.651957786
 40
0.651957786
 40
0.651957786
 40
0.738968339
 40
0.738968339
 40
0.738968339
 40
0.825978893
 40
0.825978893
 40
0.825978893
 40
0.912989446
 40
0.912989446
 40
0.912989446
 40
1.000000000
 40
1.000000000
 40
1.000000000
 40
1.000000000
 10
144.957609874
 20
219.457448063
 30
0.000000000
 10
144.025663288
 20
219.226876769
 30
0.000000000
 10
142.988348139
 20
219.082230334
 30
0.000000000
 10
141.889266786
 20
219.041496373
 30
0.000000000
 10
140.448063155
 20
218.987489405
 30
0.000000000
 10
138.873736309
 20
219.105043668
 30
0.000000000
 10
137.249642753
 20
219.260844289
 30
0.000000000
 10
136.790559374
 20
219.304249502
 30
0.000000000
 10
136.334011282
 20
219.357396654
 30
0.000000000
 10
135.879998478
 20
219.420285746
 30
0.000000000
 10
134.749226281
 20
219.580160830
 30
0.000000000
 10
133.646183613
 20
219.825659983
 30
0.000000000
 10
132.613800658
 20
220.269545421
 30
0.000000000
 10
131.935670013
 20
220.560250265
 30
0.000000000
 10
131.294765898
 20
220.936877071
 30
0.000000000
 10
130.760207026
 20
221.399286872
 30
0.000000000
 10
130.223956184
 20
221.861645723
 30
0.000000000
 10
129.798046999
 20
222.418380197
 30
0.000000000
 10
129.504223020
 20
223.067924745
 30
0.000000000
 10
129.154470724
 20
223.839566832
 30
0.000000000
 10
129.006136903
 20
224.692929649
 30
0.000000000
 10
129.107996413
 20
225.523581251
 30
0.000000000
 10
129.205563936
 20
226.352447028
 30
0.000000000
 10
129.539944897
 20
227.174442360
 30
0.000000000
 10
130.039738538
 20
227.835132158
 30
0.000000000
 10
130.902284763
 20
228.983199410
 30
0.000000000
 10
132.338066490
 20
229.731966190
 30
0.000000000
 10
133.794007292
 20
230.149559269
 30
0.000000000
 10
134.889709225
 20
230.466555205
 30
0.000000000
 10
136.043764870
 20
230.620831805
 30
0.000000000
 10
137.204835679
 20
230.734767029
 30
0.000000000
 10
138.922783731
 20
230.900471227
 30
0.000000000
 10
140.586931712
 20
231.024314470
 30
0.000000000
 10
142.097377302
 20
230.949500516
 30
0.000000000
 10
143.119142585
 20
230.899146129
 30
0.000000000
 10
144.084758674
 20
230.758500571
 30
0.000000000
 10
144.957609874
 20
230.542551937
 30
0.000000000
  0
SPLINE
  5
ACA
330
A02
100
AcDbEntity
  8
S02_CL_Section_Top
100
AcDbSpline
210
0
220
0
230
1
 70
8
 71
3
 72
23
 73
19
 74
0
 40
0.000000000
 40
0.000000000
 40
0.000000000
 40
0.000000000
 40
0.200000000
 40
0.200000000
 40
0.200000000
 40
0.300000000
 40
0.300000000
 40
0.300000000
 40
0.400000000
 40
0.400000000
 40
0.400000000
 40
0.600000000
 40
0.600000000
 40
0.600000000
 40
0.800000000
 40
0.800000000
 40
0.800000000
 40
1.000000000
 40
1.000000000
 40
1.000000000
 40
1.000000000
 10
127.892200768
 20
225.415166852
 30
0.000000000
 10
127.981256425
 20
226.595570613
 30
0.000000000
 10
128.433529864
 20
227.734434006
 30
0.000000000
 10
129.153934398
 20
228.651491934
 30
0.000000000
 10
129.717120029
 20
229.367748332
 30
0.000000000
 10
130.431204098
 20
229.928411225
 30
0.000000000
 10
131.196628582
 20
230.365095765
 30
0.000000000
 10
131.963564417
 20
230.801951784
 30
0.000000000
 10
132.781840667
 20
231.114829449
 30
0.000000000
 10
133.594217106
 20
231.340145322
 30
0.000000000
 10
134.777312221
 20
231.667952019
 30
0.000000000
 10
135.973903291
 20
231.820144925
 30
0.000000000
 10
137.131818020
 20
231.933358066
 30
0.000000000
 10
138.860679373
 20
232.098533128
 30
0.000000000
 10
140.557344478
 20
232.227067234
 30
0.000000000
 10
142.166388327
 20
232.147552655
 30
0.000000000
 10
143.256954534
 20
232.093104363
 30
0.000000000
 10
144.293713804
 20
231.942866720
 30
0.000000000
 10
145.245736609
 20
231.707448063
 30
0.000000000
  0
LINE
  5
ACB
330
A02
100
AcDbEntity
  8
S02_CL_Section_Top
100
AcDbLine
 10
123.601673242
 20
224.250000000
 30
0.000000000
 11
127.927415939
 21
224.250000000
 31
0.000000000
  0
LINE
  5
ACC
330
A02
100
AcDbEntity
  8
S02_CL_Section_Top
100
AcDbLine
 10
123.601673242
 20
225.750000000
 30
0.000000000
 11
127.927133422
 21
225.750000000
 31
0.000000000
  0
SPLINE
  5
ACD
330
A02
100
AcDbEntity
  8
S02_CL_Section_Top
100
AcDbSpline
210
0
220
0
230
1
 70
8
 71
3
 72
35
 73
31
 74
0
 40
0.000000000
 40
0.000000000
 40
0.000000000
 40
0.000000000
 40
0.124063648
 40
0.124063648
 40
0.124063648
 40
0.248127297
 40
0.248127297
 40
0.248127297
 40
0.375247002
 40
0.375247002
 40
0.375247002
 40
0.499310650
 40
0.499310650
 40
0.499310650
 40
0.561342474
 40
0.561342474
 40
0.561342474
 40
0.623374298
 40
0.623374298
 40
0.623374298
 40
0.747437947
 40
0.747437947
 40
0.747437947
 40
0.875936352
 40
0.875936352
 40
0.875936352
 40
0.937968176
 40
0.937968176
 40
0.937968176
 40
1.000000000
 40
1.000000000
 40
1.000000000
 40
1.000000000
 10
80.725984885
 20
200.375000000
 30
0.000000000
 10
80.556838663
 20
201.907667727
 30
0.000000000
 10
80.610522366
 20
203.453834111
 30
0.000000000
 10
80.608511887
 20
204.994212431
 30
0.000000000
 10
80.605764447
 20
206.676780982
 30
0.000000000
 10
80.534052874
 20
208.357884198
 30
0.000000000
 10
80.480222191
 20
210.039447421
 30
0.000000000
 10
80.428039156
 20
211.762702522
 30
0.000000000
 10
80.384582712
 20
213.486451595
 30
0.000000000
 10
80.349852858
 20
215.210694643
 30
0.000000000
 10
80.308851494
 20
217.099288856
 30
0.000000000
 10
80.265840272
 20
218.988152358
 30
0.000000000
 10
80.197643733
 20
220.876405570
 30
0.000000000
 10
80.158094451
 20
222.063335999
 30
0.000000000
 10
80.111700935
 20
223.250900475
 30
0.000000000
 10
80.103209797
 20
224.438815815
 30
0.000000000
 10
80.092237979
 20
225.626687575
 30
0.000000000
 10
80.119168539
 20
226.814910200
 30
0.000000000
 10
80.159289072
 20
228.001980266
 30
0.000000000
 10
80.244001620
 20
230.300873430
 30
0.000000000
 10
80.305352847
 20
232.600242505
 30
0.000000000
 10
80.352231457
 20
234.899592725
 30
0.000000000
 10
80.401037217
 20
237.281145024
 30
0.000000000
 10
80.464066954
 20
239.661939811
 30
0.000000000
 10
80.549865914
 20
242.041378149
 30
0.000000000
 10
80.595471528
 20
243.305725154
 30
0.000000000
 10
80.614065106
 20
244.570445448
 30
0.000000000
 10
80.605646648
 20
245.835539031
 30
0.000000000
 10
80.605062958
 20
247.100565516
 30
0.000000000
 10
80.581216785
 20
248.367086729
 30
0.000000000
 10
80.725984885
 20
249.625000000
 30
0.000000000
  0
SPLINE
  5
ACE
330
A02
100
AcDbEntity
  8
S02_CL_Section_Top
100
AcDbSpline
210
0
220
0
230
1
 70
8
 71
3
 72
20
 73
16
 74
0
 40
0.000000000
 40
0.000000000
 40
0.000000000
 40
0.000000000
 40
0.108979190
 40
0.108979190
 40
0.108979190
 40
0.217958380
 40
0.217958380
 40
0.217958380
 40
0.321757385
 40
0.321757385
 40
0.321757385
 40
0.430736575
 40
0.430736575
 40
0.430736575
 40
0.509595344
 40
0.509595344
 40
0.509595344
 40
0.509595344
 10
85.601229307
 20
249.625000000
 30
0.000000000
 10
85.429133592
 20
248.076033405
 30
0.000000000
 10
85.486934307
 20
246.509596742
 30
0.000000000
 10
85.483886602
 20
244.949836368
 30
0.000000000
 10
85.479879712
 20
243.226752664
 30
0.000000000
 10
85.404074339
 20
241.505652584
 30
0.000000000
 10
85.350250513
 20
239.783223009
 30
0.000000000
 10
85.301525123
 20
238.142391553
 30
0.000000000
 10
85.260531932
 20
236.500691291
 30
0.000000000
 10
85.227270941
 20
234.858122223
 30
0.000000000
 10
85.186279463
 20
232.968641224
 30
0.000000000
 10
85.143834937
 20
231.078445713
 30
0.000000000
 10
85.076020098
 20
229.188558079
 30
0.000000000
 10
85.040588155
 20
228.167769687
 30
0.000000000
 10
85.003833031
 20
227.146722557
 30
0.000000000
 10
84.986634501
 20
226.125000000
 30
0.000000000
  0
SPLINE
  5
ACF
330
A02
100
AcDbEntity
  8
S02_CL_Section_Top
100
AcDbSpline
210
0
220
0
230
1
 70
8
 71
2
 72
6
 73
3
 74
0
 40
0.514740866
 40
0.514740866
 40
0.514740866
 40
0.562331453
 40
0.562331453
 40
0.562331453
 10
84.983524173
 20
225.925000000
 30
0.000000000
 10
84.969877850
 20
224.999986611
 30
0.000000000
 10
84.983522332
 20
224.075000000
 30
0.000000000
  0
SPLINE
  5
AD0
330
A02
100
AcDbEntity
  8
S02_CL_Section_Top
100
AcDbSpline
210
0
220
0
230
1
 70
8
 71
3
 72
20
 73
16
 74
0
 40
0.567477115
 40
0.567477115
 40
0.567477115
 40
0.567477115
 40
0.673062430
 40
0.673062430
 40
0.673062430
 40
0.782041620
 40
0.782041620
 40
0.782041620
 40
0.891020810
 40
0.891020810
 40
0.891020810
 40
0.945510405
 40
0.945510405
 40
0.945510405
 40
1.000000000
 40
1.000000000
 40
1.000000000
 40
1.000000000
 10
84.986633000
 20
223.875000000
 30
0.000000000
 10
85.009672483
 20
222.506997782
 30
0.000000000
 10
85.067723603
 20
221.140338124
 30
0.000000000
 10
85.110792787
 20
219.773630036
 30
0.000000000
 10
85.157635387
 20
218.212423383
 30
0.000000000
 10
85.196834670
 20
216.651422412
 30
0.000000000
 10
85.228390636
 20
215.090627122
 30
0.000000000
 10
85.272661349
 20
213.037257803
 30
0.000000000
 10
85.319362466
 20
210.984679339
 30
0.000000000
 10
85.392981897
 20
208.934343310
 30
0.000000000
 10
85.443644849
 20
207.506534014
 30
0.000000000
 10
85.489153753
 20
206.080253720
 30
0.000000000
 10
85.482199329
 20
204.651442516
 30
0.000000000
 10
85.486360793
 20
203.223329497
 30
0.000000000
 10
85.438058928
 20
201.792685569
 30
0.000000000
 10
85.601229307
 20
200.375000000
 30
0.000000000
  0
SPLINE
  5
AD1
330
A02
100
AcDbEntity
  8
S02_CL_Section_Top
100
AcDbSpline
210
0
220
0
230
1
 70
8
 71
3
 72
35
 73
31
 74
0
 40
0.000000000
 40
0.000000000
 40
0.000000000
 40
0.000000000
 40
0.108101136
 40
0.108101136
 40
0.108101136
 40
0.216202272
 40
0.216202272
 40
0.216202272
 40
0.329728099
 40
0.329728099
 40
0.329728099
 40
0.443306572
 40
0.443306572
 40
0.443306572
 40
0.551407708
 40
0.551407708
 40
0.551407708
 40
0.667638340
 40
0.667638340
 40
0.667638340
 40
0.783797728
 40
0.783797728
 40
0.783797728
 40
0.891898864
 40
0.891898864
 40
0.891898864
 40
0.945949432
 40
0.945949432
 40
0.945949432
 40
1.000000000
 40
1.000000000
 40
1.000000000
 40
1.000000000
 10
88.224753079
 20
249.625000000
 30
0.000000000
 10
88.047405225
 20
248.052262925
 30
0.000000000
 10
88.112218890
 20
246.452076788
 30
0.000000000
 10
88.107405071
 20
244.860904942
 30
0.000000000
 10
88.101897296
 20
243.221728945
 30
0.000000000
 10
88.031825778
 20
241.585184421
 30
0.000000000
 10
87.979391243
 20
239.946085011
 30
0.000000000
 10
87.927359792
 20
238.224334281
 30
0.000000000
 10
87.884081880
 20
236.500460537
 30
0.000000000
 10
87.849557508
 20
234.774463777
 30
0.000000000
 10
87.815337004
 20
233.047742377
 30
0.000000000
 10
87.770216197
 20
231.320089883
 30
0.000000000
 10
87.714195087
 20
229.591506297
 30
0.000000000
 10
87.662145878
 20
228.059923107
 30
0.000000000
 10
87.600897637
 20
226.526668610
 30
0.000000000
 10
87.601099221
 20
224.991762416
 30
0.000000000
 10
87.601359365
 20
223.341391986
 30
0.000000000
 10
87.672346511
 20
221.693160455
 30
0.000000000
 10
87.726297726
 20
220.046521456
 30
0.000000000
 10
87.777285614
 20
218.400435160
 30
0.000000000
 10
87.819210745
 20
216.755238926
 30
0.000000000
 10
87.852073119
 20
215.110932754
 30
0.000000000
 10
87.897615191
 20
212.973869518
 30
0.000000000
 10
87.947117334
 20
210.839114229
 30
0.000000000
 10
88.024706570
 20
208.709104275
 30
0.000000000
 10
88.075467089
 20
207.317821639
 30
0.000000000
 10
88.113592421
 20
205.928465178
 30
0.000000000
 10
88.105515228
 20
204.535886547
 30
0.000000000
 10
88.107620111
 20
203.144329342
 30
0.000000000
 10
88.063522469
 20
201.749549966
 30
0.000000000
 10
88.224753079
 20
200.375000000
 30
0.000000000
  0
SPLINE
  5
AD2
330
A02
100
AcDbEntity
  8
S02_CL_Section_Top
100
AcDbSpline
210
0
220
0
230
1
 70
8
 71
3
 72
38
 73
34
 74
0
 40
0.000000000
 40
0.000000000
 40
0.000000000
 40
0.000000000
 40
0.125000000
 40
0.125000000
 40
0.125000000
 40
0.250000000
 40
0.250000000
 40
0.250000000
 40
0.375000000
 40
0.375000000
 40
0.375000000
 40
0.437500000
 40
0.437500000
 40
0.437500000
 40
0.500000000
 40
0.500000000
 40
0.500000000
 40
0.562500000
 40
0.562500000
 40
0.562500000
 40
0.625000000
 40
0.625000000
 40
0.625000000
 40
0.750000000
 40
0.750000000
 40
0.750000000
 40
0.875000000
 40
0.875000000
 40
0.875000000
 40
0.937500000
 40
0.937500000
 40
0.937500000
 40
1.000000000
 40
1.000000000
 40
1.000000000
 40
1.000000000
 10
90.472040348
 20
249.625000000
 30
0.000000000
 10
90.294049459
 20
248.072094726
 30
0.000000000
 10
90.357842129
 20
246.480635680
 30
0.000000000
 10
90.355273429
 20
244.900319756
 30
0.000000000
 10
90.351407051
 20
243.181312715
 30
0.000000000
 10
90.274586585
 20
241.466499722
 30
0.000000000
 10
90.221167101
 20
239.746583038
 30
0.000000000
 10
90.172706771
 20
238.107782275
 30
0.000000000
 10
90.131996902
 20
236.465850508
 30
0.000000000
 10
90.099037495
 20
234.820787737
 30
0.000000000
 10
90.068845505
 20
233.503718191
 30
0.000000000
 10
90.043367203
 20
232.184923771
 30
0.000000000
 10
90.003093569
 20
230.865570401
 30
0.000000000
 10
89.964695696
 20
229.546111203
 30
0.000000000
 10
89.911502492
 20
228.226093055
 30
0.000000000
 10
89.876526258
 20
226.903718703
 30
0.000000000
 10
89.849659107
 20
225.925115556
 30
0.000000000
 10
89.843645251
 20
224.946195233
 30
0.000000000
 10
89.858484688
 20
223.966957735
 30
0.000000000
 10
89.872673714
 20
222.988074766
 30
0.000000000
 10
89.908635009
 20
222.010197359
 30
0.000000000
 10
89.941417902
 20
221.033552251
 30
0.000000000
 10
90.013488879
 20
219.053732283
 30
0.000000000
 10
90.058472136
 20
217.075371448
 30
0.000000000
 10
90.100752205
 20
215.100197749
 30
0.000000000
 10
90.147252367
 20
212.878969278
 30
0.000000000
 10
90.200397140
 20
210.662252511
 30
0.000000000
 10
90.281571075
 20
208.453456449
 30
0.000000000
 10
90.331984011
 20
207.103838137
 30
0.000000000
 10
90.361621599
 20
205.756032104
 30
0.000000000
 10
90.352443828
 20
204.404558844
 30
0.000000000
 10
90.352350442
 20
203.054419200
 30
0.000000000
 10
90.313441697
 20
201.700612329
 30
0.000000000
 10
90.472040348
 20
200.375000000
 30
0.000000000
  0
SPLINE
  5
AD3
330
A02
100
AcDbEntity
  8
S02_CL_Section_Top
100
AcDbSpline
210
0
220
0
230
1
 70
8
 71
1
 72
4
 73
2
 74
0
 40
0.000000000
 40
0.000000000
 40
1.000000000
 40
1.000000000
 10
147.216900098
 20
226.367411979
 30
0.000000000
 10
147.101673242
 20
226.375271724
 30
0.000000000
  0
SPLINE
  5
AD4
330
A02
100
AcDbEntity
  8
S02_CL_Section_Top
100
AcDbSpline
210
0
220
0
230
1
 70
8
 71
1
 72
5
 73
3
 74
0
 40
1.000000000
 40
1.000000000
 40
2.000000000
 40
3.000000000
 40
3.000000000
 10
147.101673242
 20
223.625000000
 30
0.000000000
 10
147.129173242
 20
223.626875000
 30
0.000000000
 10
147.144257948
 20
223.627903503
 30
0.000000000
  0
SPLINE
  5
AD5
330
A02
100
AcDbEntity
  8
S02_CL_Section_Top
100
AcDbSpline
210
0
220
0
230
1
 70
8
 71
3
 72
23
 73
19
 74
0
 40
0.000000000
 40
0.000000000
 40
0.000000000
 40
0.000000000
 40
0.137687536
 40
0.137687536
 40
0.137687536
 40
0.275375072
 40
0.275375072
 40
0.275375072
 40
0.499990644
 40
0.499990644
 40
0.499990644
 40
0.724622486
 40
0.724622486
 40
0.724622486
 40
0.862312464
 40
0.862312464
 40
0.862312464
 40
1.000000000
 40
1.000000000
 40
1.000000000
 40
1.000000000
 10
211.349514118
 20
212.125000000
 30
0.000000000
 10
211.349514118
 20
213.359832821
 30
0.000000000
 10
211.349514118
 20
214.612322332
 30
0.000000000
 10
211.349514118
 20
215.858750000
 30
0.000000000
 10
211.349514118
 20
217.017500015
 30
0.000000000
 10
211.349514118
 20
218.176250029
 30
0.000000000
 10
211.349514118
 20
219.335000044
 30
0.000000000
 10
211.349514118
 20
221.222822602
 30
0.000000000
 10
211.349514118
 20
223.111155920
 30
0.000000000
 10
211.349514118
 20
225.000000000
 30
0.000000000
 10
211.349514118
 20
226.888742654
 30
0.000000000
 10
211.349514118
 20
228.777075982
 30
0.000000000
 10
211.349514118
 20
230.664999983
 30
0.000000000
 10
211.349514118
 20
231.823749989
 30
0.000000000
 10
211.349514118
 20
232.982499994
 30
0.000000000
 10
211.349514118
 20
234.141250000
 30
0.000000000
 10
211.349514118
 20
235.387677668
 30
0.000000000
 10
211.349514118
 20
236.640167179
 30
0.000000000
 10
211.349514118
 20
237.875000000
 30
0.000000000
  0
SPLINE
  5
AD6
330
A02
100
AcDbEntity
  8
S02_CL_Section_Top
100
AcDbSpline
210
0
220
0
230
1
 70
8
 71
3
 72
11
 73
7
 74
0
 40
0.000000000
 40
0.000000000
 40
0.000000000
 40
0.000000000
 40
0.499997399
 40
0.499997399
 40
0.499997399
 40
1.000000000
 40
1.000000000
 40
1.000000000
 40
1.000000000
 10
215.975107311
 20
212.125000000
 30
0.000000000
 10
215.975107311
 20
216.413097847
 30
0.000000000
 10
215.975107311
 20
220.709745929
 30
0.000000000
 10
215.975107311
 20
225.000000000
 30
0.000000000
 10
215.975107311
 20
229.290157468
 30
0.000000000
 10
215.975107311
 20
233.586888943
 30
0.000000000
 10
215.975107311
 20
237.875000000
 30
0.000000000
  0
SPLINE
  5
AD7
330
A02
100
AcDbEntity
  8
S02_CL_Section_Top
100
AcDbSpline
210
0
220
0
230
1
 70
8
 71
3
 72
11
 73
7
 74
0
 40
0.000000000
 40
0.000000000
 40
0.000000000
 40
0.000000000
 40
0.499997399
 40
0.499997399
 40
0.499997399
 40
1.000000000
 40
1.000000000
 40
1.000000000
 40
1.000000000
 10
219.899595806
 20
212.125000000
 30
0.000000000
 10
219.899595806
 20
216.413097847
 30
0.000000000
 10
219.899595806
 20
220.709745929
 30
0.000000000
 10
219.899595806
 20
225.000000000
 30
0.000000000
 10
219.899595806
 20
229.290157468
 30
0.000000000
 10
219.899595806
 20
233.586888943
 30
0.000000000
 10
219.899595806
 20
237.875000000
 30
0.000000000
  0
LINE
  5
AD8
330
A02
100
AcDbEntity
  8
S02_CL_Section_Top
100
AcDbLine
 10
214.101673242
 20
224.650000000
 30
0.000000000
 11
217.101673242
 21
224.650000000
 31
0.000000000
  0
LINE
  5
AD9
330
A02
100
AcDbEntity
  8
S02_CL_Section_Top
100
AcDbLine
 10
214.101673242
 20
225.350000000
 30
0.000000000
 11
217.101673242
 21
225.350000000
 31
0.000000000
  0
LINE
  5
ADA
330
A02
100
AcDbEntity
  8
S02_CL_Section_Top
100
AcDbLine
 10
160.101673242
 20
220.162689399
 30
0.000000000
 11
161.344303348
 21
220.162689399
 31
0.000000000
  0
LINE
  5
ADB
330
A02
100
AcDbEntity
  8
S02_CL_Section_Top
100
AcDbLine
 10
161.936134729
 20
220.162689399
 30
0.000000000
 11
165.844303348
 21
220.162689399
 31
0.000000000
  0
LINE
  5
ADC
330
A02
100
AcDbEntity
  8
S02_CL_Section_Top
100
AcDbLine
 10
166.482849701
 20
220.162689399
 30
0.000000000
 11
171.138694776
 21
220.162689399
 31
0.000000000
  0
LINE
  5
ADD
330
A02
100
AcDbEntity
  8
S02_CL_Section_Top
100
AcDbLine
 10
171.417180100
 20
220.162689399
 30
0.000000000
 11
173.101673242
 21
220.162689399
 31
0.000000000
  0
LINE
  5
ADE
330
A02
100
AcDbEntity
  8
S02_CL_Section_Top
100
AcDbLine
 10
161.999969701
 20
219.845369789
 30
0.000000000
 11
166.913661905
 21
221.221203606
 31
0.000000000
  0
ARC
  5
ADF
330
A02
100
AcDbEntity
  8
S02_CL_Section_Top
100
AcDbCircle
 10
161.851673242
 20
220.375000000
 30
0.000000000
 40
0.550000000
100
AcDbArc
 50
105.642246457
 51
-74.357753681
  0
ARC
  5
AE0
330
A02
100
AcDbEntity
  8
S02_CL_Section_Top
100
AcDbCircle
 10
166.351673242
 20
220.375000000
 30
0.000000000
 40
0.550000000
100
AcDbArc
 50
113.629377731
 51
-66.370622500
  0
ARC
  5
AE1
330
A02
100
AcDbEntity
  8
S02_CL_Section_Top
100
AcDbCircle
 10
170.851673242
 20
220.375000000
 30
0.000000000
 40
0.550000000
100
AcDbArc
 50
135.000000015
 51
-45.000000000
  0
SPLINE
  5
AE2
330
A02
100
AcDbEntity
  8
S02_CL_Section_Top
100
AcDbSpline
210
0
220
0
230
1
 70
8
 71
3
 72
8
 73
4
 74
0
 40
0.000000000
 40
0.000000000
 40
0.000000000
 40
0.000000000
 40
1.000000000
 40
1.000000000
 40
1.000000000
 40
1.000000000
 10
173.601673242
 20
220.749784902
 30
0.000000000
 10
182.452064028
 20
221.147732853
 30
0.000000000
 10
191.294987551
 20
221.689746600
 30
0.000000000
 10
200.101673242
 20
222.374999985
 30
0.000000000
  0
SPLINE
  5
AE3
330
A02
100
AcDbEntity
  8
S02_CL_Section_Top
100
AcDbSpline
210
0
220
0
230
1
 70
8
 71
3
 72
8
 73
4
 74
0
 40
0.000000000
 40
0.000000000
 40
0.000000000
 40
0.000000000
 40
1.000000000
 40
1.000000000
 40
1.000000000
 40
1.000000000
 10
173.601673242
 20
220.750000000
 30
0.000000000
 10
182.455253474
 20
221.147937132
 30
0.000000000
 10
191.297016342
 20
221.689901503
 30
0.000000000
 10
200.101673242
 20
222.375000000
 30
0.000000000
  0
SPLINE
  5
AE4
330
A02
100
AcDbEntity
  8
S02_CL_Section_Top
100
AcDbSpline
210
0
220
0
230
1
 70
8
 71
3
 72
8
 73
4
 74
0
 40
0.000000000
 40
0.000000000
 40
0.000000000
 40
0.000000000
 40
1.000000000
 40
1.000000000
 40
1.000000000
 40
1.000000000
 10
173.601673242
 20
220.749784902
 30
0.000000000
 10
182.458684417
 20
221.148052686
 30
0.000000000
 10
191.298806173
 20
221.690060371
 30
0.000000000
 10
200.101673242
 20
222.374999985
 30
0.000000000
  0
SPLINE
  5
AE5
330
A02
100
AcDbEntity
  8
S02_CL_Section_Top
100
AcDbSpline
210
0
220
0
230
1
 70
8
 71
3
 72
17
 73
13
 74
0
 40
0.000000000
 40
0.000000000
 40
0.000000000
 40
0.000000000
 40
0.500000000
 40
0.500000000
 40
0.500000000
 40
0.750000000
 40
0.750000000
 40
0.750000000
 40
0.875000000
 40
0.875000000
 40
0.875000000
 40
1.000000000
 40
1.000000000
 40
1.000000000
 40
1.000000000
 10
173.601673242
 20
229.253537661
 30
0.000000000
 10
181.440655481
 20
228.899748373
 30
0.000000000
 10
189.271187378
 20
228.433035255
 30
0.000000000
 10
197.063647336
 20
227.855675478
 30
0.000000000
 10
197.317114838
 20
227.836781333
 30
0.000000000
 10
197.570582341
 20
227.817887189
 30
0.000000000
 10
197.824049843
 20
227.798993044
 30
0.000000000
 10
197.950878318
 20
227.789450179
 30
0.000000000
 10
198.077706792
 20
227.779907314
 30
0.000000000
 10
198.204535266
 20
227.770364449
 30
0.000000000
 10
198.329450003
 20
227.760937853
 30
0.000000000
 10
198.462313781
 20
227.750877094
 30
0.000000000
 10
198.578808722
 20
227.742033004
 30
0.000000000
  0
SPLINE
  5
AE6
330
A02
100
AcDbEntity
  8
S02_CL_Section_Top
100
AcDbSpline
210
0
220
0
230
1
 70
8
 71
3
 72
14
 73
10
 74
0
 40
0.000000000
 40
0.000000000
 40
0.000000000
 40
0.000000000
 40
0.500000000
 40
0.500000000
 40
0.500000000
 40
0.750000000
 40
0.750000000
 40
0.750000000
 40
1.000000000
 40
1.000000000
 40
1.000000000
 40
1.000000000
 10
198.578808722
 20
227.742033004
 30
0.000000000
 10
198.575974962
 20
227.742248116
 30
0.000000000
 10
198.571843133
 20
227.742561703
 30
0.000000000
 10
198.566413235
 20
227.742973764
 30
0.000000000
 10
198.563826522
 20
227.743170053
 30
0.000000000
 10
198.561239809
 20
227.743366342
 30
0.000000000
 10
198.558653097
 20
227.743562631
 30
0.000000000
 10
198.554943932
 20
227.743844116
 30
0.000000000
 10
198.560071090
 20
227.743454809
 30
0.000000000
 10
198.552299877
 20
227.744044613
 30
0.000000000
  0
SPLINE
  5
AE7
330
A02
100
AcDbEntity
  8
S02_CL_Section_Top
100
AcDbSpline
210
0
220
0
230
1
 70
8
 71
3
 72
14
 73
10
 74
0
 40
0.000000000
 40
0.000000000
 40
0.000000000
 40
0.000000000
 40
0.500000000
 40
0.500000000
 40
0.500000000
 40
0.750000000
 40
0.750000000
 40
0.750000000
 40
1.000000000
 40
1.000000000
 40
1.000000000
 40
1.000000000
 10
200.101673242
 20
227.625066254
 30
0.000000000
 10
199.839436117
 20
227.645327328
 30
0.000000000
 10
199.577198993
 20
227.665588402
 30
0.000000000
 10
199.314961868
 20
227.685849476
 30
0.000000000
 10
199.183685361
 20
227.695896165
 30
0.000000000
 10
199.052408853
 20
227.705942855
 30
0.000000000
 10
198.921132345
 20
227.715989545
 30
0.000000000
 10
198.791680137
 20
227.725866369
 30
0.000000000
 10
198.655573819
 20
227.736214691
 30
0.000000000
 10
198.533297328
 20
227.745485944
 30
0.000000000
  0
SPLINE
  5
AE8
330
A02
100
AcDbEntity
  8
S02_CL_Section_Top
100
AcDbSpline
210
0
220
0
230
1
 70
8
 71
3
 72
11
 73
7
 74
0
 40
0.000000000
 40
0.000000000
 40
0.000000000
 40
0.000000000
 40
0.500000000
 40
0.500000000
 40
0.500000000
 40
1.000000000
 40
1.000000000
 40
1.000000000
 40
1.000000000
 10
198.533297328
 20
227.745485944
 30
0.000000000
 10
198.535127937
 20
227.745347130
 30
0.000000000
 10
198.538026234
 20
227.745127320
 30
0.000000000
 10
198.541992219
 20
227.744826515
 30
0.000000000
 10
198.543160422
 20
227.744737861
 30
0.000000000
 10
198.552761311
 20
227.744009762
 30
0.000000000
 10
198.552299877
 20
227.744044613
 30
0.000000000
  0
SPLINE
  5
AE9
330
A02
100
AcDbEntity
  8
S02_CL_Section_Top
100
AcDbSpline
210
0
220
0
230
1
 70
8
 71
2
 72
10
 73
7
 74
0
 40
0.000000000
 40
0.000000000
 40
0.000000000
 40
0.119239135
 40
0.119239135
 40
0.305729174
 40
0.305729174
 40
0.900339154
 40
0.900339154
 40
0.900339154
 10
200.101673242
 20
227.250021176
 30
0.000000000
 10
200.816889942
 20
227.199970395
 30
0.000000000
 10
201.559112555
 20
227.148031234
 30
0.000000000
 10
202.717069128
 20
227.066999879
 30
0.000000000
 10
203.885870660
 20
226.985211043
 30
0.000000000
 10
207.612515612
 20
226.724433242
 30
0.000000000
 10
211.349514118
 20
226.462934662
 30
0.000000000
  0
SPLINE
  5
AEA
330
A02
100
AcDbEntity
  8
S02_CL_Section_Top
100
AcDbSpline
210
0
220
0
230
1
 70
8
 71
1
 72
6
 73
4
 74
0
 40
0.000000000
 40
0.000000000
 40
0.031222494
 40
0.062444987
 40
0.898921224
 40
0.898921224
 10
200.101673242
 20
222.749999986
 30
0.000000000
 10
200.600503853
 20
222.784918143
 30
0.000000000
 10
200.987285819
 20
222.811992880
 30
0.000000000
 10
211.349514118
 20
223.537348861
 30
0.000000000
  0
SPLINE
  5
AEB
330
A02
100
AcDbEntity
  8
S02_CL_Section_Top
100
AcDbSpline
210
0
220
0
230
1
 70
8
 71
1
 72
4
 73
2
 74
0
 40
0.000000000
 40
0.000000000
 40
1.000000000
 40
1.000000000
 10
200.101673242
 20
222.749999986
 30
0.000000000
 10
200.598557898
 20
222.784781926
 30
0.000000000
  0
SPLINE
  5
AEC
330
A02
100
AcDbEntity
  8
S02_CL_Section_Top
100
AcDbSpline
210
0
220
0
230
1
 70
8
 71
1
 72
5
 73
3
 74
0
 40
0.000000000
 40
0.000000000
 40
0.500000000
 40
1.000000000
 40
1.000000000
 10
200.598557898
 20
222.784781926
 30
0.000000000
 10
200.533864840
 20
222.780253412
 30
0.000000000
 10
200.101673242
 20
222.750000000
 30
0.000000000
  0
SPLINE
  5
AED
330
A02
100
AcDbEntity
  8
S02_CL_Section_Top
100
AcDbSpline
210
0
220
0
230
1
 70
8
 71
3
 72
26
 73
22
 74
0
 40
0.000000000
 40
0.000000000
 40
0.000000000
 40
0.000000000
 40
145.220521966
 40
145.220521966
 40
145.220521966
 40
338.479415681
 40
338.479415681
 40
338.479415681
 40
390.214920897
 40
390.214920897
 40
390.214920897
 40
441.950426114
 40
441.950426114
 40
441.950426114
 40
545.421436547
 40
545.421436547
 40
545.421436547
 40
693.049347187
 40
693.049347187
 40
693.049347187
 40
804.002966852
 40
804.002966852
 40
804.002966852
 40
804.002966852
 10
144.716039211
 20
218.875000000
 30
0.000000000
 10
143.825797730
 20
218.686726909
 30
0.000000000
 10
142.849659979
 20
218.581826103
 30
0.000000000
 10
141.821857638
 20
218.572342208
 30
0.000000000
 10
140.447450653
 20
218.445507409
 30
0.000000000
 10
138.965054089
 20
218.446838672
 30
0.000000000
 10
137.440647969
 20
218.464636198
 30
0.000000000
 10
137.034183192
 20
218.600953241
 30
0.000000000
 10
136.634896295
 20
218.758038462
 30
0.000000000
 10
136.239877472
 20
218.899234223
 30
0.000000000
 10
135.845096625
 20
219.039904176
 30
0.000000000
 10
135.451654919
 20
219.169433419
 30
0.000000000
 10
135.059552354
 20
219.287821953
 30
0.000000000
 10
134.275058474
 20
219.527163862
 30
0.000000000
 10
133.495558399
 20
219.761095709
 30
0.000000000
 10
132.746234408
 20
220.090743906
 30
0.000000000
 10
131.663518557
 20
220.539002964
 30
0.000000000
 10
130.656595568
 20
221.186514836
 30
0.000000000
 10
129.979969090
 20
222.068420655
 30
0.000000000
 10
129.469688516
 20
222.731704102
 30
0.000000000
 10
129.126393464
 20
223.553159193
 30
0.000000000
 10
129.016390080
 20
224.392996172
 30
0.000000000
  0
SPLINE
  5
AEE
330
A02
100
AcDbEntity
  8
S02_CL_Section_Top
100
AcDbSpline
210
0
220
0
230
1
 70
8
 71
1
 72
4
 73
2
 74
0
 40
0.000000000
 40
0.000000000
 40
0.899827270
 40
0.899827270
 10
200.101673242
 20
227.250000000
 30
0.000000000
 10
211.349514118
 20
226.462651139
 30
0.000000000
  0
SPLINE
  5
AEF
330
A02
100
AcDbEntity
  8
S02_CL_Section_SecA
100
AcDbSpline
210
0
220
0
230
1
 70
8
 71
3
 72
11
 73
7
 74
0
 40
0.000000000
 40
0.000000000
 40
0.000000000
 40
0.000000000
 40
0.172844837
 40
0.172844837
 40
0.172844837
 40
0.358793233
 40
0.358793233
 40
0.358793233
 40
0.358793233
 10
52.703347621
 20
106.875000000
 30
0.000000000
 10
55.815851091
 20
107.417841694
 30
0.000000000
 10
58.923513394
 20
107.992016093
 30
0.000000000
 10
62.012615900
 20
108.656404562
 30
0.000000000
 10
65.336128988
 20
109.369176831
 30
0.000000000
 10
68.637487454
 20
110.186629388
 30
0.000000000
 10
71.905276902
 20
111.122652543
 30
0.000000000
  0
SPLINE
  5
AF0
330
A02
100
AcDbEntity
  8
S02_CL_Section_SecA
100
AcDbSpline
210
0
220
0
230
1
 70
8
 71
3
 72
17
 73
13
 74
0
 40
0.405201094
 40
0.405201094
 40
0.405201094
 40
0.405201094
 40
0.551562432
 40
0.551562432
 40
0.551562432
 40
0.704468330
 40
0.704468330
 40
0.704468330
 40
0.851926253
 40
0.851926253
 40
0.851926253
 40
1.000000000
 40
1.000000000
 40
1.000000000
 40
1.000000000
 10
74.346026432
 20
111.843502877
 30
0.000000000
 10
76.905658768
 20
112.622483059
 30
0.000000000
 10
79.444057235
 20
113.470040368
 30
0.000000000
 10
81.966136896
 20
114.362806395
 30
0.000000000
 10
84.601391322
 20
115.294716024
 30
0.000000000
 10
87.218706062
 20
116.276216192
 30
0.000000000
 10
89.835568348
 20
117.258282033
 30
0.000000000
 10
92.359484238
 20
118.204453295
 30
0.000000000
 10
94.883509172
 20
119.151571869
 30
0.000000000
 10
97.431496147
 20
120.031479647
 30
0.000000000
 10
99.989896285
 20
120.913898273
 30
0.000000000
 10
102.574192260
 20
121.729180732
 30
0.000000000
 10
105.203347621
 20
122.375000000
 30
0.000000000
  0
SPLINE
  5
AF1
330
A02
100
AcDbEntity
  8
S02_CL_Section_SecA
100
AcDbSpline
210
0
220
0
230
1
 70
8
 71
3
 72
41
 73
37
 74
0
 40
0.250000000
 40
0.250000000
 40
0.250000000
 40
0.250000000
 40
0.312864625
 40
0.312864625
 40
0.312864625
 40
0.372645121
 40
0.372645121
 40
0.372645121
 40
0.408090258
 40
0.408090258
 40
0.408090258
 40
0.443005839
 40
0.443005839
 40
0.443005839
 40
0.470422231
 40
0.470422231
 40
0.470422231
 40
0.500000000
 40
0.500000000
 40
0.500000000
 40
0.529577769
 40
0.529577769
 40
0.529577769
 40
0.556994161
 40
0.556994161
 40
0.556994161
 40
0.591909742
 40
0.591909742
 40
0.591909742
 40
0.627354879
 40
0.627354879
 40
0.627354879
 40
0.687135375
 40
0.687135375
 40
0.687135375
 40
0.750000000
 40
0.750000000
 40
0.750000000
 40
0.750000000
 10
105.203347621
 20
122.375000000
 30
0.000000000
 10
105.203347621
 20
122.374856320
 30
0.000000000
 10
105.203347621
 20
122.375943911
 30
0.000000000
 10
105.203347621
 20
122.253103666
 30
0.000000000
 10
105.203347621
 20
122.133962269
 30
0.000000000
 10
105.203347621
 20
121.907949795
 30
0.000000000
 10
105.203347621
 20
121.403249944
 30
0.000000000
 10
105.203347621
 20
121.106502902
 30
0.000000000
 10
105.203347621
 20
120.697076168
 30
0.000000000
 10
105.203347621
 20
120.174969742
 30
0.000000000
 10
105.203347621
 20
119.660677344
 30
0.000000000
 10
105.203347621
 20
119.035297006
 30
0.000000000
 10
105.203347621
 20
118.370934139
 30
0.000000000
 10
105.203347621
 20
117.849518434
 30
0.000000000
 10
105.203347621
 20
117.306156773
 30
0.000000000
 10
105.203347621
 20
116.763876712
 30
0.000000000
 10
105.203347621
 20
116.177636860
 30
0.000000000
 10
105.203347621
 20
115.589677956
 30
0.000000000
 10
105.203347621
 20
115.000000000
 30
0.000000000
 10
105.203347621
 20
114.410322044
 30
0.000000000
 10
105.203347621
 20
113.822363140
 30
0.000000000
 10
105.203347621
 20
113.236123288
 30
0.000000000
 10
105.203347621
 20
112.693843227
 30
0.000000000
 10
105.203347621
 20
112.150481566
 30
0.000000000
 10
105.203347621
 20
111.629065861
 30
0.000000000
 10
105.203347621
 20
110.964702994
 30
0.000000000
 10
105.203347621
 20
110.339322656
 30
0.000000000
 10
105.203347621
 20
109.825030258
 30
0.000000000
 10
105.203347621
 20
109.302923832
 30
0.000000000
 10
105.203347621
 20
108.893497098
 30
0.000000000
 10
105.203347621
 20
108.596750056
 30
0.000000000
 10
105.203347621
 20
108.092050205
 30
0.000000000
 10
105.203347621
 20
107.866037731
 30
0.000000000
 10
105.203347621
 20
107.746896334
 30
0.000000000
 10
105.203347621
 20
107.624056089
 30
0.000000000
 10
105.203347621
 20
107.625143680
 30
0.000000000
 10
105.203347621
 20
107.625000000
 30
0.000000000
  0
SPLINE
  5
AF2
330
A02
100
AcDbEntity
  8
S02_CL_Section_SecA
100
AcDbSpline
210
0
220
0
230
1
 70
8
 71
2
 72
6
 73
3
 74
0
 40
0.000000000
 40
0.000000000
 40
0.000000000
 40
0.040031309
 40
0.040031309
 40
0.040031309
 10
52.703347621
 20
102.625000000
 30
0.000000000
 10
53.758915489
 20
102.684909101
 30
0.000000000
 10
54.815221711
 20
102.730007278
 30
0.000000000
  0
SPLINE
  5
AF3
330
A02
100
AcDbEntity
  8
S02_CL_Section_SecA
100
AcDbSpline
210
0
220
0
230
1
 70
8
 71
1
 72
4
 73
2
 74
0
 40
0.149745421
 40
0.149745421
 40
0.157363812
 40
0.157363812
 10
60.607487452
 20
102.912580507
 30
0.000000000
 10
61.009781109
 20
102.922350263
 30
0.000000000
  0
SPLINE
  5
AF4
330
A02
100
AcDbEntity
  8
S02_CL_Section_SecA
100
AcDbSpline
210
0
220
0
230
1
 70
8
 71
3
 72
17
 73
13
 74
0
 40
0.260489682
 40
0.260489682
 40
0.260489682
 40
0.260489682
 40
0.436464556
 40
0.436464556
 40
0.436464556
 40
0.627862650
 40
0.627862650
 40
0.627862650
 40
0.828265915
 40
0.828265915
 40
0.828265915
 40
1.000000000
 40
1.000000000
 40
1.000000000
 40
1.000000000
 10
66.455265416
 20
103.059906249
 30
0.000000000
 10
69.552267383
 20
103.149897086
 30
0.000000000
 10
72.648627418
 20
103.279385267
 30
0.000000000
 10
75.739641808
 20
103.494814167
 30
0.000000000
 10
79.102634304
 20
103.727264444
 30
0.000000000
 10
82.455323826
 20
104.062699883
 30
0.000000000
 10
85.797710374
 20
104.501120485
 30
0.000000000
 10
89.296831482
 20
104.957240301
 30
0.000000000
 10
92.779995850
 20
105.526325795
 30
0.000000000
 10
96.257110917
 20
106.125455228
 30
0.000000000
 10
99.237176936
 20
106.637055065
 30
0.000000000
 10
102.214183398
 20
107.168321890
 30
0.000000000
 10
105.203347621
 20
107.625000000
 30
0.000000000
  0
SPLINE
  5
AF5
330
A02
100
AcDbEntity
  8
S02_CL_Section_SecA
100
AcDbSpline
210
0
220
0
230
1
 70
8
 71
3
 72
23
 73
19
 74
0
 40
0.250000000
 40
0.250000000
 40
0.250000000
 40
0.250000000
 40
0.312864625
 40
0.312864625
 40
0.312864625
 40
0.372645121
 40
0.372645121
 40
0.372645121
 40
0.500000000
 40
0.500000000
 40
0.500000000
 40
0.627354879
 40
0.627354879
 40
0.627354879
 40
0.687135375
 40
0.687135375
 40
0.687135375
 40
0.750000000
 40
0.750000000
 40
0.750000000
 40
0.750000000
 10
52.703347621
 20
106.875000000
 30
0.000000000
 10
52.703347621
 20
106.875655448
 30
0.000000000
 10
52.703347621
 20
106.859307679
 30
0.000000000
 10
52.703347621
 20
106.787968838
 30
0.000000000
 10
52.703347621
 20
106.723704280
 30
0.000000000
 10
52.703347621
 20
106.604759745
 30
0.000000000
 10
52.703347621
 20
106.431135233
 30
0.000000000
 10
52.703347621
 20
106.061916075
 30
0.000000000
 10
52.703347621
 20
105.383293933
 30
0.000000000
 10
52.703347621
 20
104.750000000
 30
0.000000000
 10
52.703347621
 20
104.116706067
 30
0.000000000
 10
52.703347621
 20
103.438083925
 30
0.000000000
 10
52.703347621
 20
103.068864767
 30
0.000000000
 10
52.703347621
 20
102.895240255
 30
0.000000000
 10
52.703347621
 20
102.776295720
 30
0.000000000
 10
52.703347621
 20
102.712031162
 30
0.000000000
 10
52.703347621
 20
102.640692321
 30
0.000000000
 10
52.703347621
 20
102.624344552
 30
0.000000000
 10
52.703347621
 20
102.625000000
 30
0.000000000
  0
SPLINE
  5
AF6
330
A02
100
AcDbEntity
  8
S02_CL_Section_SecA
100
AcDbSpline
210
0
220
0
230
1
 70
8
 71
3
 72
17
 73
13
 74
0
 40
0.000000000
 40
0.000000000
 40
0.000000000
 40
0.000000000
 40
0.063807594
 40
0.063807594
 40
0.063807594
 40
0.142257677
 40
0.142257677
 40
0.142257677
 40
0.223882062
 40
0.223882062
 40
0.223882062
 40
0.303289363
 40
0.303289363
 40
0.303289363
 40
0.303289363
 10
105.203347621
 20
122.375000000
 30
0.000000000
 10
107.388555316
 20
122.566838543
 30
0.000000000
 10
109.563406633
 20
122.860122598
 30
0.000000000
 10
111.732420640
 20
123.184648778
 30
0.000000000
 10
114.399243340
 20
123.585331573
 30
0.000000000
 10
117.058587184
 20
124.033550660
 30
0.000000000
 10
119.721778527
 20
124.457287896
 30
0.000000000
 10
122.492452804
 20
124.899652743
 30
0.000000000
 10
125.267519200
 20
125.316593207
 30
0.000000000
 10
128.051139654
 20
125.669490262
 30
0.000000000
 10
130.759302704
 20
126.015050015
 30
0.000000000
 10
133.474054242
 20
126.297102739
 30
0.000000000
 10
136.195394268
 20
126.515648436
 30
0.000000000
  0
SPLINE
  5
AF7
330
A02
100
AcDbEntity
  8
S02_CL_Section_SecA
100
AcDbSpline
210
0
220
0
230
1
 70
8
 71
2
 72
6
 73
3
 74
0
 40
0.342567082
 40
0.342567082
 40
0.342567082
 40
0.400482228
 40
0.400482228
 40
0.400482228
 10
140.236353361
 20
126.792146277
 30
0.000000000
 10
143.218027420
 20
126.960697270
 30
0.000000000
 10
146.203347621
 20
127.042945490
 30
0.000000000
  0
SPLINE
  5
AF8
330
A02
100
AcDbEntity
  8
S02_CL_Section_SecA
100
AcDbSpline
210
0
220
0
230
1
 70
8
 71
3
 72
11
 73
7
 74
0
 40
0.184921761
 40
0.184921761
 40
0.184921761
 40
0.184921761
 40
0.268115129
 40
0.268115129
 40
0.268115129
 40
0.407187964
 40
0.407187964
 40
0.407187964
 40
0.407187964
 10
146.203347621
 20
126.732527420
 30
0.000000000
 10
146.203347621
 20
126.865941087
 30
0.000000000
 10
146.203347621
 20
126.937121458
 30
0.000000000
 10
146.203347621
 20
126.981257717
 30
0.000000000
 10
146.203347621
 20
127.054268732
 30
0.000000000
 10
146.203347621
 20
127.042936932
 30
0.000000000
 10
146.203347621
 20
127.042945490
 30
0.000000000
  0
SPLINE
  5
AF9
330
A02
100
AcDbEntity
  8
S02_CL_Section_SecA
100
AcDbSpline
210
0
220
0
230
1
 70
8
 71
2
 72
6
 73
3
 74
0
 40
0.000000000
 40
0.000000000
 40
0.000000000
 40
0.095229001
 40
0.095229001
 40
0.095229001
 10
183.203347621
 20
126.710767608
 30
0.000000000
 10
181.539056575
 20
126.580888365
 30
0.000000000
 10
179.817396285
 20
126.405657385
 30
0.000000000
  0
SPLINE
  5
AFA
330
A02
100
AcDbEntity
  8
S02_CL_Section_SecA
100
AcDbSpline
210
0
220
0
230
1
 70
8
 71
3
 72
17
 73
13
 74
0
 40
0.110616880
 40
0.110616880
 40
0.110616880
 40
0.110616880
 40
0.348005528
 40
0.348005528
 40
0.348005528
 40
0.528416610
 40
0.528416610
 40
0.528416610
 40
0.776905594
 40
0.776905594
 40
0.776905594
 40
1.000000000
 40
1.000000000
 40
1.000000000
 40
1.000000000
 10
179.259943739
 20
126.348969207
 30
0.000000000
 10
176.386881106
 20
126.054661034
 30
0.000000000
 10
173.407687733
 20
125.700914873
 30
0.000000000
 10
170.377470372
 20
125.507243973
 30
0.000000000
 10
168.075318891
 20
125.357579287
 30
0.000000000
 10
165.744950623
 20
125.311553185
 30
0.000000000
 10
163.431651903
 20
125.387041240
 30
0.000000000
 10
160.244280612
 20
125.485527009
 30
0.000000000
 10
157.096828914
 20
125.803387688
 30
0.000000000
 10
154.064105243
 20
126.103436003
 30
0.000000000
 10
151.340661469
 20
126.374717104
 30
0.000000000
 10
148.705070232
 20
126.619600011
 30
0.000000000
 10
146.203347621
 20
126.732527419
 30
0.000000000
  0
SPLINE
  5
AFB
330
A02
100
AcDbEntity
  8
S02_CL_Section_SecA
100
AcDbSpline
210
0
220
0
230
1
 70
8
 71
3
 72
11
 73
7
 74
0
 40
0.270393728
 40
0.270393728
 40
0.270393728
 40
0.270393728
 40
0.385054577
 40
0.385054577
 40
0.385054577
 40
0.523455369
 40
0.523455369
 40
0.523455369
 40
0.523455369
 10
183.203347621
 20
126.710767609
 30
0.000000000
 10
183.203347621
 20
126.941130698
 30
0.000000000
 10
183.203347621
 20
127.029514975
 30
0.000000000
 10
183.203347621
 20
127.079439129
 30
0.000000000
 10
183.203347621
 20
127.137424956
 30
0.000000000
 10
183.203347621
 20
127.122052700
 30
0.000000000
 10
183.203347621
 20
127.122046622
 30
0.000000000
  0
SPLINE
  5
AFC
330
A02
100
AcDbEntity
  8
S02_CL_Section_SecA
100
AcDbSpline
210
0
220
0
230
1
 70
8
 71
3
 72
14
 73
10
 74
0
 40
0.759282823
 40
0.759282823
 40
0.759282823
 40
0.759282823
 40
0.819264223
 40
0.819264223
 40
0.819264223
 40
0.891775095
 40
0.891775095
 40
0.891775095
 40
1.000000000
 40
1.000000000
 40
1.000000000
 40
1.000000000
 10
183.203347621
 20
127.122046622
 30
0.000000000
 10
185.265150779
 20
127.114449144
 30
0.000000000
 10
187.327084398
 20
127.094325448
 30
0.000000000
 10
189.388127007
 20
127.035335331
 30
0.000000000
 10
191.879315317
 20
126.963021695
 30
0.000000000
 10
194.370566304
 20
126.835598863
 30
0.000000000
 10
196.849732589
 20
126.574496950
 30
0.000000000
 10
200.543835694
 20
126.183611672
 30
0.000000000
 10
204.235711669
 20
125.489619920
 30
0.000000000
 10
207.703347621
 20
124.125000000
 30
0.000000000
  0
SPLINE
  5
AFD
330
A02
100
AcDbEntity
  8
S02_CL_Section_SecA
100
AcDbSpline
210
0
220
0
230
1
 70
8
 71
3
 72
35
 73
31
 74
0
 40
0.245621064
 40
0.245621064
 40
0.245621064
 40
0.245621064
 40
0.294748775
 40
0.294748775
 40
0.294748775
 40
0.346660396
 40
0.346660396
 40
0.346660396
 40
0.372645121
 40
0.372645121
 40
0.372645121
 40
0.392687648
 40
0.392687648
 40
0.392687648
 40
0.424615148
 40
0.424615148
 40
0.424615148
 40
0.451741042
 40
0.451741042
 40
0.451741042
 40
0.554031832
 40
0.554031832
 40
0.554031832
 40
0.578976445
 40
0.578976445
 40
0.578976445
 40
0.605101026
 40
0.605101026
 40
0.605101026
 40
0.656819969
 40
0.656819969
 40
0.656819969
 40
0.656819969
 10
207.703347621
 20
124.125000000
 30
0.000000000
 10
207.703347621
 20
124.124991577
 30
0.000000000
 10
207.703347621
 20
124.125783779
 30
0.000000000
 10
207.703347621
 20
123.994851703
 30
0.000000000
 10
207.703347621
 20
123.855626651
 30
0.000000000
 10
207.703347621
 20
123.570980184
 30
0.000000000
 10
207.703347621
 20
122.943178054
 30
0.000000000
 10
207.703347621
 20
122.630958469
 30
0.000000000
 10
207.703347621
 20
122.225931128
 30
0.000000000
 10
207.703347621
 20
121.728096031
 30
0.000000000
 10
207.703347621
 20
121.341521376
 30
0.000000000
 10
207.703347621
 20
120.903901673
 30
0.000000000
 10
207.703347621
 20
120.415236922
 30
0.000000000
 10
207.703347621
 20
119.639757850
 30
0.000000000
 10
207.703347621
 20
118.754197693
 30
0.000000000
 10
207.703347621
 20
117.833369659
 30
0.000000000
 10
207.703347621
 20
117.050255384
 30
0.000000000
 10
207.703347621
 20
116.242413745
 30
0.000000000
 10
207.703347621
 20
115.431512856
 30
0.000000000
 10
207.703347621
 20
112.370700181
 30
0.000000000
 10
207.703347621
 20
109.278486364
 30
0.000000000
 10
207.703347621
 20
106.219887193
 30
0.000000000
 10
207.703347621
 20
105.473754539
 30
0.000000000
 10
207.703347621
 20
104.728653414
 30
0.000000000
 10
207.703347621
 20
104.022555349
 30
0.000000000
 10
207.703347621
 20
103.282587446
 30
0.000000000
 10
207.703347621
 20
102.600661567
 30
0.000000000
 10
207.703347621
 20
102.058035792
 30
0.000000000
 10
207.703347621
 20
100.977104973
 30
0.000000000
 10
207.703347621
 20
100.453412453
 30
0.000000000
 10
207.703347621
 20
100.134708738
 30
0.000000000
  0
SPLINE
  5
AFE
330
A02
100
AcDbEntity
  8
S02_CL_Section_SecA
100
AcDbSpline
210
0
220
0
230
1
 70
8
 71
3
 72
14
 73
10
 74
0
 40
0.000000000
 40
0.000000000
 40
0.000000000
 40
0.000000000
 40
0.078668144
 40
0.078668144
 40
0.078668144
 40
0.121739850
 40
0.121739850
 40
0.121739850
 40
0.243259533
 40
0.243259533
 40
0.243259533
 40
0.243259533
 10
105.203347621
 20
107.625000000
 30
0.000000000
 10
107.901553572
 20
107.341731695
 30
0.000000000
 10
110.567230156
 20
106.814046539
 30
0.000000000
 10
113.210718598
 20
106.213329326
 30
0.000000000
 10
114.657781079
 20
105.880449613
 30
0.000000000
 10
116.100947203
 20
105.531410868
 30
0.000000000
 10
117.540216968
 20
105.166213091
 30
0.000000000
 10
121.601486300
 20
104.139994423
 30
0.000000000
 10
125.652191640
 20
103.067947406
 30
0.000000000
 10
129.741676177
 20
102.157606080
 30
0.000000000
  0
SPLINE
  5
AFF
330
A02
100
AcDbEntity
  8
S02_CL_Section_SecA
100
AcDbSpline
210
0
220
0
230
1
 70
8
 71
2
 72
6
 73
3
 74
0
 40
0.443466956
 40
0.443466956
 40
0.443466956
 40
0.475645400
 40
0.475645400
 40
0.475645400
 10
150.203347621
 20
99.125000000
 30
0.000000000
 10
151.863052764
 20
99.005746700
 30
0.000000000
 10
153.524829930
 20
98.920022570
 30
0.000000000
  0
SPLINE
  5
B00
330
A02
100
AcDbEntity
  8
S02_CL_Section_SecA
100
AcDbSpline
210
0
220
0
230
1
 70
8
 71
3
 72
41
 73
37
 74
0
 40
0.250000000
 40
0.250000000
 40
0.250000000
 40
0.250000000
 40
0.316886449
 40
0.316886449
 40
0.316886449
 40
0.374872129
 40
0.374872129
 40
0.374872129
 40
0.409239001
 40
0.409239001
 40
0.409239001
 40
0.443005839
 40
0.443005839
 40
0.443005839
 40
0.464062250
 40
0.464062250
 40
0.464062250
 40
0.500000000
 40
0.500000000
 40
0.500000000
 40
0.535937750
 40
0.535937750
 40
0.535937750
 40
0.560535921
 40
0.560535921
 40
0.560535921
 40
0.592417867
 40
0.592417867
 40
0.592417867
 40
0.627354879
 40
0.627354879
 40
0.627354879
 40
0.690996041
 40
0.690996041
 40
0.690996041
 40
0.750000000
 40
0.750000000
 40
0.750000000
 40
0.750000000
 10
105.203347621
 20
122.375000000
 30
0.000000000
 10
105.203347621
 20
122.374701030
 30
0.000000000
 10
105.203347621
 20
122.376371725
 30
0.000000000
 10
105.203347621
 20
122.227775026
 30
0.000000000
 10
105.203347621
 20
122.096662384
 30
0.000000000
 10
105.203347621
 20
121.856177688
 30
0.000000000
 10
105.203347621
 20
121.345491211
 30
0.000000000
 10
105.203347621
 20
121.044748719
 30
0.000000000
 10
105.203347621
 20
120.637519586
 30
0.000000000
 10
105.203347621
 20
120.123803813
 30
0.000000000
 10
105.203347621
 20
119.619577324
 30
0.000000000
 10
105.203347621
 20
119.013384347
 30
0.000000000
 10
105.203347621
 20
118.370934139
 30
0.000000000
 10
105.203347621
 20
117.968724323
 30
0.000000000
 10
105.203347621
 20
117.558801578
 30
0.000000000
 10
105.203347621
 20
117.141165903
 30
0.000000000
 10
105.203347621
 20
116.430527445
 30
0.000000000
 10
105.203347621
 20
115.716805477
 30
0.000000000
 10
105.203347621
 20
115.000000000
 30
0.000000000
 10
105.203347621
 20
114.283194523
 30
0.000000000
 10
105.203347621
 20
113.569472555
 30
0.000000000
 10
105.203347621
 20
112.858834097
 30
0.000000000
 10
105.203347621
 20
112.370141398
 30
0.000000000
 10
105.203347621
 20
111.893283530
 30
0.000000000
 10
105.203347621
 20
111.428260493
 30
0.000000000
 10
105.203347621
 20
110.829174256
 30
0.000000000
 10
105.203347621
 20
110.269482821
 30
0.000000000
 10
105.203347621
 20
109.802621707
 30
0.000000000
 10
105.203347621
 20
109.291223079
 30
0.000000000
 10
105.203347621
 20
108.889265862
 30
0.000000000
 10
105.203347621
 20
108.596750056
 30
0.000000000
 10
105.203347621
 20
108.059821064
 30
0.000000000
 10
105.203347621
 20
107.837314088
 30
0.000000000
 10
105.203347621
 20
107.725563422
 30
0.000000000
 10
105.203347621
 20
107.624325411
 30
0.000000000
 10
105.203347621
 20
107.625053229
 30
0.000000000
 10
105.203347621
 20
107.625000000
 30
0.000000000
  0
SPLINE
  5
B01
330
A02
100
AcDbEntity
  8
S02_CL_Section_SecA
100
AcDbSpline
210
0
220
0
230
1
 70
8
 71
1
 72
4
 73
2
 74
0
 40
0.000000000
 40
0.000000000
 40
0.310810822
 40
0.310810822
 10
146.203347621
 20
110.125000000
 30
0.000000000
 10
157.703347621
 20
110.125000000
 30
0.000000000
  0
SPLINE
  5
B02
330
A02
100
AcDbEntity
  8
S02_CL_Section_SecA
100
AcDbSpline
210
0
220
0
230
1
 70
8
 71
1
 72
4
 73
2
 74
0
 40
0.945945943
 40
0.945945943
 40
1.000000000
 40
1.000000000
 10
181.203347621
 20
110.125000000
 30
0.000000000
 10
183.203347621
 20
110.125000000
 30
0.000000000
  0
SPLINE
  5
B03
330
A02
100
AcDbEntity
  8
S02_CL_Section_SecA
100
AcDbSpline
210
0
220
0
230
1
 70
8
 71
3
 72
26
 73
22
 74
0
 40
0.510336210
 40
0.510336210
 40
0.510336210
 40
0.510336210
 40
0.558858070
 40
0.558858070
 40
0.558858070
 40
0.627546089
 40
0.627546089
 40
0.627546089
 40
0.655783800
 40
0.655783800
 40
0.655783800
 40
0.688478802
 40
0.688478802
 40
0.688478802
 40
0.703932371
 40
0.703932371
 40
0.703932371
 40
0.721149050
 40
0.721149050
 40
0.721149050
 40
0.750000000
 40
0.750000000
 40
0.750000000
 40
0.750000000
 10
146.203347621
 20
126.732527419
 30
0.000000000
 10
146.203347621
 20
125.336440729
 30
0.000000000
 10
146.203347621
 20
123.940354039
 30
0.000000000
 10
146.203347621
 20
122.544267348
 30
0.000000000
 10
146.203347621
 20
120.570333042
 30
0.000000000
 10
146.203347621
 20
118.591591805
 30
0.000000000
 10
146.203347621
 20
116.651644811
 30
0.000000000
 10
146.203347621
 20
115.855522334
 30
0.000000000
 10
146.203347621
 20
115.066463084
 30
0.000000000
 10
146.203347621
 20
114.302372650
 30
0.000000000
 10
146.203347621
 20
113.420853371
 30
0.000000000
 10
146.203347621
 20
112.562190422
 30
0.000000000
 10
146.203347621
 20
111.837926894
 30
0.000000000
 10
146.203347621
 20
111.497261590
 30
0.000000000
 10
146.203347621
 20
111.191373529
 30
0.000000000
 10
146.203347621
 20
110.942436122
 30
0.000000000
 10
146.203347621
 20
110.664666553
 30
0.000000000
 10
146.203347621
 20
110.463453249
 30
0.000000000
 10
146.203347621
 20
110.338796211
 30
0.000000000
 10
146.203347621
 20
110.125180511
 30
0.000000000
 10
146.203347621
 20
110.124830357
 30
0.000000000
 10
146.203347621
 20
110.125000000
 30
0.000000000
  0
SPLINE
  5
B04
330
A02
100
AcDbEntity
  8
S02_CL_Section_SecA
100
AcDbSpline
210
0
220
0
230
1
 70
8
 71
3
 72
26
 73
22
 74
0
 40
0.510076534
 40
0.510076534
 40
0.510076534
 40
0.510076534
 40
0.558858070
 40
0.558858070
 40
0.558858070
 40
0.627546089
 40
0.627546089
 40
0.627546089
 40
0.655783800
 40
0.655783800
 40
0.655783800
 40
0.688478802
 40
0.688478802
 40
0.688478802
 40
0.703932371
 40
0.703932371
 40
0.703932371
 40
0.721149050
 40
0.721149050
 40
0.721149050
 40
0.750000000
 40
0.750000000
 40
0.750000000
 40
0.750000000
 10
183.203347621
 20
126.710767608
 30
0.000000000
 10
183.203347621
 20
125.236210168
 30
0.000000000
 10
183.203347621
 20
123.761652727
 30
0.000000000
 10
183.203347621
 20
122.287095286
 30
0.000000000
 10
183.203347621
 20
120.215415929
 30
0.000000000
 10
183.203347621
 20
118.134066273
 30
0.000000000
 10
183.203347621
 20
116.127047535
 30
0.000000000
 10
183.203347621
 20
115.304700048
 30
0.000000000
 10
183.203347621
 20
114.495778193
 30
0.000000000
 10
183.203347621
 20
113.735240795
 30
0.000000000
 10
183.203347621
 20
112.856687470
 30
0.000000000
 10
183.203347621
 20
112.037179059
 30
0.000000000
 10
183.203347621
 20
111.420885446
 30
0.000000000
 10
183.203347621
 20
111.128929308
 30
0.000000000
 10
183.203347621
 20
110.888890649
 30
0.000000000
 10
183.203347621
 20
110.700769469
 30
0.000000000
 10
183.203347621
 20
110.495968967
 30
0.000000000
 10
183.203347621
 20
110.352023272
 30
0.000000000
 10
183.203347621
 20
110.268932384
 30
0.000000000
 10
183.203347621
 20
110.124520749
 30
0.000000000
 10
183.203347621
 20
110.125000005
 30
0.000000000
 10
183.203347621
 20
110.125000000
 30
0.000000000
  0
SPLINE
  5
B05
330
A02
100
AcDbEntity
  8
S02_CL_Section_SecA
100
AcDbSpline
210
0
220
0
230
1
 70
8
 71
3
 72
17
 73
13
 74
0
 40
0.000000000
 40
0.000000000
 40
0.000000000
 40
0.000000000
 40
0.063807594
 40
0.063807594
 40
0.063807594
 40
0.142257677
 40
0.142257677
 40
0.142257677
 40
0.223882062
 40
0.223882062
 40
0.223882062
 40
0.303289363
 40
0.303289363
 40
0.303289363
 40
0.303289363
 10
105.203347621
 20
122.375000000
 30
0.000000000
 10
107.388555316
 20
122.566838543
 30
0.000000000
 10
109.563406633
 20
122.860122598
 30
0.000000000
 10
111.732420640
 20
123.184648778
 30
0.000000000
 10
114.399243340
 20
123.585331573
 30
0.000000000
 10
117.058587184
 20
124.033550660
 30
0.000000000
 10
119.721778527
 20
124.457287896
 30
0.000000000
 10
122.492452804
 20
124.899652743
 30
0.000000000
 10
125.267519200
 20
125.316593207
 30
0.000000000
 10
128.051139654
 20
125.669490262
 30
0.000000000
 10
130.759302704
 20
126.015050015
 30
0.000000000
 10
133.474054242
 20
126.297102739
 30
0.000000000
 10
136.195394268
 20
126.515648436
 30
0.000000000
  0
SPLINE
  5
B06
330
A02
100
AcDbEntity
  8
S02_CL_Section_SecA
100
AcDbSpline
210
0
220
0
230
1
 70
8
 71
2
 72
6
 73
3
 74
0
 40
0.342567082
 40
0.342567082
 40
0.342567082
 40
0.400482228
 40
0.400482228
 40
0.400482228
 10
140.236353361
 20
126.792146277
 30
0.000000000
 10
143.218027420
 20
126.960697270
 30
0.000000000
 10
146.203347621
 20
127.042945490
 30
0.000000000
  0
SPLINE
  5
B07
330
A02
100
AcDbEntity
  8
S02_CL_Section_SecA
100
AcDbSpline
210
0
220
0
230
1
 70
8
 71
3
 72
11
 73
7
 74
0
 40
0.184921761
 40
0.184921761
 40
0.184921761
 40
0.184921761
 40
0.268115129
 40
0.268115129
 40
0.268115129
 40
0.407187964
 40
0.407187964
 40
0.407187964
 40
0.407187964
 10
146.203347621
 20
126.732527420
 30
0.000000000
 10
146.203347621
 20
126.865941087
 30
0.000000000
 10
146.203347621
 20
126.937121458
 30
0.000000000
 10
146.203347621
 20
126.981257717
 30
0.000000000
 10
146.203347621
 20
127.054268732
 30
0.000000000
 10
146.203347621
 20
127.042936932
 30
0.000000000
 10
146.203347621
 20
127.042945490
 30
0.000000000
  0
SPLINE
  5
B08
330
A02
100
AcDbEntity
  8
S02_CL_Section_SecA
100
AcDbSpline
210
0
220
0
230
1
 70
8
 71
3
 72
11
 73
7
 74
0
 40
0.270393728
 40
0.270393728
 40
0.270393728
 40
0.270393728
 40
0.385054577
 40
0.385054577
 40
0.385054577
 40
0.523455369
 40
0.523455369
 40
0.523455369
 40
0.523455369
 10
183.203347621
 20
126.710767609
 30
0.000000000
 10
183.203347621
 20
126.941130698
 30
0.000000000
 10
183.203347621
 20
127.029514975
 30
0.000000000
 10
183.203347621
 20
127.079439129
 30
0.000000000
 10
183.203347621
 20
127.137424956
 30
0.000000000
 10
183.203347621
 20
127.122052700
 30
0.000000000
 10
183.203347621
 20
127.122046622
 30
0.000000000
  0
SPLINE
  5
B09
330
A02
100
AcDbEntity
  8
S02_CL_Section_SecA
100
AcDbSpline
210
0
220
0
230
1
 70
8
 71
3
 72
14
 73
10
 74
0
 40
0.759282823
 40
0.759282823
 40
0.759282823
 40
0.759282823
 40
0.819264223
 40
0.819264223
 40
0.819264223
 40
0.891775095
 40
0.891775095
 40
0.891775095
 40
1.000000000
 40
1.000000000
 40
1.000000000
 40
1.000000000
 10
183.203347621
 20
127.122046622
 30
0.000000000
 10
185.265150779
 20
127.114449144
 30
0.000000000
 10
187.327084398
 20
127.094325448
 30
0.000000000
 10
189.388127007
 20
127.035335331
 30
0.000000000
 10
191.879315317
 20
126.963021695
 30
0.000000000
 10
194.370566304
 20
126.835598863
 30
0.000000000
 10
196.849732589
 20
126.574496950
 30
0.000000000
 10
200.543835694
 20
126.183611672
 30
0.000000000
 10
204.235711669
 20
125.489619920
 30
0.000000000
 10
207.703347621
 20
124.125000000
 30
0.000000000
  0
SPLINE
  5
B0A
330
A02
100
AcDbEntity
  8
S02_CL_Section_SecA
100
AcDbSpline
210
0
220
0
230
1
 70
8
 71
3
 72
35
 73
31
 74
0
 40
0.245621064
 40
0.245621064
 40
0.245621064
 40
0.245621064
 40
0.294748775
 40
0.294748775
 40
0.294748775
 40
0.346660396
 40
0.346660396
 40
0.346660396
 40
0.372645121
 40
0.372645121
 40
0.372645121
 40
0.392687648
 40
0.392687648
 40
0.392687648
 40
0.424615148
 40
0.424615148
 40
0.424615148
 40
0.451741042
 40
0.451741042
 40
0.451741042
 40
0.554031832
 40
0.554031832
 40
0.554031832
 40
0.578976445
 40
0.578976445
 40
0.578976445
 40
0.605101026
 40
0.605101026
 40
0.605101026
 40
0.656819969
 40
0.656819969
 40
0.656819969
 40
0.656819969
 10
207.703347621
 20
124.125000000
 30
0.000000000
 10
207.703347621
 20
124.124991577
 30
0.000000000
 10
207.703347621
 20
124.125783779
 30
0.000000000
 10
207.703347621
 20
123.994851703
 30
0.000000000
 10
207.703347621
 20
123.855626651
 30
0.000000000
 10
207.703347621
 20
123.570980184
 30
0.000000000
 10
207.703347621
 20
122.943178054
 30
0.000000000
 10
207.703347621
 20
122.630958469
 30
0.000000000
 10
207.703347621
 20
122.225931128
 30
0.000000000
 10
207.703347621
 20
121.728096031
 30
0.000000000
 10
207.703347621
 20
121.341521376
 30
0.000000000
 10
207.703347621
 20
120.903901673
 30
0.000000000
 10
207.703347621
 20
120.415236922
 30
0.000000000
 10
207.703347621
 20
119.639757850
 30
0.000000000
 10
207.703347621
 20
118.754197693
 30
0.000000000
 10
207.703347621
 20
117.833369659
 30
0.000000000
 10
207.703347621
 20
117.050255384
 30
0.000000000
 10
207.703347621
 20
116.242413745
 30
0.000000000
 10
207.703347621
 20
115.431512856
 30
0.000000000
 10
207.703347621
 20
112.370700181
 30
0.000000000
 10
207.703347621
 20
109.278486364
 30
0.000000000
 10
207.703347621
 20
106.219887193
 30
0.000000000
 10
207.703347621
 20
105.473754539
 30
0.000000000
 10
207.703347621
 20
104.728653414
 30
0.000000000
 10
207.703347621
 20
104.022555349
 30
0.000000000
 10
207.703347621
 20
103.282587446
 30
0.000000000
 10
207.703347621
 20
102.600661567
 30
0.000000000
 10
207.703347621
 20
102.058035792
 30
0.000000000
 10
207.703347621
 20
100.977104973
 30
0.000000000
 10
207.703347621
 20
100.453412453
 30
0.000000000
 10
207.703347621
 20
100.134708738
 30
0.000000000
  0
SPLINE
  5
B0B
330
A02
100
AcDbEntity
  8
S02_CL_Section_SecA
100
AcDbSpline
210
0
220
0
230
1
 70
8
 71
3
 72
14
 73
10
 74
0
 40
0.000000000
 40
0.000000000
 40
0.000000000
 40
0.000000000
 40
0.078668144
 40
0.078668144
 40
0.078668144
 40
0.121739850
 40
0.121739850
 40
0.121739850
 40
0.243259533
 40
0.243259533
 40
0.243259533
 40
0.243259533
 10
105.203347621
 20
107.625000000
 30
0.000000000
 10
107.901553572
 20
107.341731695
 30
0.000000000
 10
110.567230156
 20
106.814046539
 30
0.000000000
 10
113.210718598
 20
106.213329326
 30
0.000000000
 10
114.657781079
 20
105.880449613
 30
0.000000000
 10
116.100947203
 20
105.531410868
 30
0.000000000
 10
117.540216968
 20
105.166213091
 30
0.000000000
 10
121.601486300
 20
104.139994423
 30
0.000000000
 10
125.652191640
 20
103.067947406
 30
0.000000000
 10
129.741676177
 20
102.157606080
 30
0.000000000
  0
SPLINE
  5
B0C
330
A02
100
AcDbEntity
  8
S02_CL_Section_SecA
100
AcDbSpline
210
0
220
0
230
1
 70
8
 71
2
 72
6
 73
3
 74
0
 40
0.443466956
 40
0.443466956
 40
0.443466956
 40
0.475645400
 40
0.475645400
 40
0.475645400
 10
150.203347621
 20
99.125000000
 30
0.000000000
 10
151.863052764
 20
99.005746700
 30
0.000000000
 10
153.524829930
 20
98.920022570
 30
0.000000000
  0
SPLINE
  5
B0D
330
A02
100
AcDbEntity
  8
S02_CL_Section_SecA
100
AcDbSpline
210
0
220
0
230
1
 70
8
 71
3
 72
41
 73
37
 74
0
 40
0.250000000
 40
0.250000000
 40
0.250000000
 40
0.250000000
 40
0.316886449
 40
0.316886449
 40
0.316886449
 40
0.374872129
 40
0.374872129
 40
0.374872129
 40
0.409239001
 40
0.409239001
 40
0.409239001
 40
0.443005839
 40
0.443005839
 40
0.443005839
 40
0.464062250
 40
0.464062250
 40
0.464062250
 40
0.500000000
 40
0.500000000
 40
0.500000000
 40
0.535937750
 40
0.535937750
 40
0.535937750
 40
0.560535921
 40
0.560535921
 40
0.560535921
 40
0.592417867
 40
0.592417867
 40
0.592417867
 40
0.627354879
 40
0.627354879
 40
0.627354879
 40
0.690996041
 40
0.690996041
 40
0.690996041
 40
0.750000000
 40
0.750000000
 40
0.750000000
 40
0.750000000
 10
105.203347621
 20
122.375000000
 30
0.000000000
 10
105.203347621
 20
122.374701030
 30
0.000000000
 10
105.203347621
 20
122.376371725
 30
0.000000000
 10
105.203347621
 20
122.227775026
 30
0.000000000
 10
105.203347621
 20
122.096662384
 30
0.000000000
 10
105.203347621
 20
121.856177688
 30
0.000000000
 10
105.203347621
 20
121.345491211
 30
0.000000000
 10
105.203347621
 20
121.044748719
 30
0.000000000
 10
105.203347621
 20
120.637519586
 30
0.000000000
 10
105.203347621
 20
120.123803813
 30
0.000000000
 10
105.203347621
 20
119.619577324
 30
0.000000000
 10
105.203347621
 20
119.013384347
 30
0.000000000
 10
105.203347621
 20
118.370934139
 30
0.000000000
 10
105.203347621
 20
117.968724323
 30
0.000000000
 10
105.203347621
 20
117.558801578
 30
0.000000000
 10
105.203347621
 20
117.141165903
 30
0.000000000
 10
105.203347621
 20
116.430527445
 30
0.000000000
 10
105.203347621
 20
115.716805477
 30
0.000000000
 10
105.203347621
 20
115.000000000
 30
0.000000000
 10
105.203347621
 20
114.283194523
 30
0.000000000
 10
105.203347621
 20
113.569472555
 30
0.000000000
 10
105.203347621
 20
112.858834097
 30
0.000000000
 10
105.203347621
 20
112.370141398
 30
0.000000000
 10
105.203347621
 20
111.893283530
 30
0.000000000
 10
105.203347621
 20
111.428260493
 30
0.000000000
 10
105.203347621
 20
110.829174256
 30
0.000000000
 10
105.203347621
 20
110.269482821
 30
0.000000000
 10
105.203347621
 20
109.802621707
 30
0.000000000
 10
105.203347621
 20
109.291223079
 30
0.000000000
 10
105.203347621
 20
108.889265862
 30
0.000000000
 10
105.203347621
 20
108.596750056
 30
0.000000000
 10
105.203347621
 20
108.059821064
 30
0.000000000
 10
105.203347621
 20
107.837314088
 30
0.000000000
 10
105.203347621
 20
107.725563422
 30
0.000000000
 10
105.203347621
 20
107.624325411
 30
0.000000000
 10
105.203347621
 20
107.625053229
 30
0.000000000
 10
105.203347621
 20
107.625000000
 30
0.000000000
  0
SPLINE
  5
B0E
330
A02
100
AcDbEntity
  8
S02_CL_Section_SecA
100
AcDbSpline
210
0
220
0
230
1
 70
8
 71
1
 72
4
 73
2
 74
0
 40
0.000000000
 40
0.000000000
 40
0.310810822
 40
0.310810822
 10
146.203347621
 20
110.125000000
 30
0.000000000
 10
157.703347621
 20
110.125000000
 30
0.000000000
  0
SPLINE
  5
B0F
330
A02
100
AcDbEntity
  8
S02_CL_Section_SecA
100
AcDbSpline
210
0
220
0
230
1
 70
8
 71
1
 72
4
 73
2
 74
0
 40
0.945945943
 40
0.945945943
 40
1.000000000
 40
1.000000000
 10
181.203347621
 20
110.125000000
 30
0.000000000
 10
183.203347621
 20
110.125000000
 30
0.000000000
  0
SPLINE
  5
B10
330
A02
100
AcDbEntity
  8
S02_CL_Section_SecA
100
AcDbSpline
210
0
220
0
230
1
 70
8
 71
3
 72
26
 73
22
 74
0
 40
0.510336210
 40
0.510336210
 40
0.510336210
 40
0.510336210
 40
0.558858070
 40
0.558858070
 40
0.558858070
 40
0.627546089
 40
0.627546089
 40
0.627546089
 40
0.655783800
 40
0.655783800
 40
0.655783800
 40
0.688478802
 40
0.688478802
 40
0.688478802
 40
0.703932371
 40
0.703932371
 40
0.703932371
 40
0.721149050
 40
0.721149050
 40
0.721149050
 40
0.750000000
 40
0.750000000
 40
0.750000000
 40
0.750000000
 10
146.203347621
 20
126.732527419
 30
0.000000000
 10
146.203347621
 20
125.336440729
 30
0.000000000
 10
146.203347621
 20
123.940354039
 30
0.000000000
 10
146.203347621
 20
122.544267348
 30
0.000000000
 10
146.203347621
 20
120.570333042
 30
0.000000000
 10
146.203347621
 20
118.591591805
 30
0.000000000
 10
146.203347621
 20
116.651644811
 30
0.000000000
 10
146.203347621
 20
115.855522334
 30
0.000000000
 10
146.203347621
 20
115.066463084
 30
0.000000000
 10
146.203347621
 20
114.302372650
 30
0.000000000
 10
146.203347621
 20
113.420853371
 30
0.000000000
 10
146.203347621
 20
112.562190422
 30
0.000000000
 10
146.203347621
 20
111.837926894
 30
0.000000000
 10
146.203347621
 20
111.497261590
 30
0.000000000
 10
146.203347621
 20
111.191373529
 30
0.000000000
 10
146.203347621
 20
110.942436122
 30
0.000000000
 10
146.203347621
 20
110.664666553
 30
0.000000000
 10
146.203347621
 20
110.463453249
 30
0.000000000
 10
146.203347621
 20
110.338796211
 30
0.000000000
 10
146.203347621
 20
110.125180511
 30
0.000000000
 10
146.203347621
 20
110.124830357
 30
0.000000000
 10
146.203347621
 20
110.125000000
 30
0.000000000
  0
SPLINE
  5
B11
330
A02
100
AcDbEntity
  8
S02_CL_Section_SecA
100
AcDbSpline
210
0
220
0
230
1
 70
8
 71
3
 72
26
 73
22
 74
0
 40
0.510076534
 40
0.510076534
 40
0.510076534
 40
0.510076534
 40
0.558858070
 40
0.558858070
 40
0.558858070
 40
0.627546089
 40
0.627546089
 40
0.627546089
 40
0.655783800
 40
0.655783800
 40
0.655783800
 40
0.688478802
 40
0.688478802
 40
0.688478802
 40
0.703932371
 40
0.703932371
 40
0.703932371
 40
0.721149050
 40
0.721149050
 40
0.721149050
 40
0.750000000
 40
0.750000000
 40
0.750000000
 40
0.750000000
 10
183.203347621
 20
126.710767608
 30
0.000000000
 10
183.203347621
 20
125.236210168
 30
0.000000000
 10
183.203347621
 20
123.761652727
 30
0.000000000
 10
183.203347621
 20
122.287095286
 30
0.000000000
 10
183.203347621
 20
120.215415929
 30
0.000000000
 10
183.203347621
 20
118.134066273
 30
0.000000000
 10
183.203347621
 20
116.127047535
 30
0.000000000
 10
183.203347621
 20
115.304700048
 30
0.000000000
 10
183.203347621
 20
114.495778193
 30
0.000000000
 10
183.203347621
 20
113.735240795
 30
0.000000000
 10
183.203347621
 20
112.856687470
 30
0.000000000
 10
183.203347621
 20
112.037179059
 30
0.000000000
 10
183.203347621
 20
111.420885446
 30
0.000000000
 10
183.203347621
 20
111.128929308
 30
0.000000000
 10
183.203347621
 20
110.888890649
 30
0.000000000
 10
183.203347621
 20
110.700769469
 30
0.000000000
 10
183.203347621
 20
110.495968967
 30
0.000000000
 10
183.203347621
 20
110.352023272
 30
0.000000000
 10
183.203347621
 20
110.268932384
 30
0.000000000
 10
183.203347621
 20
110.124520749
 30
0.000000000
 10
183.203347621
 20
110.125000005
 30
0.000000000
 10
183.203347621
 20
110.125000000
 30
0.000000000
  0
LINE
  5
B12
330
A02
100
AcDbEntity
  8
S02_CL_Section_SecA
100
AcDbLine
 10
157.703347621
 20
102.125000000
 30
0.000000000
 11
157.703347621
 21
110.125000000
 31
0.000000000
  0
LINE
  5
B13
330
A02
100
AcDbEntity
  8
S02_CL_Section_SecA
100
AcDbLine
 10
157.703347621
 20
110.125000000
 30
0.000000000
 11
162.174248977
 21
110.125000000
 31
0.000000000
  0
LINE
  5
B14
330
A02
100
AcDbEntity
  8
S02_CL_Section_SecA
100
AcDbLine
 10
171.232446264
 20
110.125000000
 30
0.000000000
 11
181.203347621
 21
110.125000000
 31
0.000000000
  0
LINE
  5
B15
330
A02
100
AcDbEntity
  8
S02_CL_Section_SecA
100
AcDbLine
 10
157.703347621
 20
102.125000000
 30
0.000000000
 11
181.203347621
 21
102.125000000
 31
0.000000000
  0
LINE
  5
B16
330
A02
100
AcDbEntity
  8
S02_CL_Section_SecA
100
AcDbLine
 10
181.203347621
 20
106.625000000
 30
0.000000000
 11
181.203347621
 21
110.125000000
 31
0.000000000
  0
SPLINE
  5
B17
330
A02
100
AcDbEntity
  8
S02_CL_Section_SecA
100
AcDbSpline
210
0
220
0
230
1
 70
8
 71
2
 72
6
 73
3
 74
0
 40
5.644869649
 40
5.644869649
 40
5.644869649
 40
5.772339455
 40
5.772339455
 40
5.772339455
 10
156.703347621
 20
126.125000000
 30
0.000000000
 10
157.563134573
 20
126.125000000
 30
0.000000000
 10
158.269393597
 20
126.125000000
 30
0.000000000
  0
SPLINE
  5
B18
330
A02
100
AcDbEntity
  8
S02_CL_Section_SecA
100
AcDbSpline
210
0
220
0
230
1
 70
8
 71
1
 72
17
 73
15
 74
0
 40
0.510845852
 40
0.510845852
 40
0.630161338
 40
0.749476825
 40
0.868792312
 40
0.988107798
 40
1.107423285
 40
1.226738772
 40
1.346054259
 40
1.465369745
 40
1.584685232
 40
1.704000719
 40
1.823316205
 40
1.942631692
 40
2.061947179
 40
2.181262665
 40
2.181262665
 10
158.269393597
 20
126.125000000
 30
0.000000000
 10
158.149111969
 20
125.724061240
 30
0.000000000
 10
158.007373057
 20
125.251598198
 30
0.000000000
 10
157.846192288
 20
124.714328970
 30
0.000000000
 10
157.667861542
 20
124.119893151
 30
0.000000000
 10
157.474916558
 20
123.476743204
 30
0.000000000
 10
157.270100879
 20
122.794024274
 30
0.000000000
 10
157.056326842
 20
122.081444150
 30
0.000000000
 10
156.836634165
 20
121.349135225
 30
0.000000000
 10
156.614146724
 20
120.607510422
 30
0.000000000
 10
156.392028136
 20
119.867115130
 30
0.000000000
 10
156.173436774
 20
119.138477256
 30
0.000000000
 10
155.961480854
 20
118.431957523
 30
0.000000000
 10
155.759174242
 20
117.757602149
 30
0.000000000
 10
155.569393597
 20
117.125000000
 30
0.000000000
  0
SPLINE
  5
B19
330
A02
100
AcDbEntity
  8
S02_CL_Section_SecA
100
AcDbSpline
210
0
220
0
230
1
 70
8
 71
2
 72
6
 73
3
 74
0
 40
4.014658245
 40
4.014658245
 40
4.014658245
 40
4.101922642
 40
4.101922642
 40
4.101922642
 10
154.003347621
 20
117.125000000
 30
0.000000000
 10
154.760288217
 20
117.125000000
 30
0.000000000
 10
155.569393597
 20
117.125000000
 30
0.000000000
  0
SPLINE
  5
B1A
330
A02
100
AcDbEntity
  8
S02_CL_Section_SecA
100
AcDbSpline
210
0
220
0
230
1
 70
8
 71
1
 72
16
 73
14
 74
0
 40
0.638315659
 40
0.638315659
 40
0.754759330
 40
0.871203002
 40
0.987646674
 40
1.104090345
 40
1.220534017
 40
1.336977689
 40
1.453421360
 40
1.686308704
 40
1.802752375
 40
1.919196047
 40
2.035639719
 40
2.152083390
 40
2.268527062
 40
2.268527062
 10
156.703347621
 20
126.125000000
 30
0.000000000
 10
156.563893000
 20
125.660151265
 30
0.000000000
 10
156.406011405
 20
125.133879282
 30
0.000000000
 10
156.231841155
 20
124.553311780
 30
0.000000000
 10
156.043741178
 20
123.926311859
 30
0.000000000
 10
155.844259067
 20
123.261371488
 30
0.000000000
 10
155.636096570
 20
122.567496498
 30
0.000000000
 10
155.422073002
 20
121.854084603
 30
0.000000000
 10
154.988077554
 20
120.407433110
 30
0.000000000
 10
154.773983628
 20
119.693786692
 30
0.000000000
 10
154.565704929
 20
118.999524362
 30
0.000000000
 10
154.366062345
 20
118.334049080
 30
0.000000000
 10
154.177759797
 20
117.706373921
 30
0.000000000
 10
154.003347621
 20
117.125000000
 30
0.000000000
  0
SPLINE
  5
B1B
330
A02
100
AcDbEntity
  8
S02_CL_Section_SecA
100
AcDbSpline
210
0
220
0
230
1
 70
8
 71
1
 72
17
 73
15
 74
0
 40
4.712388980
 40
4.712388980
 40
4.871323614
 40
5.030258247
 40
5.189192881
 40
5.348127514
 40
5.507062148
 40
5.665996781
 40
5.824931415
 40
5.983866048
 40
6.142800682
 40
6.301735315
 40
6.460669949
 40
6.619604582
 40
6.778539215
 40
6.937473849
 40
6.937473849
 10
170.953347621
 20
126.233835008
 30
0.000000000
 10
171.019516230
 20
126.233835008
 30
0.000000000
 10
171.216354140
 20
126.233835008
 30
0.000000000
 10
171.538899640
 20
126.233835008
 30
0.000000000
 10
171.979022296
 20
126.233835008
 30
0.000000000
 10
172.525627897
 20
126.233835008
 30
0.000000000
 10
173.164938108
 20
126.233835008
 30
0.000000000
 10
173.880837779
 20
126.233835008
 30
0.000000000
 10
174.655281163
 20
126.233835008
 30
0.000000000
 10
175.468746796
 20
126.233835008
 30
0.000000000
 10
176.300729577
 20
126.233835008
 30
0.000000000
 10
177.130257643
 20
126.233835008
 30
0.000000000
 10
177.936421005
 20
126.233835008
 30
0.000000000
 10
178.698898632
 20
126.233835008
 30
0.000000000
 10
179.398470682
 20
126.233835008
 30
0.000000000
  0
SPLINE
  5
B1C
330
A02
100
AcDbEntity
  8
S02_CL_Section_SecA
100
AcDbSpline
210
0
220
0
230
1
 70
8
 71
1
 72
17
 73
15
 74
0
 40
6.982230217
 40
6.982230217
 40
7.044498176
 40
7.106766134
 40
7.169034092
 40
7.231302051
 40
7.293570009
 40
7.355837967
 40
7.418105926
 40
7.480373884
 40
7.542641842
 40
7.604909801
 40
7.667177759
 40
7.729445717
 40
7.791713676
 40
7.853981634
 40
7.853981634
 10
179.581653848
 20
126.233835008
 30
0.000000000
 10
179.825178064
 20
126.233835008
 30
0.000000000
 10
180.054663899
 20
126.233835008
 30
0.000000000
 10
180.269221854
 20
126.233835008
 30
0.000000000
 10
180.468020294
 20
126.233835008
 30
0.000000000
 10
180.650288667
 20
126.233835008
 30
0.000000000
 10
180.815320491
 20
126.233835008
 30
0.000000000
 10
180.962476096
 20
126.233835008
 30
0.000000000
 10
181.091185101
 20
126.233835008
 30
0.000000000
 10
181.200948622
 20
126.233835008
 30
0.000000000
 10
181.291341212
 20
126.233835008
 30
0.000000000
 10
181.362012505
 20
126.233835008
 30
0.000000000
 10
181.412688575
 20
126.233835008
 30
0.000000000
 10
181.443173000
 20
126.233835008
 30
0.000000000
 10
181.453347621
 20
126.233835008
 30
0.000000000
  0
ARC
  5
B1D
330
A02
100
AcDbEntity
  8
S02_CL_Section_SecA
100
AcDbCircle
 10
176.203347621
 20
129.625000000
 30
0.000000000
 40
6.250000000
100
AcDbArc
 50
-168.463040967
 51
-147.140119621
  0
ARC
  5
B1E
330
A02
100
AcDbEntity
  8
S02_CL_Section_SecA
100
AcDbCircle
 10
176.203347621
 20
129.625000000
 30
0.000000000
 40
6.250000000
100
AcDbArc
 50
161.139989297
 51
163.739795292
  0
ARC
  5
B1F
330
A02
100
AcDbEntity
  8
S02_CL_Section_SecA
100
AcDbCircle
 10
176.203347621
 20
129.625000000
 30
0.000000000
 40
6.250000000
100
AcDbArc
 50
90.000000000
 51
138.821720193
  0
ARC
  5
B20
330
A02
100
AcDbEntity
  8
S02_CL_Section_SecA
100
AcDbCircle
 10
176.203347621
 20
129.625000000
 30
0.000000000
 40
6.250000000
100
AcDbArc
 50
-32.859880379
 51
90.000000000
  0
LINE
  5
B21
330
A02
100
AcDbEntity
  8
S02_CL_Section_SecA
100
AcDbLine
 10
181.453347621
 20
123.125000000
 30
0.000000000
 11
181.453347621
 21
126.233835008
 31
0.000000000
  0
SPLINE
  5
B22
330
A02
100
AcDbEntity
  8
S02_CL_Section_SecA
100
AcDbSpline
210
0
220
0
230
1
 70
8
 71
1
 72
17
 73
15
 74
0
 40
3.141592654
 40
3.141592654
 40
3.365992129
 40
3.590391604
 40
3.814791079
 40
4.039190555
 40
4.263590030
 40
4.487989505
 40
4.712388980
 40
4.936788456
 40
5.161187931
 40
5.385587406
 40
5.609986881
 40
5.834386357
 40
6.058785832
 40
6.283185307
 40
6.283185307
 10
170.953347621
 20
123.125000000
 30
0.000000000
 10
171.084976082
 20
123.125000000
 30
0.000000000
 10
171.473261064
 20
123.125000000
 30
0.000000000
 10
172.098732338
 20
123.125000000
 30
0.000000000
 10
172.930026161
 20
123.125000000
 30
0.000000000
 10
173.925457990
 20
123.125000000
 30
0.000000000
 10
175.035112718
 20
123.125000000
 30
0.000000000
 10
176.203347621
 20
123.125000000
 30
0.000000000
 10
177.371582524
 20
123.125000000
 30
0.000000000
 10
178.481237251
 20
123.125000000
 30
0.000000000
 10
179.476669081
 20
123.125000000
 30
0.000000000
 10
180.307962904
 20
123.125000000
 30
0.000000000
 10
180.933434177
 20
123.125000000
 30
0.000000000
 10
181.321719160
 20
123.125000000
 30
0.000000000
 10
181.453347621
 20
123.125000000
 30
0.000000000
  0
LINE
  5
B23
330
A02
100
AcDbEntity
  8
S02_CL_Section_SecA
100
AcDbLine
 10
170.953347621
 20
123.125000000
 30
0.000000000
 11
170.953347621
 21
126.233835008
 31
0.000000000
  0
SPLINE
  5
B24
330
A02
100
AcDbEntity
  8
S02_CL_Section_SecA
100
AcDbSpline
210
0
220
0
230
1
 70
8
 71
1
 72
17
 73
15
 74
0
 40
4.712388980
 40
4.712388980
 40
4.871323614
 40
5.030258247
 40
5.189192881
 40
5.348127514
 40
5.507062148
 40
5.665996781
 40
5.824931415
 40
5.983866048
 40
6.142800682
 40
6.301735315
 40
6.460669949
 40
6.619604582
 40
6.778539215
 40
6.937473849
 40
6.937473849
 10
170.953347621
 20
126.233835008
 30
0.000000000
 10
171.019516230
 20
126.233835008
 30
0.000000000
 10
171.216354140
 20
126.233835008
 30
0.000000000
 10
171.538899640
 20
126.233835008
 30
0.000000000
 10
171.979022296
 20
126.233835008
 30
0.000000000
 10
172.525627897
 20
126.233835008
 30
0.000000000
 10
173.164938108
 20
126.233835008
 30
0.000000000
 10
173.880837779
 20
126.233835008
 30
0.000000000
 10
174.655281163
 20
126.233835008
 30
0.000000000
 10
175.468746796
 20
126.233835008
 30
0.000000000
 10
176.300729577
 20
126.233835008
 30
0.000000000
 10
177.130257643
 20
126.233835008
 30
0.000000000
 10
177.936421005
 20
126.233835008
 30
0.000000000
 10
178.698898632
 20
126.233835008
 30
0.000000000
 10
179.398470682
 20
126.233835008
 30
0.000000000
  0
SPLINE
  5
B25
330
A02
100
AcDbEntity
  8
S02_CL_Section_SecA
100
AcDbSpline
210
0
220
0
230
1
 70
8
 71
1
 72
17
 73
15
 74
0
 40
6.982230217
 40
6.982230217
 40
7.044498176
 40
7.106766134
 40
7.169034092
 40
7.231302051
 40
7.293570009
 40
7.355837967
 40
7.418105926
 40
7.480373884
 40
7.542641842
 40
7.604909801
 40
7.667177759
 40
7.729445717
 40
7.791713676
 40
7.853981634
 40
7.853981634
 10
179.581653848
 20
126.233835008
 30
0.000000000
 10
179.825178064
 20
126.233835008
 30
0.000000000
 10
180.054663899
 20
126.233835008
 30
0.000000000
 10
180.269221854
 20
126.233835008
 30
0.000000000
 10
180.468020294
 20
126.233835008
 30
0.000000000
 10
180.650288667
 20
126.233835008
 30
0.000000000
 10
180.815320491
 20
126.233835008
 30
0.000000000
 10
180.962476096
 20
126.233835008
 30
0.000000000
 10
181.091185101
 20
126.233835008
 30
0.000000000
 10
181.200948622
 20
126.233835008
 30
0.000000000
 10
181.291341212
 20
126.233835008
 30
0.000000000
 10
181.362012505
 20
126.233835008
 30
0.000000000
 10
181.412688575
 20
126.233835008
 30
0.000000000
 10
181.443173000
 20
126.233835008
 30
0.000000000
 10
181.453347621
 20
126.233835008
 30
0.000000000
  0
ARC
  5
B26
330
A02
100
AcDbEntity
  8
S02_CL_Section_SecA
100
AcDbCircle
 10
176.203347621
 20
129.625000000
 30
0.000000000
 40
6.250000000
100
AcDbArc
 50
-168.463040967
 51
-147.140119621
  0
ARC
  5
B27
330
A02
100
AcDbEntity
  8
S02_CL_Section_SecA
100
AcDbCircle
 10
176.203347621
 20
129.625000000
 30
0.000000000
 40
6.250000000
100
AcDbArc
 50
161.139989297
 51
163.739795292
  0
ARC
  5
B28
330
A02
100
AcDbEntity
  8
S02_CL_Section_SecA
100
AcDbCircle
 10
176.203347621
 20
129.625000000
 30
0.000000000
 40
6.250000000
100
AcDbArc
 50
90.000000000
 51
138.821720193
  0
ARC
  5
B29
330
A02
100
AcDbEntity
  8
S02_CL_Section_SecA
100
AcDbCircle
 10
176.203347621
 20
129.625000000
 30
0.000000000
 40
6.250000000
100
AcDbArc
 50
-32.859880379
 51
90.000000000
  0
LINE
  5
B2A
330
A02
100
AcDbEntity
  8
S02_CL_Section_SecA
100
AcDbLine
 10
181.453347621
 20
123.125000000
 30
0.000000000
 11
181.453347621
 21
126.233835008
 31
0.000000000
  0
SPLINE
  5
B2B
330
A02
100
AcDbEntity
  8
S02_CL_Section_SecA
100
AcDbSpline
210
0
220
0
230
1
 70
8
 71
1
 72
17
 73
15
 74
0
 40
3.141592654
 40
3.141592654
 40
3.365992129
 40
3.590391604
 40
3.814791079
 40
4.039190555
 40
4.263590030
 40
4.487989505
 40
4.712388980
 40
4.936788456
 40
5.161187931
 40
5.385587406
 40
5.609986881
 40
5.834386357
 40
6.058785832
 40
6.283185307
 40
6.283185307
 10
170.953347621
 20
123.125000000
 30
0.000000000
 10
171.084976082
 20
123.125000000
 30
0.000000000
 10
171.473261064
 20
123.125000000
 30
0.000000000
 10
172.098732338
 20
123.125000000
 30
0.000000000
 10
172.930026161
 20
123.125000000
 30
0.000000000
 10
173.925457990
 20
123.125000000
 30
0.000000000
 10
175.035112718
 20
123.125000000
 30
0.000000000
 10
176.203347621
 20
123.125000000
 30
0.000000000
 10
177.371582524
 20
123.125000000
 30
0.000000000
 10
178.481237251
 20
123.125000000
 30
0.000000000
 10
179.476669081
 20
123.125000000
 30
0.000000000
 10
180.307962904
 20
123.125000000
 30
0.000000000
 10
180.933434177
 20
123.125000000
 30
0.000000000
 10
181.321719160
 20
123.125000000
 30
0.000000000
 10
181.453347621
 20
123.125000000
 30
0.000000000
  0
LINE
  5
B2C
330
A02
100
AcDbEntity
  8
S02_CL_Section_SecA
100
AcDbLine
 10
170.953347621
 20
123.125000000
 30
0.000000000
 11
170.953347621
 21
126.233835008
 31
0.000000000
  0
ARC
  5
B2D
330
A02
100
AcDbEntity
  8
S02_CL_Section_SecA
100
AcDbCircle
 10
176.203347621
 20
129.625000000
 30
0.000000000
 40
6.450000000
100
AcDbArc
 50
164.257299566
 51
-168.825459089
  0
SPLINE
  5
B2E
330
A02
100
AcDbEntity
  8
S02_CL_Section_SecA
100
AcDbSpline
210
0
220
0
230
1
 70
8
 71
1
 72
17
 73
15
 74
0
 40
3.141592654
 40
3.141592654
 40
3.181156655
 40
3.220720656
 40
3.260284658
 40
3.299848659
 40
3.339412661
 40
3.378976662
 40
3.418540663
 40
3.458104665
 40
3.497668666
 40
3.537232668
 40
3.576796669
 40
3.616360670
 40
3.655924672
 40
3.695488673
 40
3.695488673
 10
169.995288343
 20
131.375000000
 30
0.000000000
 10
170.000146478
 20
131.375000000
 30
0.000000000
 10
170.014713281
 20
131.375000000
 30
0.000000000
 10
170.038965953
 20
131.375000000
 30
0.000000000
 10
170.072866536
 20
131.375000000
 30
0.000000000
 10
170.116361972
 20
131.375000000
 30
0.000000000
 10
170.169384186
 20
131.375000000
 30
0.000000000
 10
170.231850192
 20
131.375000000
 30
0.000000000
 10
170.303662226
 20
131.375000000
 30
0.000000000
 10
170.384707892
 20
131.375000000
 30
0.000000000
 10
170.474860346
 20
131.375000000
 30
0.000000000
 10
170.573978491
 20
131.375000000
 30
0.000000000
 10
170.681907195
 20
131.375000000
 30
0.000000000
 10
170.798477539
 20
131.375000000
 30
0.000000000
 10
170.923507077
 20
131.375000000
 30
0.000000000
  0
ARC
  5
B2F
330
A02
100
AcDbEntity
  8
S02_CL_Section_SecA
100
AcDbCircle
 10
176.203347621
 20
129.625000000
 30
0.000000000
 40
4.363484846
100
AcDbArc
 50
163.344413861
 51
-163.353365238
  0
SPLINE
  5
B30
330
A02
100
AcDbEntity
  8
S02_CL_Section_SecA
100
AcDbSpline
210
0
220
0
230
1
 70
8
 71
1
 72
17
 73
15
 74
0
 40
3.141592654
 40
3.141592654
 40
3.202240447
 40
3.262888240
 40
3.323536033
 40
3.384183827
 40
3.444831620
 40
3.505479413
 40
3.566127206
 40
3.626775000
 40
3.687422793
 40
3.748070586
 40
3.808718380
 40
3.869366173
 40
3.930013966
 40
3.990661759
 40
3.990661759
 10
169.875630813
 20
128.375000000
 30
0.000000000
 10
169.887264408
 20
128.375000000
 30
0.000000000
 10
169.922122414
 20
128.375000000
 30
0.000000000
 10
169.980076659
 20
128.375000000
 30
0.000000000
 10
170.060914043
 20
128.375000000
 30
0.000000000
 10
170.164337324
 20
128.375000000
 30
0.000000000
 10
170.289966213
 20
128.375000000
 30
0.000000000
 10
170.437338768
 20
128.375000000
 30
0.000000000
 10
170.605913096
 20
128.375000000
 30
0.000000000
 10
170.795069346
 20
128.375000000
 30
0.000000000
 10
171.004111984
 20
128.375000000
 30
0.000000000
 10
171.232272355
 20
128.375000000
 30
0.000000000
 10
171.478711506
 20
128.375000000
 30
0.000000000
 10
171.742523275
 20
128.375000000
 30
0.000000000
 10
172.022737618
 20
128.375000000
 30
0.000000000
  0
ARC
  5
B31
330
A02
100
AcDbEntity
  8
S02_CL_Section_SecA
100
AcDbCircle
 10
176.203347621
 20
129.625000000
 30
0.000000000
 40
6.450000000
100
AcDbArc
 50
164.257299566
 51
-168.825459089
  0
SPLINE
  5
B32
330
A02
100
AcDbEntity
  8
S02_CL_Section_SecA
100
AcDbSpline
210
0
220
0
230
1
 70
8
 71
1
 72
17
 73
15
 74
0
 40
3.141592654
 40
3.141592654
 40
3.181156655
 40
3.220720656
 40
3.260284658
 40
3.299848659
 40
3.339412661
 40
3.378976662
 40
3.418540663
 40
3.458104665
 40
3.497668666
 40
3.537232668
 40
3.576796669
 40
3.616360670
 40
3.655924672
 40
3.695488673
 40
3.695488673
 10
169.995288343
 20
131.375000000
 30
0.000000000
 10
170.000146478
 20
131.375000000
 30
0.000000000
 10
170.014713281
 20
131.375000000
 30
0.000000000
 10
170.038965953
 20
131.375000000
 30
0.000000000
 10
170.072866536
 20
131.375000000
 30
0.000000000
 10
170.116361972
 20
131.375000000
 30
0.000000000
 10
170.169384186
 20
131.375000000
 30
0.000000000
 10
170.231850192
 20
131.375000000
 30
0.000000000
 10
170.303662226
 20
131.375000000
 30
0.000000000
 10
170.384707892
 20
131.375000000
 30
0.000000000
 10
170.474860346
 20
131.375000000
 30
0.000000000
 10
170.573978491
 20
131.375000000
 30
0.000000000
 10
170.681907195
 20
131.375000000
 30
0.000000000
 10
170.798477539
 20
131.375000000
 30
0.000000000
 10
170.923507077
 20
131.375000000
 30
0.000000000
  0
SPLINE
  5
B33
330
A02
100
AcDbEntity
  8
S02_CL_Section_SecA
100
AcDbSpline
210
0
220
0
230
1
 70
8
 71
1
 72
17
 73
15
 74
0
 40
3.141592654
 40
3.141592654
 40
3.202240447
 40
3.262888240
 40
3.323536033
 40
3.384183827
 40
3.444831620
 40
3.505479413
 40
3.566127206
 40
3.626775000
 40
3.687422793
 40
3.748070586
 40
3.808718380
 40
3.869366173
 40
3.930013966
 40
3.990661759
 40
3.990661759
 10
169.875630813
 20
128.375000000
 30
0.000000000
 10
169.887264408
 20
128.375000000
 30
0.000000000
 10
169.922122414
 20
128.375000000
 30
0.000000000
 10
169.980076659
 20
128.375000000
 30
0.000000000
 10
170.060914043
 20
128.375000000
 30
0.000000000
 10
170.164337324
 20
128.375000000
 30
0.000000000
 10
170.289966213
 20
128.375000000
 30
0.000000000
 10
170.437338768
 20
128.375000000
 30
0.000000000
 10
170.605913096
 20
128.375000000
 30
0.000000000
 10
170.795069346
 20
128.375000000
 30
0.000000000
 10
171.004111984
 20
128.375000000
 30
0.000000000
 10
171.232272355
 20
128.375000000
 30
0.000000000
 10
171.478711506
 20
128.375000000
 30
0.000000000
 10
171.742523275
 20
128.375000000
 30
0.000000000
 10
172.022737618
 20
128.375000000
 30
0.000000000
  0
SPLINE
  5
B34
330
A02
100
AcDbEntity
  8
S02_CL_Section_SecA
100
AcDbSpline
210
0
220
0
230
1
 70
8
 71
3
 72
11
 73
7
 74
0
 40
0.000000000
 40
0.000000000
 40
0.000000000
 40
0.000000000
 40
145.220521966
 40
145.220521966
 40
145.220521966
 40
245.918025369
 40
245.918025369
 40
245.918025369
 40
245.918025369
 10
179.432079559
 20
126.205682004
 30
0.000000000
 10
177.651596598
 20
127.699446651
 30
0.000000000
 10
175.699321095
 20
128.982876880
 30
0.000000000
 10
173.643716414
 20
130.092070938
 30
0.000000000
 10
172.208263002
 20
130.835696685
 30
0.000000000
 10
170.723603079
 20
131.499682831
 30
0.000000000
 10
169.189736643
 20
132.084029374
 30
0.000000000
  0
SPLINE
  5
B35
330
A02
100
AcDbEntity
  8
S02_CL_Section_SecA
100
AcDbSpline
210
0
220
0
230
1
 70
8
 71
2
 72
8
 73
5
 74
0
 40
245.918025369
 40
245.918025369
 40
245.918025369
 40
338.479415681
 40
338.479415681
 40
365.216934705
 40
365.216934705
 40
365.216934705
 10
169.189736643
 20
132.084029374
 30
0.000000000
 10
167.075126812
 20
132.889355357
 30
0.000000000
 10
164.881297076
 20
133.514406802
 30
0.000000000
 10
164.251410463
 20
133.634771303
 30
0.000000000
 10
163.631533390
 20
133.778374091
 30
0.000000000
  0
SPLINE
  5
B36
330
A02
100
AcDbEntity
  8
S02_CL_Section_SecA
100
AcDbSpline
210
0
220
0
230
1
 70
8
 71
3
 72
23
 73
19
 74
0
 40
0.161998042
 40
0.161998042
 40
0.161998042
 40
0.161998042
 40
0.191710524
 40
0.191710524
 40
0.191710524
 40
0.245826394
 40
0.245826394
 40
0.245826394
 40
0.313801307
 40
0.313801307
 40
0.313801307
 40
0.402347028
 40
0.402347028
 40
0.402347028
 40
0.468104732
 40
0.468104732
 40
0.468104732
 40
0.500020608
 40
0.500020608
 40
0.500020608
 40
0.500020608
 10
146.961012234
 20
136.020641241
 30
0.000000000
 10
146.873668791
 20
136.027258857
 30
0.000000000
 10
146.784016259
 20
136.045282482
 30
0.000000000
 10
146.692054638
 20
136.074712119
 30
0.000000000
 10
146.525444078
 20
136.127809161
 30
0.000000000
 10
146.357208091
 20
136.227577007
 30
0.000000000
 10
146.226620466
 20
136.347073289
 30
0.000000000
 10
146.060864526
 20
136.497586267
 30
0.000000000
 10
145.954648900
 20
136.665214209
 30
0.000000000
 10
145.888463679
 20
136.816065657
 30
0.000000000
 10
145.802193741
 20
137.014177444
 30
0.000000000
 10
145.777920666
 20
137.192573646
 30
0.000000000
 10
145.780824610
 20
137.342111141
 30
0.000000000
 10
145.782791210
 20
137.452241843
 30
0.000000000
 10
145.802804683
 20
137.550197518
 30
0.000000000
 10
145.819905760
 20
137.610813119
 30
0.000000000
 10
145.828751782
 20
137.641118067
 30
0.000000000
 10
145.833494657
 20
137.656798035
 30
0.000000000
 10
145.834134388
 20
137.657853025
 30
0.000000000
  0
SPLINE
  5
B37
330
A02
100
AcDbEntity
  8
S02_CL_Section_SecA
100
AcDbSpline
210
0
220
0
230
1
 70
8
 71
3
 72
11
 73
7
 74
0
 40
0.330736596
 40
0.330736596
 40
0.330736596
 40
0.330736596
 40
0.375994369
 40
0.375994369
 40
0.375994369
 40
0.534215684
 40
0.534215684
 40
0.534215684
 40
0.534215684
 10
147.045343714
 20
138.421468436
 30
0.000000000
 10
146.931158529
 20
138.430161085
 30
0.000000000
 10
146.818036835
 20
138.422747208
 30
0.000000000
 10
146.705978632
 20
138.399226807
 30
0.000000000
 10
146.314845836
 20
138.320034145
 30
0.000000000
 10
145.975154321
 20
138.031184661
 30
0.000000000
 10
145.834134388
 20
137.657853025
 30
0.000000000
  0
SPLINE
  5
B38
330
A02
100
AcDbEntity
  8
S02_CL_Section_SecA
100
AcDbSpline
210
0
220
0
230
1
 70
8
 71
3
 72
17
 73
13
 74
0
 40
0.000000000
 40
0.000000000
 40
0.000000000
 40
0.000000000
 40
0.785398163
 40
0.785398163
 40
0.785398163
 40
1.570796327
 40
1.570796327
 40
1.570796327
 40
2.356194490
 40
2.356194490
 40
2.356194490
 40
3.141592654
 40
3.141592654
 40
3.141592654
 40
3.141592654
 10
179.432079559
 20
126.205682004
 30
0.000000000
 10
179.475305162
 20
126.167404620
 30
0.000000000
 10
179.601722668
 20
126.227297897
 30
0.000000000
 10
179.777123167
 20
126.371864566
 30
0.000000000
 10
179.951494826
 20
126.514647717
 30
0.000000000
 10
180.171542813
 20
126.739167257
 30
0.000000000
 10
180.373946628
 20
126.980748157
 30
0.000000000
 10
180.576753135
 20
127.222055487
 30
0.000000000
 10
180.759164037
 20
127.477010079
 30
0.000000000
 10
180.869727721
 20
127.673499419
 30
0.000000000
 10
180.981704096
 20
127.871156648
 30
0.000000000
 10
181.020301659
 20
128.007645002
 30
0.000000000
 10
180.974615683
 20
128.044317996
 30
0.000000000
  0
SPLINE
  5
B39
330
A02
100
AcDbEntity
  8
S02_CL_Section_SecA
100
AcDbSpline
210
0
220
0
230
1
 70
8
 71
1
 72
17
 73
15
 74
0
 40
3.141592654
 40
3.141592654
 40
3.365992129
 40
3.590391604
 40
3.814791079
 40
4.039190555
 40
4.263590030
 40
4.487989505
 40
4.712388980
 40
4.936788456
 40
5.161187931
 40
5.385587406
 40
5.609986881
 40
5.834386357
 40
6.058785832
 40
6.283185307
 40
6.283185307
 10
136.079298084
 20
126.618233427
 30
0.000000000
 10
136.107480353
 20
126.593330991
 30
0.000000000
 10
136.190613983
 20
126.519872396
 30
0.000000000
 10
136.324530305
 20
126.401541162
 30
0.000000000
 10
136.502514198
 20
126.244270912
 30
0.000000000
 10
136.715640805
 20
126.055947833
 30
0.000000000
 10
136.953223068
 20
125.846015230
 30
0.000000000
 10
137.203347621
 20
125.625000000
 30
0.000000000
 10
137.453472173
 20
125.403984770
 30
0.000000000
 10
137.691054437
 20
125.194052167
 30
0.000000000
 10
137.904181044
 20
125.005729088
 30
0.000000000
 10
138.082164936
 20
124.848458838
 30
0.000000000
 10
138.216081259
 20
124.730127604
 30
0.000000000
 10
138.299214889
 20
124.656669009
 30
0.000000000
 10
138.327397157
 20
124.631766573
 30
0.000000000
  0
LINE
  5
B3A
330
A02
100
AcDbEntity
  8
S02_CL_Section_SecA
100
AcDbLine
 10
136.079298084
 20
126.618233427
 30
0.000000000
 11
145.834134376
 21
137.657853035
 31
0.000000000
  0
LINE
  5
B3B
330
A02
100
AcDbEntity
  8
S02_CL_Section_SecA
100
AcDbLine
 10
138.327397157
 20
124.631766573
 30
0.000000000
 11
148.289069566
 21
135.905464128
 31
0.000000000
  0
SPLINE
  5
B3C
330
A02
100
AcDbEntity
  8
S02_CL_Section_SecA
100
AcDbSpline
210
0
220
0
230
1
 70
8
 71
3
 72
23
 73
19
 74
0
 40
0.161998042
 40
0.161998042
 40
0.161998042
 40
0.161998042
 40
0.191710524
 40
0.191710524
 40
0.191710524
 40
0.245826394
 40
0.245826394
 40
0.245826394
 40
0.313801307
 40
0.313801307
 40
0.313801307
 40
0.402347028
 40
0.402347028
 40
0.402347028
 40
0.468104732
 40
0.468104732
 40
0.468104732
 40
0.500020608
 40
0.500020608
 40
0.500020608
 40
0.500020608
 10
146.961012234
 20
136.020641241
 30
0.000000000
 10
146.873668791
 20
136.027258857
 30
0.000000000
 10
146.784016259
 20
136.045282482
 30
0.000000000
 10
146.692054638
 20
136.074712119
 30
0.000000000
 10
146.525444078
 20
136.127809161
 30
0.000000000
 10
146.357208091
 20
136.227577007
 30
0.000000000
 10
146.226620466
 20
136.347073289
 30
0.000000000
 10
146.060864526
 20
136.497586267
 30
0.000000000
 10
145.954648900
 20
136.665214209
 30
0.000000000
 10
145.888463679
 20
136.816065657
 30
0.000000000
 10
145.802193741
 20
137.014177444
 30
0.000000000
 10
145.777920666
 20
137.192573646
 30
0.000000000
 10
145.780824610
 20
137.342111141
 30
0.000000000
 10
145.782791210
 20
137.452241843
 30
0.000000000
 10
145.802804683
 20
137.550197518
 30
0.000000000
 10
145.819905760
 20
137.610813119
 30
0.000000000
 10
145.828751782
 20
137.641118067
 30
0.000000000
 10
145.833494657
 20
137.656798035
 30
0.000000000
 10
145.834134388
 20
137.657853025
 30
0.000000000
  0
SPLINE
  5
B3D
330
A02
100
AcDbEntity
  8
S02_CL_Section_SecA
100
AcDbSpline
210
0
220
0
230
1
 70
8
 71
3
 72
11
 73
7
 74
0
 40
0.330736596
 40
0.330736596
 40
0.330736596
 40
0.330736596
 40
0.375994369
 40
0.375994369
 40
0.375994369
 40
0.534215684
 40
0.534215684
 40
0.534215684
 40
0.534215684
 10
147.045343714
 20
138.421468436
 30
0.000000000
 10
146.931158529
 20
138.430161085
 30
0.000000000
 10
146.818036835
 20
138.422747208
 30
0.000000000
 10
146.705978632
 20
138.399226807
 30
0.000000000
 10
146.314845836
 20
138.320034145
 30
0.000000000
 10
145.975154321
 20
138.031184661
 30
0.000000000
 10
145.834134388
 20
137.657853025
 30
0.000000000
  0
SPLINE
  5
B3E
330
A02
100
AcDbEntity
  8
S02_CL_Section_SecA
100
AcDbSpline
210
0
220
0
230
1
 70
8
 71
1
 72
17
 73
15
 74
0
 40
3.141592654
 40
3.141592654
 40
3.365992129
 40
3.590391604
 40
3.814791079
 40
4.039190555
 40
4.263590030
 40
4.487989505
 40
4.712388980
 40
4.936788456
 40
5.161187931
 40
5.385587406
 40
5.609986881
 40
5.834386357
 40
6.058785832
 40
6.283185307
 40
6.283185307
 10
136.079298084
 20
126.618233427
 30
0.000000000
 10
136.107480353
 20
126.593330991
 30
0.000000000
 10
136.190613983
 20
126.519872396
 30
0.000000000
 10
136.324530305
 20
126.401541162
 30
0.000000000
 10
136.502514198
 20
126.244270912
 30
0.000000000
 10
136.715640805
 20
126.055947833
 30
0.000000000
 10
136.953223068
 20
125.846015230
 30
0.000000000
 10
137.203347621
 20
125.625000000
 30
0.000000000
 10
137.453472173
 20
125.403984770
 30
0.000000000
 10
137.691054437
 20
125.194052167
 30
0.000000000
 10
137.904181044
 20
125.005729088
 30
0.000000000
 10
138.082164936
 20
124.848458838
 30
0.000000000
 10
138.216081259
 20
124.730127604
 30
0.000000000
 10
138.299214889
 20
124.656669009
 30
0.000000000
 10
138.327397157
 20
124.631766573
 30
0.000000000
  0
LINE
  5
B3F
330
A02
100
AcDbEntity
  8
S02_CL_Section_SecA
100
AcDbLine
 10
136.079298084
 20
126.618233427
 30
0.000000000
 11
145.834134376
 21
137.657853035
 31
0.000000000
  0
LINE
  5
B40
330
A02
100
AcDbEntity
  8
S02_CL_Section_SecA
100
AcDbLine
 10
138.327397157
 20
124.631766573
 30
0.000000000
 11
148.289069566
 21
135.905464128
 31
0.000000000
  0
SPLINE
  5
B41
330
A02
100
AcDbEntity
  8
S02_CL_Section_SecA
100
AcDbSpline
210
0
220
0
230
1
 70
8
 71
3
 72
20
 73
16
 74
0
 40
0.000000000
 40
0.000000000
 40
0.000000000
 40
0.000000000
 40
0.093967862
 40
0.093967862
 40
0.093967862
 40
0.195522842
 40
0.195522842
 40
0.195522842
 40
0.297045794
 40
0.297045794
 40
0.297045794
 40
0.398537967
 40
0.398537967
 40
0.398537967
 40
0.500000000
 40
0.500000000
 40
0.500000000
 40
0.500000000
 10
63.884871313
 20
101.681605791
 30
0.000000000
 10
63.420136927
 20
101.309075912
 30
0.000000000
 10
63.574125662
 20
101.252100883
 30
0.000000000
 10
63.568861489
 20
101.125713533
 30
0.000000000
 10
63.563172278
 20
100.989121464
 30
0.000000000
 10
63.371475283
 20
100.771455637
 30
0.000000000
 10
63.225689626
 20
100.589119180
 30
0.000000000
 10
63.079949945
 20
100.406840227
 30
0.000000000
 10
62.980092650
 20
100.259868365
 30
0.000000000
 10
62.880950294
 20
100.127333590
 30
0.000000000
 10
62.781837997
 20
99.994838997
 30
0.000000000
 10
62.683440204
 20
99.876772738
 30
0.000000000
 10
62.534676649
 20
99.753801871
 30
0.000000000
 10
62.385957271
 20
99.630867521
 30
0.000000000
 10
62.186902038
 20
99.503031475
 30
0.000000000
 10
62.186902038
 20
99.503031475
 30
0.000000000
  0
SPLINE
  5
B42
330
A02
100
AcDbEntity
  8
S02_CL_Section_SecA
100
AcDbSpline
210
0
220
0
230
1
 70
8
 71
1
 72
4
 73
2
 74
0
 40
0.000000000
 40
0.000000000
 40
0.000169315
 40
0.000169315
 10
62.186902038
 20
99.503031475
 30
0.000000000
 10
62.189454087
 20
99.504143361
 30
0.000000000
  0
SPLINE
  5
B43
330
A02
100
AcDbEntity
  8
S02_CL_Section_SecA
100
AcDbSpline
210
0
220
0
230
1
 70
8
 71
3
 72
29
 73
25
 74
0
 40
0.484147624
 40
0.484147624
 40
0.484147624
 40
0.484147624
 40
0.493605777
 40
0.493605777
 40
0.493605777
 40
0.505526374
 40
0.505526374
 40
0.505526374
 40
0.517460133
 40
0.517460133
 40
0.517460133
 40
0.548248109
 40
0.548248109
 40
0.548248109
 40
0.615771221
 40
0.615771221
 40
0.615771221
 40
0.685276579
 40
0.685276579
 40
0.685276579
 40
0.752792426
 40
0.752792426
 40
0.752792426
 40
1.000000000
 40
1.000000000
 40
1.000000000
 40
1.000000000
 10
50.413978616
 20
99.058632870
 30
0.000000000
 10
50.338518753
 20
99.031097687
 30
0.000000000
 10
50.260224720
 20
98.991887343
 30
0.000000000
 10
50.219611203
 20
98.918957799
 30
0.000000000
 10
50.168261645
 20
98.825505072
 30
0.000000000
 10
50.232186300
 20
98.719180026
 30
0.000000000
 10
50.301628132
 20
98.655328569
 30
0.000000000
 10
50.374271075
 20
98.588337165
 30
0.000000000
 10
50.453992522
 20
98.531062084
 30
0.000000000
 10
50.540792474
 20
98.483503324
 30
0.000000000
 10
50.762635383
 20
98.359258684
 30
0.000000000
 10
51.002493536
 20
98.271077089
 30
0.000000000
 10
51.244555803
 20
98.195609186
 30
0.000000000
 10
51.777549996
 20
98.033207413
 30
0.000000000
 10
52.329793707
 20
97.941087113
 30
0.000000000
 10
52.883808391
 20
97.888763216
 30
0.000000000
 10
53.455666689
 20
97.837409741
 30
0.000000000
 10
54.028290103
 20
97.827270110
 30
0.000000000
 10
54.601678630
 20
97.858344323
 30
0.000000000
 10
55.157782699
 20
97.887567591
 30
0.000000000
 10
55.711518065
 20
97.950964239
 30
0.000000000
 10
56.263181722
 20
98.025625693
 30
0.000000000
 10
58.282206944
 20
98.308713413
 30
0.000000000
 10
60.269655047
 20
98.810876929
 30
0.000000000
 10
62.186902038
 20
99.503031475
 30
0.000000000
  0
SPLINE
  5
B44
330
A02
100
AcDbEntity
  8
S02_CL_Section_SecA
100
AcDbSpline
210
0
220
0
230
1
 70
8
 71
3
 72
32
 73
28
 74
0
 40
0.000000000
 40
0.000000000
 40
0.000000000
 40
0.000000000
 40
0.248621079
 40
0.248621079
 40
0.248621079
 40
0.303912933
 40
0.303912933
 40
0.303912933
 40
0.382234349
 40
0.382234349
 40
0.382234349
 40
0.445960682
 40
0.445960682
 40
0.445960682
 40
0.476880725
 40
0.476880725
 40
0.476880725
 40
0.497135370
 40
0.497135370
 40
0.497135370
 40
0.503435361
 40
0.503435361
 40
0.503435361
 40
0.508080493
 40
0.508080493
 40
0.508080493
 40
0.516641134
 40
0.516641134
 40
0.516641134
 40
0.516641134
 10
63.884871313
 20
101.681605791
 30
0.000000000
 10
61.931153509
 20
100.858296814
 30
0.000000000
 10
59.894258052
 20
100.228277210
 30
0.000000000
 10
57.812640506
 20
99.823596414
 30
0.000000000
 10
57.349515765
 20
99.733839659
 30
0.000000000
 10
56.884140198
 20
99.657926243
 30
0.000000000
 10
56.416513805
 20
99.595856164
 30
0.000000000
 10
55.752727044
 20
99.508745487
 30
0.000000000
 10
55.086255528
 20
99.473788679
 30
0.000000000
 10
54.417099257
 20
99.490985740
 30
0.000000000
 10
53.873993518
 20
99.507399750
 30
0.000000000
 10
53.330773087
 20
99.560682718
 30
0.000000000
 10
52.798667412
 20
99.672958069
 30
0.000000000
 10
52.539624759
 20
99.725842054
 30
0.000000000
 10
52.286459884
 20
99.798924751
 30
0.000000000
 10
52.039172787
 20
99.892206159
 30
0.000000000
 10
51.878776025
 20
99.955790831
 30
0.000000000
 10
51.719806824
 20
100.028492767
 30
0.000000000
 10
51.584431775
 20
100.137639968
 30
0.000000000
 10
51.540797963
 20
100.170849117
 30
0.000000000
 10
51.505334901
 20
100.211215979
 30
0.000000000
 10
51.478042588
 20
100.258740552
 30
0.000000000
 10
51.457681184
 20
100.295889877
 30
0.000000000
 10
51.449449528
 20
100.334643027
 30
0.000000000
 10
51.453347621
 20
100.375000000
 30
0.000000000
 10
51.464946023
 20
100.448508806
 30
0.000000000
 10
51.526918339
 20
100.506620737
 30
0.000000000
 10
51.588651127
 20
100.541252668
 30
0.000000000
  0
SPLINE
  5
B45
330
A02
100
AcDbEntity
  8
S02_CL_Section_SecA
100
AcDbSpline
210
0
220
0
230
1
 70
8
 71
3
 72
41
 73
37
 74
0
 40
0.516641134
 40
0.516641134
 40
0.516641134
 40
0.516641134
 40
0.538710268
 40
0.538710268
 40
0.538710268
 40
0.568295958
 40
0.568295958
 40
0.568295958
 40
0.628287889
 40
0.628287889
 40
0.628287889
 40
0.701480410
 40
0.701480410
 40
0.701480410
 40
0.755025134
 40
0.755025134
 40
0.755025134
 40
0.884328732
 40
0.884328732
 40
0.884328732
 40
0.945791059
 40
0.945791059
 40
0.945791059
 40
0.975325505
 40
0.975325505
 40
0.975325505
 40
0.986003487
 40
0.986003487
 40
0.986003487
 40
0.993741764
 40
0.993741764
 40
0.993741764
 40
0.998429767
 40
0.998429767
 40
0.998429767
 40
0.999818807
 40
0.999818807
 40
0.999818807
 40
0.999818807
 10
51.588651127
 20
100.541252668
 30
0.000000000
 10
51.756113156
 20
100.631388215
 30
0.000000000
 10
51.944038922
 20
100.666849990
 30
0.000000000
 10
52.128976779
 20
100.698461214
 30
0.000000000
 10
52.378703350
 20
100.735840335
 30
0.000000000
 10
52.629625295
 20
100.761858267
 30
0.000000000
 10
52.881742615
 20
100.776515011
 30
0.000000000
 10
53.392386184
 20
100.809684837
 30
0.000000000
 10
53.903983158
 20
100.823528910
 30
0.000000000
 10
54.415303525
 20
100.841454780
 30
0.000000000
 10
55.039335294
 20
100.860245296
 30
0.000000000
 10
55.662896752
 20
100.889038803
 30
0.000000000
 10
56.285987899
 20
100.927835301
 30
0.000000000
 10
56.741612896
 20
100.958817458
 30
0.000000000
 10
57.197153445
 20
100.991002030
 30
0.000000000
 10
57.652609547
 20
101.024389018
 30
0.000000000
 10
58.752739216
 20
101.102976132
 30
0.000000000
 10
59.851200612
 20
101.200284240
 30
0.000000000
 10
60.947993733
 20
101.316313342
 30
0.000000000
 10
61.469241939
 20
101.372182052
 30
0.000000000
 10
61.989913574
 20
101.432882561
 30
0.000000000
 10
62.510008637
 20
101.498414870
 30
0.000000000
 10
62.757338849
 20
101.529150361
 30
0.000000000
 10
63.012862759
 20
101.563245604
 30
0.000000000
 10
63.259387914
 20
101.595837804
 30
0.000000000
 10
63.345137953
 20
101.606687270
 30
0.000000000
 10
63.435385730
 20
101.618906173
 30
0.000000000
 10
63.530131244
 20
101.632494515
 30
0.000000000
 10
63.600561911
 20
101.642830511
 30
0.000000000
 10
63.677200877
 20
101.654947967
 30
0.000000000
 10
63.726276978
 20
101.659502615
 30
0.000000000
 10
63.756008264
 20
101.662261912
 30
0.000000000
 10
63.775623484
 20
101.662245523
 30
0.000000000
 10
63.845081920
 20
101.676038565
 30
0.000000000
 10
63.865662230
 20
101.680125398
 30
0.000000000
 10
63.890618363
 20
101.685424586
 30
0.000000000
 10
63.887567009
 20
101.682978354
 30
0.000000000
  0
SPLINE
  5
B46
330
A02
100
AcDbEntity
  8
S02_CL_Section_SecA
100
AcDbSpline
210
0
220
0
230
1
 70
8
 71
1
 72
4
 73
2
 74
0
 40
0.999818807
 40
0.999818807
 40
1.000000000
 40
1.000000000
 10
63.887567009
 20
101.682978354
 30
0.000000000
 10
63.884871313
 20
101.681605791
 30
0.000000000
  0
SPLINE
  5
B47
330
A02
100
AcDbEntity
  8
S02_CL_Section_SecA
100
AcDbSpline
210
0
220
0
230
1
 70
8
 71
3
 72
20
 73
16
 74
0
 40
0.013332760
 40
0.013332760
 40
0.013332760
 40
0.013332760
 40
0.094089184
 40
0.094089184
 40
0.094089184
 40
0.195709003
 40
0.195709003
 40
0.195709003
 40
0.297231074
 40
0.297231074
 40
0.297231074
 40
0.398660281
 40
0.398660281
 40
0.398660281
 40
0.422065118
 40
0.422065118
 40
0.422065118
 40
0.422065118
 10
68.291893266
 20
105.861941709
 30
0.000000000
 10
67.764008914
 20
105.400556382
 30
0.000000000
 10
68.005507052
 20
105.298039088
 30
0.000000000
 10
68.004823171
 20
105.100294625
 30
0.000000000
 10
68.003962610
 20
104.851462947
 30
0.000000000
 10
67.619620414
 20
104.451844392
 30
0.000000000
 10
67.328433038
 20
104.118208646
 30
0.000000000
 10
67.037525754
 20
103.784893825
 30
0.000000000
 10
66.839594164
 20
103.517434937
 30
0.000000000
 10
66.641792710
 20
103.276673569
 30
0.000000000
 10
66.444172188
 20
103.036132430
 30
0.000000000
 10
66.246681563
 20
102.822239991
 30
0.000000000
 10
65.945531698
 20
102.598355078
 30
0.000000000
 10
65.874998546
 20
102.546193300
 30
0.000000000
 10
65.802074015
 20
102.495000154
 30
0.000000000
 10
65.726758106
 20
102.444775642
 30
0.000000000
  0
SPLINE
  5
B48
330
A02
100
AcDbEntity
  8
S02_CL_Section_SecA
100
AcDbSpline
210
0
220
0
230
1
 70
8
 71
3
 72
8
 73
4
 74
0
 40
0.422065118
 40
0.422065118
 40
0.422065118
 40
0.422065118
 40
0.500000000
 40
0.500000000
 40
0.500000000
 40
0.500000000
 10
65.726758106
 20
102.444775642
 30
0.000000000
 10
65.479438489
 20
102.279200638
 30
0.000000000
 10
65.240286949
 20
102.141005457
 30
0.000000000
 10
65.240286949
 20
102.141005457
 30
0.000000000
  0
SPLINE
  5
B49
330
A02
100
AcDbEntity
  8
S02_CL_Section_SecA
100
AcDbSpline
210
0
220
0
230
1
 70
8
 71
2
 72
6
 73
3
 74
0
 40
0.832226201
 40
0.832226201
 40
0.832226201
 40
0.891801527
 40
0.891801527
 40
0.891801527
 10
63.558661127
 20
101.213539890
 30
0.000000000
 10
63.868296713
 20
101.357140400
 30
0.000000000
 10
64.170435980
 20
101.515909908
 30
0.000000000
  0
SPLINE
  5
B4A
330
A02
100
AcDbEntity
  8
S02_CL_Section_SecA
100
AcDbSpline
210
0
220
0
230
1
 70
8
 71
2
 72
6
 73
3
 74
0
 40
0.891801527
 40
0.891801527
 40
0.891801527
 40
1.000000000
 40
1.000000000
 40
1.000000000
 10
64.170435980
 20
101.515909908
 30
0.000000000
 10
64.719603561
 20
101.804094638
 30
0.000000000
 10
65.240286949
 20
102.141005457
 30
0.000000000
  0
SPLINE
  5
B4B
330
A02
100
AcDbEntity
  8
S02_CL_Section_SecA
100
AcDbSpline
210
0
220
0
230
1
 70
8
 71
2
 72
6
 73
3
 74
0
 40
0.000000000
 40
0.000000000
 40
0.000000000
 40
0.081769581
 40
0.081769581
 40
0.081769581
 10
68.620818457
 20
106.121852747
 30
0.000000000
 10
68.099734380
 20
105.701073740
 30
0.000000000
 10
67.551133945
 20
105.316832940
 30
0.000000000
  0
SPLINE
  5
B4C
330
A02
100
AcDbEntity
  8
S02_CL_Section_SecA
100
AcDbSpline
210
0
220
0
230
1
 70
8
 71
3
 72
26
 73
22
 74
0
 40
0.081769581
 40
0.081769581
 40
0.081769581
 40
0.081769581
 40
0.303912933
 40
0.303912933
 40
0.303912933
 40
0.405481639
 40
0.405481639
 40
0.405481639
 40
0.462710472
 40
0.462710472
 40
0.462710472
 40
0.488357785
 40
0.488357785
 40
0.488357785
 40
0.503435361
 40
0.503435361
 40
0.503435361
 40
0.512722871
 40
0.512722871
 40
0.512722871
 40
0.517381476
 40
0.517381476
 40
0.517381476
 40
0.517381476
 10
67.551133945
 20
105.316832940
 30
0.000000000
 10
66.557444067
 20
104.622810164
 30
0.000000000
 10
65.505211161
 20
104.007953166
 30
0.000000000
 10
64.394171743
 20
103.521206642
 30
0.000000000
 10
63.885082500
 20
103.302124202
 30
0.000000000
 10
63.355541796
 20
103.127302669
 30
0.000000000
 10
62.811309749
 20
103.020001894
 30
0.000000000
 10
62.504835142
 20
102.960447961
 30
0.000000000
 10
62.193368641
 20
102.920609768
 30
0.000000000
 10
61.880726866
 20
102.920827158
 30
0.000000000
 10
61.740122079
 20
102.919305821
 30
0.000000000
 10
61.600900959
 20
102.932111455
 30
0.000000000
 10
61.463063506
 20
102.959244060
 30
0.000000000
 10
61.384524001
 20
102.978805400
 30
0.000000000
 10
61.299740153
 20
102.999562830
 30
0.000000000
 10
61.239049236
 20
103.057832705
 30
0.000000000
 10
61.199682024
 20
103.094795542
 30
0.000000000
 10
61.191585885
 20
103.152950750
 30
0.000000000
 10
61.218977888
 20
103.199396823
 30
0.000000000
 10
61.231357769
 20
103.222185631
 30
0.000000000
 10
61.246997227
 20
103.242300411
 30
0.000000000
 10
61.265896262
 20
103.259741161
 30
0.000000000
  0
SPLINE
  5
B4D
330
A02
100
AcDbEntity
  8
S02_CL_Section_SecA
100
AcDbSpline
210
0
220
0
230
1
 70
8
 71
3
 72
41
 73
37
 74
0
 40
0.517381476
 40
0.517381476
 40
0.517381476
 40
0.517381476
 40
0.538710268
 40
0.538710268
 40
0.538710268
 40
0.568295958
 40
0.568295958
 40
0.568295958
 40
0.628287889
 40
0.628287889
 40
0.628287889
 40
0.701480410
 40
0.701480410
 40
0.701480410
 40
0.755025134
 40
0.755025134
 40
0.755025134
 40
0.884328732
 40
0.884328732
 40
0.884328732
 40
0.945791059
 40
0.945791059
 40
0.945791059
 40
0.975325505
 40
0.975325505
 40
0.975325505
 40
0.986003487
 40
0.986003487
 40
0.986003487
 40
0.993741764
 40
0.993741764
 40
0.993741764
 40
0.998429767
 40
0.998429767
 40
0.998429767
 40
1.000000000
 40
1.000000000
 40
1.000000000
 40
1.000000000
 10
61.265896262
 20
103.259741161
 30
0.000000000
 10
61.352073609
 20
103.339576332
 30
0.000000000
 10
61.457170184
 20
103.392999381
 30
0.000000000
 10
61.561938620
 20
103.443182086
 30
0.000000000
 10
61.708978303
 20
103.510231743
 30
0.000000000
 10
61.858757593
 20
103.570502785
 30
0.000000000
 10
62.011276491
 20
103.623995213
 30
0.000000000
 10
62.320391149
 20
103.732119182
 30
0.000000000
 10
62.631058569
 20
103.835613750
 30
0.000000000
 10
62.943278753
 20
103.934478916
 30
0.000000000
 10
63.323872973
 20
104.056123121
 30
0.000000000
 10
63.702413247
 20
104.183838274
 30
0.000000000
 10
64.078899575
 20
104.317624375
 30
0.000000000
 10
64.353473918
 20
104.417785520
 30
0.000000000
 10
64.628048261
 20
104.517946665
 30
0.000000000
 10
64.902622604
 20
104.618107810
 30
0.000000000
 10
65.565567223
 20
104.860526764
 30
0.000000000
 10
66.224182976
 20
105.114168717
 30
0.000000000
 10
66.878469863
 20
105.379033669
 30
0.000000000
 10
67.189289979
 20
105.505356823
 30
0.000000000
 10
67.498903016
 20
105.634550825
 30
0.000000000
 10
67.807308975
 20
105.766615674
 30
0.000000000
 10
67.955666237
 20
105.830159468
 30
0.000000000
 10
68.103612092
 20
105.894203385
 30
0.000000000
 10
68.251146539
 20
105.958747422
 30
0.000000000
 10
68.301986674
 20
105.980549080
 30
0.000000000
 10
68.355352271
 20
106.003986662
 30
0.000000000
 10
68.411243329
 20
106.029060169
 30
0.000000000
 10
68.452749451
 20
106.047843478
 30
0.000000000
 10
68.497760702
 20
106.068817947
 30
0.000000000
 10
68.527149210
 20
106.080277413
 30
0.000000000
 10
68.544953358
 20
106.087219787
 30
0.000000000
 10
68.557023679
 20
106.090669985
 30
0.000000000
 10
68.597321828
 20
106.111408585
 30
0.000000000
 10
68.610819578
 20
106.118354920
 30
0.000000000
 10
68.627484197
 20
106.127240834
 30
0.000000000
 10
68.620818457
 20
106.121852747
 30
0.000000000
  0
SPLINE
  5
B4E
330
A02
100
AcDbEntity
  8
S02_CL_Section_SecA
100
AcDbSpline
210
0
220
0
230
1
 70
8
 71
3
 72
8
 73
4
 74
0
 40
0.464840028
 40
0.464840028
 40
0.464840028
 40
0.464840028
 40
0.500000000
 40
0.500000000
 40
0.500000000
 40
0.500000000
 10
69.349668215
 20
104.691087670
 30
0.000000000
 10
69.287624368
 20
104.632874974
 30
0.000000000
 10
69.247920829
 20
104.597670161
 30
0.000000000
 10
69.247920829
 20
104.597670161
 30
0.000000000
  0
SPLINE
  5
B4F
330
A02
100
AcDbEntity
  8
S02_CL_Section_SecA
100
AcDbSpline
210
0
220
0
230
1
 70
8
 71
3
 72
14
 73
10
 74
0
 40
0.576807616
 40
0.576807616
 40
0.576807616
 40
0.576807616
 40
0.669019904
 40
0.669019904
 40
0.669019904
 40
0.768417923
 40
0.768417923
 40
0.768417923
 40
0.957329994
 40
0.957329994
 40
0.957329994
 40
0.957329994
 10
65.928128228
 20
102.585489535
 30
0.000000000
 10
66.207314712
 20
102.646910495
 30
0.000000000
 10
66.476973809
 20
102.737075050
 30
0.000000000
 10
66.737105519
 20
102.855983201
 30
0.000000000
 10
67.017128374
 20
102.982335837
 30
0.000000000
 10
67.283854690
 20
103.135916247
 30
0.000000000
 10
67.545520045
 20
103.296288582
 30
0.000000000
 10
68.042065139
 20
103.605119745
 30
0.000000000
 10
68.511416957
 20
103.950900994
 30
0.000000000
 10
68.953575498
 20
104.333632330
 30
0.000000000
  0
SPLINE
  5
B50
330
A02
100
AcDbEntity
  8
S02_CL_Section_SecA
100
AcDbSpline
210
0
220
0
230
1
 70
8
 71
2
 72
6
 73
3
 74
0
 40
0.957329994
 40
0.957329994
 40
0.957329994
 40
1.000000000
 40
1.000000000
 40
1.000000000
 10
68.953575498
 20
104.333632330
 30
0.000000000
 10
69.103161170
 20
104.462961553
 30
0.000000000
 10
69.247920829
 20
104.597670161
 30
0.000000000
  0
SPLINE
  5
B51
330
A02
100
AcDbEntity
  8
S02_CL_Section_SecA
100
AcDbSpline
210
0
220
0
230
1
 70
8
 71
3
 72
26
 73
22
 74
0
 40
0.000000000
 40
0.000000000
 40
0.000000000
 40
0.000000000
 40
0.248621079
 40
0.248621079
 40
0.248621079
 40
0.382234349
 40
0.382234349
 40
0.382234349
 40
0.445960682
 40
0.445960682
 40
0.445960682
 40
0.476880725
 40
0.476880725
 40
0.476880725
 40
0.497135370
 40
0.497135370
 40
0.497135370
 40
0.508080493
 40
0.508080493
 40
0.508080493
 40
0.516487320
 40
0.516487320
 40
0.516487320
 40
0.516487320
 10
71.965660246
 20
110.069475218
 30
0.000000000
 10
71.240221230
 20
109.239327083
 30
0.000000000
 10
70.431846342
 20
108.480556568
 30
0.000000000
 10
69.551202904
 20
107.816908772
 30
0.000000000
 10
69.078020183
 20
107.461236311
 30
0.000000000
 10
68.581884445
 20
107.129958018
 30
0.000000000
 10
68.040038529
 20
106.887431754
 30
0.000000000
 10
67.782429793
 20
106.769150691
 30
0.000000000
 10
67.516465684
 20
106.674524873
 30
0.000000000
 10
67.242146200
 20
106.603554302
 30
0.000000000
 10
67.109021620
 20
106.569221294
 30
0.000000000
 10
66.974039798
 20
106.545668474
 30
0.000000000
 10
66.837200733
 20
106.532895842
 30
0.000000000
 10
66.747741316
 20
106.526050673
 30
0.000000000
 10
66.656870795
 20
106.523792082
 30
0.000000000
 10
66.568719733
 20
106.543945378
 30
0.000000000
 10
66.522862332
 20
106.553890927
 30
0.000000000
 10
66.470647992
 20
106.577221967
 30
0.000000000
 10
66.453347621
 20
106.625000000
 30
0.000000000
 10
66.442192844
 20
106.661263140
 30
0.000000000
 10
66.457212415
 20
106.701928932
 30
0.000000000
 10
66.477541987
 20
106.731838013
 30
0.000000000
  0
SPLINE
  5
B52
330
A02
100
AcDbEntity
  8
S02_CL_Section_SecA
100
AcDbSpline
210
0
220
0
230
1
 70
8
 71
3
 72
38
 73
34
 74
0
 40
0.516487320
 40
0.516487320
 40
0.516487320
 40
0.516487320
 40
0.538710268
 40
0.538710268
 40
0.538710268
 40
0.568295958
 40
0.568295958
 40
0.568295958
 40
0.628287889
 40
0.628287889
 40
0.628287889
 40
0.755025134
 40
0.755025134
 40
0.755025134
 40
0.884328732
 40
0.884328732
 40
0.884328732
 40
0.945791059
 40
0.945791059
 40
0.945791059
 40
0.975325505
 40
0.975325505
 40
0.975325505
 40
0.986003487
 40
0.986003487
 40
0.986003487
 40
0.993741764
 40
0.993741764
 40
0.993741764
 40
0.998429767
 40
0.998429767
 40
0.998429767
 40
1.000000000
 40
1.000000000
 40
1.000000000
 40
1.000000000
 10
66.477541987
 20
106.731838013
 30
0.000000000
 10
66.535204357
 20
106.813057116
 30
0.000000000
 10
66.615652246
 20
106.872838680
 30
0.000000000
 10
66.695384430
 20
106.930188698
 30
0.000000000
 10
66.803579180
 20
107.004584606
 30
0.000000000
 10
66.914922432
 20
107.073943092
 30
0.000000000
 10
67.029414188
 20
107.138264156
 30
0.000000000
 10
67.261499110
 20
107.268392954
 30
0.000000000
 10
67.495479644
 20
107.395036585
 30
0.000000000
 10
67.731355789
 20
107.518195048
 30
0.000000000
 10
68.229696023
 20
107.778365504
 30
0.000000000
 10
68.717543570
 20
108.057815319
 30
0.000000000
 10
69.202684498
 20
108.341647162
 30
0.000000000
 10
69.698941128
 20
108.629154504
 30
0.000000000
 10
70.190150546
 20
108.925031244
 30
0.000000000
 10
70.676312751
 20
109.229277381
 30
0.000000000
 10
70.907194599
 20
109.374208992
 30
0.000000000
 10
71.136705550
 20
109.521267425
 30
0.000000000
 10
71.364845603
 20
109.670452678
 30
0.000000000
 10
71.474589262
 20
109.742229245
 30
0.000000000
 10
71.583933169
 20
109.814347942
 30
0.000000000
 10
71.692877323
 20
109.886808770
 30
0.000000000
 10
71.730481400
 20
109.911426494
 30
0.000000000
 10
71.769875429
 20
109.937709530
 30
0.000000000
 10
71.811059412
 20
109.965657876
 30
0.000000000
 10
71.843896288
 20
109.988554438
 30
0.000000000
 10
71.872401830
 20
110.007666059
 30
0.000000000
 10
71.896576036
 20
110.022992738
 30
0.000000000
 10
71.909842643
 20
110.031059695
 30
0.000000000
 10
71.919014002
 20
110.035523383
 30
0.000000000
 10
71.948332828
 20
110.057803136
 30
0.000000000
 10
71.958153085
 20
110.065265675
 30
0.000000000
 10
71.970233679
 20
110.074726992
 30
0.000000000
 10
71.965660246
 20
110.069475218
 30
0.000000000
  0
SPLINE
  5
B53
330
A02
100
AcDbEntity
  8
S02_CL_Section_SecA
100
AcDbSpline
210
0
220
0
230
1
 70
8
 71
3
 72
20
 73
16
 74
0
 40
0.005718922
 40
0.005718922
 40
0.005718922
 40
0.005718922
 40
0.094589569
 40
0.094589569
 40
0.094589569
 40
0.196477778
 40
0.196477778
 40
0.196477778
 40
0.297996097
 40
0.297996097
 40
0.297996097
 40
0.399163739
 40
0.399163739
 40
0.399163739
 40
0.500000000
 40
0.500000000
 40
0.500000000
 40
0.500000000
 10
74.621727052
 20
113.581237901
 30
0.000000000
 10
74.110024112
 20
112.638377294
 30
0.000000000
 10
74.332252588
 20
112.377593281
 30
0.000000000
 10
74.347100878
 20
111.963250798
 30
0.000000000
 10
74.364124110
 20
111.488216409
 30
0.000000000
 10
74.108564553
 20
110.811343084
 30
0.000000000
 10
73.917391582
 20
110.238136271
 30
0.000000000
 10
73.726912634
 20
109.667010395
 30
0.000000000
 10
73.600353631
 20
109.198799706
 30
0.000000000
 10
73.471724892
 20
108.780565026
 30
0.000000000
 10
73.343540479
 20
108.363775067
 30
0.000000000
 10
73.213300605
 20
107.996616447
 30
0.000000000
 10
73.010692103
 20
107.638161938
 30
0.000000000
 10
72.808747257
 20
107.280881569
 30
0.000000000
 10
72.534907101
 20
106.932248383
 30
0.000000000
 10
72.534907101
 20
106.932248383
 30
0.000000000
  0
SPLINE
  5
B54
330
A02
100
AcDbEntity
  8
S02_CL_Section_SecA
100
AcDbSpline
210
0
220
0
230
1
 70
8
 71
3
 72
26
 73
22
 74
0
 40
0.735176518
 40
0.735176518
 40
0.735176518
 40
0.735176518
 40
0.738650082
 40
0.738650082
 40
0.738650082
 40
0.744171074
 40
0.744171074
 40
0.744171074
 40
0.753324007
 40
0.753324007
 40
0.753324007
 40
0.768585723
 40
0.768585723
 40
0.768585723
 40
0.803172953
 40
0.803172953
 40
0.803172953
 40
0.873362028
 40
0.873362028
 40
0.873362028
 40
1.000000000
 40
1.000000000
 40
1.000000000
 40
1.000000000
 10
69.729742752
 20
104.958679982
 30
0.000000000
 10
69.719251636
 20
104.946055358
 30
0.000000000
 10
69.710915043
 20
104.932181383
 30
0.000000000
 10
69.704732975
 20
104.917058057
 30
0.000000000
 10
69.693650876
 20
104.891678269
 30
0.000000000
 10
69.702703197
 20
104.860870426
 30
0.000000000
 10
69.728329863
 20
104.848571224
 30
0.000000000
 10
69.767661012
 20
104.829091705
 30
0.000000000
 10
69.812947033
 20
104.831321435
 30
0.000000000
 10
69.855232316
 20
104.833300492
 30
0.000000000
 10
69.926794150
 20
104.840009807
 30
0.000000000
 10
69.997037778
 20
104.853646912
 30
0.000000000
 10
70.065963199
 20
104.874211808
 30
0.000000000
 10
70.222046634
 20
104.920860924
 30
0.000000000
 10
70.371954861
 20
104.982641577
 30
0.000000000
 10
70.515687881
 20
105.059553766
 30
0.000000000
 10
70.808605134
 20
105.211966705
 30
0.000000000
 10
71.071921443
 20
105.414150708
 30
0.000000000
 10
71.320582972
 20
105.629855779
 30
0.000000000
 10
71.770296482
 20
106.022039108
 30
0.000000000
 10
72.175071192
 20
106.456169976
 30
0.000000000
 10
72.534907101
 20
106.932248383
 30
0.000000000
  0
SPLINE
  5
B55
330
A02
100
AcDbEntity
  8
S02_CL_Section_SecA
100
AcDbSpline
210
0
220
0
230
1
 70
8
 71
2
 72
6
 73
3
 74
0
 40
0.000000000
 40
0.000000000
 40
0.000000000
 40
0.038012425
 40
0.038012425
 40
0.038012425
 10
74.729881573
 20
113.771956445
 30
0.000000000
 10
74.630671065
 20
113.593401619
 30
0.000000000
 10
74.525718354
 20
113.418158546
 30
0.000000000
  0
SPLINE
  5
B56
330
A02
100
AcDbEntity
  8
S02_CL_Section_SecA
100
AcDbSpline
210
0
220
0
230
1
 70
8
 71
3
 72
26
 73
22
 74
0
 40
0.038012425
 40
0.038012425
 40
0.038012425
 40
0.038012425
 40
0.276391982
 40
0.276391982
 40
0.276391982
 40
0.405481639
 40
0.405481639
 40
0.405481639
 40
0.462710472
 40
0.462710472
 40
0.462710472
 40
0.488357785
 40
0.488357785
 40
0.488357785
 40
0.503435361
 40
0.503435361
 40
0.503435361
 40
0.512722871
 40
0.512722871
 40
0.512722871
 40
0.518806773
 40
0.518806773
 40
0.518806773
 40
0.518806773
 10
74.525718354
 20
113.418158546
 30
0.000000000
 10
74.085976358
 20
112.686475009
 30
0.000000000
 10
73.579348610
 20
111.993513037
 30
0.000000000
 10
73.001333270
 20
111.364737726
 30
0.000000000
 10
72.689890518
 20
111.023419384
 30
0.000000000
 10
72.345405523
 20
110.709220689
 30
0.000000000
 10
71.957547610
 20
110.456406687
 30
0.000000000
 10
71.786155526
 20
110.342608822
 30
0.000000000
 10
71.605540232
 20
110.246237263
 30
0.000000000
 10
71.415701728
 20
110.167292010
 30
0.000000000
 10
71.330522719
 20
110.131800672
 30
0.000000000
 10
71.242663543
 20
110.105366941
 30
0.000000000
 10
71.152124199
 20
110.087990815
 30
0.000000000
 10
71.099526833
 20
110.080585390
 30
0.000000000
 10
71.042835965
 20
110.072372660
 30
0.000000000
 10
70.991582893
 20
110.092907819
 30
0.000000000
 10
70.958542566
 20
110.105720529
 30
0.000000000
 10
70.939319734
 20
110.139115583
 30
0.000000000
 10
70.944568696
 20
110.174110294
 30
0.000000000
 10
70.947410308
 20
110.196143969
 30
0.000000000
 10
70.954210977
 20
110.216853283
 30
0.000000000
 10
70.964970703
 20
110.236238238
 30
0.000000000
  0
SPLINE
  5
B57
330
A02
100
AcDbEntity
  8
S02_CL_Section_SecA
100
AcDbSpline
210
0
220
0
230
1
 70
8
 71
3
 72
20
 73
16
 74
0
 40
0.518806773
 40
0.518806773
 40
0.518806773
 40
0.518806773
 40
0.538710268
 40
0.538710268
 40
0.538710268
 40
0.568295958
 40
0.568295958
 40
0.568295958
 40
0.628287889
 40
0.628287889
 40
0.628287889
 40
0.755025134
 40
0.755025134
 40
0.755025134
 40
1.000000000
 40
1.000000000
 40
1.000000000
 40
1.000000000
 10
70.964970703
 20
110.236238238
 30
0.000000000
 10
71.000274320
 20
110.298633148
 30
0.000000000
 10
71.043056420
 20
110.355472701
 30
0.000000000
 10
71.093317003
 20
110.406756899
 30
0.000000000
 10
71.166302225
 20
110.483701814
 30
0.000000000
 10
71.242620825
 20
110.557195676
 30
0.000000000
 10
71.322272804
 20
110.627238485
 30
0.000000000
 10
71.483777351
 20
110.769019452
 30
0.000000000
 10
71.647364772
 20
110.908365317
 30
0.000000000
 10
71.813035065
 20
111.045276080
 30
0.000000000
 10
72.163054846
 20
111.334507358
 30
0.000000000
 10
72.501547404
 20
111.637208122
 30
0.000000000
 10
72.837165751
 20
111.942916354
 30
0.000000000
 10
73.488541484
 20
112.530961591
 30
0.000000000
 10
74.121201549
 20
113.139756844
 30
0.000000000
 10
74.729881573
 20
113.771956445
 30
0.000000000
  0
LINE
  5
B58
330
A02
100
AcDbEntity
  8
S02_CL_Section_SecA
100
AcDbLine
 10
60.876164329
 20
102.106549876
 30
0.000000000
 11
60.203347621
 21
104.125000000
 31
0.000000000
  0
LINE
  5
B59
330
A02
100
AcDbEntity
  8
S02_CL_Section_SecA
100
AcDbLine
 10
60.203347621
 20
104.125000000
 30
0.000000000
 11
54.703347621
 21
103.625000000
 31
0.000000000
  0
LINE
  5
B5A
330
A02
100
AcDbEntity
  8
S02_CL_Section_SecA
100
AcDbLine
 10
54.703347621
 20
103.625000000
 30
0.000000000
 11
55.048420862
 21
100.864414074
 31
0.000000000
  0
SPLINE
  5
B5B
330
A02
100
AcDbEntity
  8
S02_CL_Section_SecA
100
AcDbSpline
210
0
220
0
230
1
 70
8
 71
2
 72
6
 73
3
 74
0
 40
0.016342944
 40
0.016342944
 40
0.016342944
 40
0.019837883
 40
0.019837883
 40
0.019837883
 10
183.840906849
 20
140.443122029
 30
0.000000000
 10
184.021185283
 20
140.519703036
 30
0.000000000
 10
184.203347621
 20
140.591686225
 30
0.000000000
  0
SPLINE
  5
B5C
330
A02
100
AcDbEntity
  8
S02_CL_Section_SecA
100
AcDbSpline
210
0
220
0
230
1
 70
8
 71
3
 72
14
 73
10
 74
0
 40
0.000000000
 40
0.000000000
 40
0.000000000
 40
0.000000000
 40
0.502598687
 40
0.502598687
 40
0.502598687
 40
0.750648429
 40
0.750648429
 40
0.750648429
 40
1.000000000
 40
1.000000000
 40
1.000000000
 40
1.000000000
 10
195.203347621
 20
141.681873261
 30
0.000000000
 10
193.299364513
 20
141.859230477
 30
0.000000000
 10
191.343361389
 20
141.907052605
 30
0.000000000
 10
189.464030386
 20
141.702836701
 30
0.000000000
 10
188.536559520
 20
141.603281798
 30
0.000000000
 10
187.634016079
 20
141.439838252
 30
0.000000000
 10
186.756400066
 20
141.212506065
 30
0.000000000
 10
185.872917236
 20
140.982047328
 30
0.000000000
 10
185.021899755
 20
140.690752350
 30
0.000000000
 10
184.203347621
 20
140.338621129
 30
0.000000000
  0
SPLINE
  5
B5D
330
A02
100
AcDbEntity
  8
S02_CL_Section_SecA
100
AcDbSpline
210
0
220
0
230
1
 70
8
 71
3
 72
17
 73
13
 74
0
 40
0.119412220
 40
0.119412220
 40
0.119412220
 40
0.119412220
 40
0.190703819
 40
0.190703819
 40
0.190703819
 40
0.268728301
 40
0.268728301
 40
0.268728301
 40
0.366493962
 40
0.366493962
 40
0.366493962
 40
0.439693585
 40
0.439693585
 40
0.439693585
 40
0.439693585
 10
195.203347621
 20
141.718770674
 30
0.000000000
 10
197.855492926
 20
141.463493414
 30
0.000000000
 10
200.478441309
 20
140.964454524
 30
0.000000000
 10
203.070116848
 20
140.354320440
 30
0.000000000
 10
205.907186318
 20
139.683471844
 30
0.000000000
 10
208.709739524
 20
138.874629721
 30
0.000000000
 10
211.492372238
 20
138.007185001
 30
0.000000000
 10
214.978870884
 20
136.917980866
 30
0.000000000
 10
218.435070600
 20
135.734749196
 30
0.000000000
 10
221.883791809
 20
134.532095533
 30
0.000000000
 10
224.464758353
 20
133.627975091
 30
0.000000000
 10
227.044205124
 20
132.719533684
 30
0.000000000
 10
229.622132123
 20
131.806771311
 30
0.000000000
  0
SPLINE
  5
B5E
330
A02
100
AcDbEntity
  8
S02_CL_Section_SecA
100
AcDbSpline
210
0
220
0
230
1
 70
8
 71
3
 72
14
 73
10
 74
0
 40
0.338012876
 40
0.338012876
 40
0.338012876
 40
0.338012876
 40
0.665444818
 40
0.665444818
 40
0.665444818
 40
0.833621421
 40
0.833621421
 40
0.833621421
 40
1.000000000
 40
1.000000000
 40
1.000000000
 40
1.000000000
 10
229.622187659
 20
131.806756838
 30
0.000000000
 10
237.820681586
 20
128.908152575
 30
0.000000000
 10
246.044382392
 20
126.073544028
 30
0.000000000
 10
254.359159256
 20
123.524037810
 30
0.000000000
 10
258.629391663
 20
122.214707386
 30
0.000000000
 10
262.921621138
 20
120.974447453
 30
0.000000000
 10
267.247418494
 20
119.861222867
 30
0.000000000
 10
271.527022930
 20
118.763720094
 30
0.000000000
 10
275.840662079
 20
117.782758671
 30
0.000000000
 10
280.203347621
 20
117.075756519
 30
0.000000000
  0
SPLINE
  5
B5F
330
A02
100
AcDbEntity
  8
S02_CL_Section_SecA
100
AcDbSpline
210
0
220
0
230
1
 70
8
 71
2
 72
6
 73
3
 74
0
 40
0.910294741
 40
0.910294741
 40
0.910294741
 40
0.938626466
 40
0.938626466
 40
0.938626466
 10
280.203347621
 20
117.076284925
 30
0.000000000
 10
281.770819070
 20
116.822467329
 30
0.000000000
 10
283.346366412
 20
116.625003768
 30
0.000000000
  0
SPLINE
  5
B60
330
A02
100
AcDbEntity
  8
S02_CL_Section_SecA
100
AcDbSpline
210
0
220
0
230
1
 70
8
 71
3
 72
14
 73
10
 74
0
 40
0.000000000
 40
0.000000000
 40
0.000000000
 40
0.000000000
 40
0.060835795
 40
0.060835795
 40
0.060835795
 40
0.115506871
 40
0.115506871
 40
0.115506871
 40
0.226293338
 40
0.226293338
 40
0.226293338
 40
0.226293338
 10
182.203347621
 20
123.125000000
 30
0.000000000
 10
183.425087037
 20
121.119857899
 30
0.000000000
 10
184.806053432
 20
119.210148890
 30
0.000000000
 10
186.349066870
 20
117.439625687
 30
0.000000000
 10
187.735006080
 20
115.848272146
 30
0.000000000
 10
189.251601340
 20
114.370371305
 30
0.000000000
 10
190.882357691
 20
113.030838707
 30
0.000000000
 10
194.185434667
 20
110.309861114
 30
0.000000000
 10
197.957360018
 20
108.185148023
 30
0.000000000
 10
201.936567257
 20
106.625000000
 30
0.000000000
  0
SPLINE
  5
B61
330
A02
100
AcDbEntity
  8
S02_CL_Section_SecA
100
AcDbSpline
210
0
220
0
230
1
 70
8
 71
3
 72
8
 73
4
 74
0
 40
0.233385460
 40
0.233385460
 40
0.233385460
 40
0.233385460
 40
0.292066225
 40
0.292066225
 40
0.292066225
 40
0.292066225
 10
202.703347621
 20
106.330865246
 30
0.000000000
 10
204.825179218
 20
105.537437239
 30
0.000000000
 10
207.000753272
 20
104.891705709
 30
0.000000000
 10
209.203347621
 20
104.364326249
 30
0.000000000
  0
SPLINE
  5
B62
330
A02
100
AcDbEntity
  8
S02_CL_Section_SecA
100
AcDbSpline
210
0
220
0
230
1
 70
8
 71
3
 72
11
 73
7
 74
0
 40
0.535318466
 40
0.535318466
 40
0.535318466
 40
0.535318466
 40
0.690837483
 40
0.690837483
 40
0.690837483
 40
0.832352300
 40
0.832352300
 40
0.832352300
 40
0.832352300
 10
237.203347621
 20
102.047869126
 30
0.000000000
 10
243.205292402
 20
102.163372297
 30
0.000000000
 10
249.202417343
 20
102.518433456
 30
0.000000000
 10
255.177358450
 20
103.097513682
 30
0.000000000
 10
260.613701393
 20
103.627921065
 30
0.000000000
 10
266.032806073
 20
104.353384049
 30
0.000000000
 10
271.405456062
 20
105.341734888
 30
0.000000000
  0
SPLINE
  5
B63
330
A02
100
AcDbEntity
  8
S02_CL_Section_SecA
100
AcDbSpline
210
0
220
0
230
1
 70
8
 71
3
 72
29
 73
25
 74
0
 40
0.328926757
 40
0.328926757
 40
0.328926757
 40
0.328926757
 40
0.380353136
 40
0.380353136
 40
0.380353136
 40
0.433186445
 40
0.433186445
 40
0.433186445
 40
0.500000000
 40
0.500000000
 40
0.500000000
 40
0.539416145
 40
0.539416145
 40
0.539416145
 40
0.592908003
 40
0.592908003
 40
0.592908003
 40
0.644372854
 40
0.644372854
 40
0.644372854
 40
0.698139127
 40
0.698139127
 40
0.698139127
 40
0.750000000
 40
0.750000000
 40
0.750000000
 40
0.750000000
 10
182.203347621
 20
138.898986762
 30
0.000000000
 10
182.203347621
 20
138.498855021
 30
0.000000000
 10
182.203347621
 20
137.893662758
 30
0.000000000
 10
182.203347621
 20
137.171891473
 30
0.000000000
 10
182.203347621
 20
136.430680339
 30
0.000000000
 10
182.203347621
 20
135.583148872
 30
0.000000000
 10
182.203347621
 20
134.717971624
 30
0.000000000
 10
182.203347621
 20
133.619780990
 30
0.000000000
 10
182.203347621
 20
132.494049218
 30
0.000000000
 10
182.203347621
 20
131.375000000
 30
0.000000000
 10
182.203347621
 20
130.713438235
 30
0.000000000
 10
182.203347621
 20
130.053370631
 30
0.000000000
 10
182.203347621
 20
129.394797189
 30
0.000000000
 10
182.203347621
 20
128.502717367
 30
0.000000000
 10
182.203347621
 20
127.611501858
 30
0.000000000
 10
182.203347621
 20
126.773902866
 30
0.000000000
 10
182.203347621
 20
125.969868021
 30
0.000000000
 10
182.203347621
 20
125.217509613
 30
0.000000000
 10
182.203347621
 20
124.627451032
 30
0.000000000
 10
182.203347621
 20
124.006414707
 30
0.000000000
 10
182.203347621
 20
123.587274989
 30
0.000000000
 10
182.203347621
 20
123.370031878
 30
0.000000000
 10
182.203347621
 20
123.154324437
 30
0.000000000
 10
182.203347621
 20
123.123546111
 30
0.000000000
 10
182.203347621
 20
123.125000000
 30
0.000000000
  0
SPLINE
  5
B64
330
A02
100
AcDbEntity
  8
S02_CL_Section_SecA
100
AcDbSpline
210
0
220
0
230
1
 70
8
 71
3
 72
17
 73
13
 74
0
 40
0.499870687
 40
0.499870687
 40
0.499870687
 40
0.499870687
 40
0.582057967
 40
0.582057967
 40
0.582057967
 40
0.726262894
 40
0.726262894
 40
0.726262894
 40
0.864387149
 40
0.864387149
 40
0.864387149
 40
1.000000000
 40
1.000000000
 40
1.000000000
 40
1.000000000
 10
183.840906855
 20
140.443122017
 30
0.000000000
 10
183.841502080
 20
140.444001128
 30
0.000000000
 10
183.827407950
 20
140.435088430
 30
0.000000000
 10
183.798624466
 20
140.416383924
 30
0.000000000
 10
183.746700903
 20
140.381948556
 30
0.000000000
 10
183.647150029
 20
140.309878551
 30
0.000000000
 10
183.513983260
 20
140.186674225
 30
0.000000000
 10
183.385448934
 20
140.068841467
 30
0.000000000
 10
183.223455089
 20
139.902674555
 30
0.000000000
 10
183.008498865
 20
139.681456650
 30
0.000000000
 10
182.797213982
 20
139.464530343
 30
0.000000000
 10
182.530193190
 20
139.194839048
 30
0.000000000
 10
182.203347621
 20
138.898986762
 30
0.000000000
  0
SPLINE
  5
B65
330
A02
100
AcDbEntity
  8
S02_CL_Section_SecA
100
AcDbSpline
210
0
220
0
230
1
 70
8
 71
1
 72
4
 73
2
 74
0
 40
0.239152106
 40
0.239152106
 40
0.282494323
 40
0.282494323
 10
183.840906856
 20
140.443122038
 30
0.000000000
 10
184.203347610
 20
140.425000001
 30
0.000000000
  0
SPLINE
  5
B66
330
A02
100
AcDbEntity
  8
S02_CL_Section_SecA
100
AcDbSpline
210
0
220
0
230
1
 70
8
 71
1
 72
4
 73
2
 74
0
 40
0.000000000
 40
0.000000000
 40
0.937714868
 40
0.937714868
 10
184.203347621
 20
138.125000000
 30
0.000000000
 10
190.203347621
 20
138.125000000
 30
0.000000000
  0
SPLINE
  5
B67
330
A02
100
AcDbEntity
  8
S02_CL_Section_SecA
100
AcDbSpline
210
0
220
0
230
1
 70
8
 71
1
 72
4
 73
2
 74
0
 40
0.043325763
 40
0.043325763
 40
1.000000000
 40
1.000000000
 10
182.203347602
 20
135.224999999
 30
0.000000000
 10
190.203347621
 20
135.625000000
 30
0.000000000
  0
SPLINE
  5
B68
330
A02
100
AcDbEntity
  8
S02_CL_Section_SecA
100
AcDbSpline
210
0
220
0
230
1
 70
8
 71
1
 72
4
 73
2
 74
0
 40
0.000000000
 40
0.000000000
 40
0.272727273
 40
0.272727273
 10
184.203347621
 20
142.625000000
 30
0.000000000
 10
187.203347621
 20
142.625000000
 30
0.000000000
  0
SPLINE
  5
B69
330
A02
100
AcDbEntity
  8
S02_CL_Section_SecA
100
AcDbSpline
210
0
220
0
230
1
 70
8
 71
1
 72
4
 73
2
 74
0
 40
0.545454545
 40
0.545454545
 40
1.000000000
 40
1.000000000
 10
190.203347621
 20
142.625000000
 30
0.000000000
 10
195.203347621
 20
142.625000000
 30
0.000000000
  0
SPLINE
  5
B6A
330
A02
100
AcDbEntity
  8
S02_CL_Section_SecA
100
AcDbSpline
210
0
220
0
230
1
 70
8
 71
3
 72
14
 73
10
 74
0
 40
81.328556002
 40
81.328556002
 40
81.328556002
 40
81.328556002
 40
102.113927448
 40
102.113927448
 40
102.113927448
 40
124.901028643
 40
124.901028643
 40
124.901028643
 40
163.383166708
 40
163.383166708
 40
163.383166708
 40
163.383166708
 10
184.203347621
 20
142.625000000
 30
0.000000000
 10
184.203347621
 20
142.625674219
 30
0.000000000
 10
184.203347621
 20
142.608458068
 30
0.000000000
 10
184.203347621
 20
142.532849358
 30
0.000000000
 10
184.203347621
 20
142.451629598
 30
0.000000000
 10
184.203347621
 20
142.302320259
 30
0.000000000
 10
184.203347621
 20
142.060595461
 30
0.000000000
 10
184.203347621
 20
141.656852303
 30
0.000000000
 10
184.203347621
 20
140.974744820
 30
0.000000000
 10
184.203347621
 20
140.338621129
 30
0.000000000
  0
SPLINE
  5
B6B
330
A02
100
AcDbEntity
  8
S02_CL_Section_SecA
100
AcDbSpline
210
0
220
0
230
1
 70
8
 71
3
 72
11
 73
7
 74
0
 40
69.039199433
 40
69.039199433
 40
69.039199433
 40
69.039199433
 40
90.352244373
 40
90.352244373
 40
90.352244373
 40
111.243520887
 40
111.243520887
 40
111.243520887
 40
111.243520887
 10
195.203347621
 20
142.625000000
 30
0.000000000
 10
195.203347621
 20
142.628698214
 30
0.000000000
 10
195.203347621
 20
142.583951942
 30
0.000000000
 10
195.203347621
 20
142.418697380
 30
0.000000000
 10
195.203347621
 20
142.261172083
 30
0.000000000
 10
195.203347621
 20
141.994422401
 30
0.000000000
 10
195.203347621
 20
141.681873261
 30
0.000000000
  0
LINE
  5
B6C
330
A02
100
AcDbEntity
  8
S02_CL_Section_SecA
100
AcDbLine
 10
229.622187659
 20
131.806756839
 30
0.000000000
 11
280.203347621
 21
118.625000000
 31
0.000000000
  0
LINE
  5
B6D
330
A02
100
AcDbEntity
  8
S02_CL_Section_SecA
100
AcDbLine
 10
280.203347621
 20
118.625000000
 30
0.000000000
 11
280.203347621
 21
117.075756519
 31
0.000000000
  0
SPLINE
  5
B6E
330
A02
100
AcDbEntity
  8
S02_CL_Section_SecA
100
AcDbSpline
210
0
220
0
230
1
 70
8
 71
3
 72
17
 73
13
 74
0
 40
0.355999889
 40
0.355999889
 40
0.355999889
 40
0.355999889
 40
0.569507854
 40
0.569507854
 40
0.569507854
 40
0.616486595
 40
0.616486595
 40
0.616486595
 40
0.679135564
 40
0.679135564
 40
0.679135564
 40
0.781139399
 40
0.781139399
 40
0.781139399
 40
0.781139399
 10
182.203347621
 20
135.224999626
 30
0.000000000
 10
182.203347621
 20
135.222398421
 30
0.000000000
 10
182.203347621
 20
135.393940753
 30
0.000000000
 10
182.203347621
 20
136.026723715
 30
0.000000000
 10
182.203347621
 20
136.166314113
 30
0.000000000
 10
182.203347621
 20
136.329868642
 30
0.000000000
 10
182.203347621
 20
136.517387303
 30
0.000000000
 10
182.203347621
 20
136.766763616
 30
0.000000000
 10
182.203347621
 20
137.062177720
 30
0.000000000
 10
182.203347621
 20
137.376089013
 30
0.000000000
 10
182.203347621
 20
137.885068927
 30
0.000000000
 10
182.203347621
 20
138.437150203
 30
0.000000000
 10
182.203347621
 20
138.898986766
 30
0.000000000
  0
SPLINE
  5
B6F
330
A02
100
AcDbEntity
  8
S02_CL_Section_SecA
100
AcDbSpline
210
0
220
0
230
1
 70
8
 71
3
 72
8
 73
4
 74
0
 40
0.008668766
 40
0.008668766
 40
0.008668766
 40
0.008668766
 40
0.288876711
 40
0.288876711
 40
0.288876711
 40
0.288876711
 10
184.203347621
 20
139.838077064
 30
0.000000000
 10
184.203347621
 20
140.099425031
 30
0.000000000
 10
184.203347621
 20
140.253244868
 30
0.000000000
 10
184.203347621
 20
140.338621129
 30
0.000000000
  0
SPLINE
  5
B70
330
A02
100
AcDbEntity
  8
S02_CL_Section_SecA
100
AcDbSpline
210
0
220
0
230
1
 70
8
 71
2
 72
6
 73
3
 74
0
 40
0.000000000
 40
0.000000000
 40
0.000000000
 40
1.000000000
 40
1.000000000
 40
1.000000000
 10
190.203347621
 20
139.673970298
 30
0.000000000
 10
187.204179532
 20
139.757774315
 30
0.000000000
 10
184.203347621
 20
139.838077064
 30
0.000000000
  0
SPLINE
  5
B71
330
A02
100
AcDbEntity
  8
S02_CL_Section_SecA
100
AcDbSpline
210
0
220
0
230
1
 70
8
 71
3
 72
20
 73
16
 74
0
 40
139.684971366
 40
139.684971366
 40
139.684971366
 40
139.684971366
 40
162.266012169
 40
162.266012169
 40
162.266012169
 40
177.314194667
 40
177.314194667
 40
177.314194667
 40
209.101427527
 40
209.101427527
 40
209.101427527
 40
243.970417447
 40
243.970417447
 40
243.970417447
 40
278.525579772
 40
278.525579772
 40
278.525579772
 40
278.525579772
 10
190.203347621
 20
139.673970298
 30
0.000000000
 10
190.203347621
 20
139.507454999
 30
0.000000000
 10
190.203347621
 20
139.273633522
 30
0.000000000
 10
190.203347621
 20
138.972505865
 30
0.000000000
 10
190.203347621
 20
138.771538993
 30
0.000000000
 10
190.203347621
 20
138.537913365
 30
0.000000000
 10
190.203347621
 20
138.291636644
 30
0.000000000
 10
190.203347621
 20
137.773846110
 30
0.000000000
 10
190.203347621
 20
137.202142649
 30
0.000000000
 10
190.203347621
 20
136.777494135
 30
0.000000000
 10
190.203347621
 20
136.308162265
 30
0.000000000
 10
190.203347621
 20
136.019480038
 30
0.000000000
 10
190.203347621
 20
135.849092158
 30
0.000000000
 10
190.203347621
 20
135.678963165
 30
0.000000000
 10
190.203347621
 20
135.623309935
 30
0.000000000
 10
190.203347621
 20
135.625000000
 30
0.000000000
  0
SPLINE
  5
B72
330
A02
100
AcDbEntity
  8
S02_CL_Section_SecA
100
AcDbSpline
210
0
220
0
230
1
 70
8
 71
3
 72
14
 73
10
 74
0
 40
173.424957386
 40
173.424957386
 40
173.424957386
 40
173.424957386
 40
193.550911697
 40
193.550911697
 40
193.550911697
 40
207.527546636
 40
207.527546636
 40
207.527546636
 40
243.985668005
 40
243.985668005
 40
243.985668005
 40
243.985668005
 10
184.203347621
 20
139.838077064
 30
0.000000000
 10
184.203347621
 20
139.506886415
 30
0.000000000
 10
184.203347621
 20
139.186642242
 30
0.000000000
 10
184.203347621
 20
138.930010285
 30
0.000000000
 10
184.203347621
 20
138.750860978
 30
0.000000000
 10
184.203347621
 20
138.603946037
 30
0.000000000
 10
184.203347621
 20
138.489265463
 30
0.000000000
 10
184.203347621
 20
138.187900018
 30
0.000000000
 10
184.203347621
 20
138.120345212
 30
0.000000000
 10
184.203347621
 20
138.125000000
 30
0.000000000
  0
SPLINE
  5
B73
330
A02
100
AcDbEntity
  8
S02_CL_Section_SecA
100
AcDbSpline
210
0
220
0
230
1
 70
8
 71
3
 72
14
 73
10
 74
0
 40
0.499957877
 40
0.499957877
 40
0.499957877
 40
0.499957877
 40
0.602683804
 40
0.602683804
 40
0.602683804
 40
0.707497065
 40
0.707497065
 40
0.707497065
 40
0.933689956
 40
0.933689956
 40
0.933689956
 40
0.933689956
 10
190.203347621
 20
138.124999896
 30
0.000000000
 10
190.203347621
 20
138.124740890
 30
0.000000000
 10
190.203347621
 20
138.135676768
 30
0.000000000
 10
190.203347621
 20
138.182165614
 30
0.000000000
 10
190.203347621
 20
138.227795288
 30
0.000000000
 10
190.203347621
 20
138.311355125
 30
0.000000000
 10
190.203347621
 20
138.432845125
 30
0.000000000
 10
190.203347621
 20
138.692732628
 30
0.000000000
 10
190.203347621
 20
139.158955527
 30
0.000000000
 10
190.203347621
 20
139.673970298
 30
0.000000000
  0
SPLINE
  5
B74
330
A02
100
AcDbEntity
  8
S02_CL_Section_SecA
100
AcDbSpline
210
0
220
0
230
1
 70
8
 71
2
 72
6
 73
3
 74
0
 40
0.016342944
 40
0.016342944
 40
0.016342944
 40
0.019837883
 40
0.019837883
 40
0.019837883
 10
183.840906849
 20
140.443122029
 30
0.000000000
 10
184.021185283
 20
140.519703036
 30
0.000000000
 10
184.203347621
 20
140.591686225
 30
0.000000000
  0
SPLINE
  5
B75
330
A02
100
AcDbEntity
  8
S02_CL_Section_SecA
100
AcDbSpline
210
0
220
0
230
1
 70
8
 71
3
 72
17
 73
13
 74
0
 40
0.119412220
 40
0.119412220
 40
0.119412220
 40
0.119412220
 40
0.190703819
 40
0.190703819
 40
0.190703819
 40
0.268728301
 40
0.268728301
 40
0.268728301
 40
0.366493962
 40
0.366493962
 40
0.366493962
 40
0.439693585
 40
0.439693585
 40
0.439693585
 40
0.439693585
 10
195.203347621
 20
141.718770674
 30
0.000000000
 10
197.855492926
 20
141.463493414
 30
0.000000000
 10
200.478441309
 20
140.964454524
 30
0.000000000
 10
203.070116848
 20
140.354320440
 30
0.000000000
 10
205.907186318
 20
139.683471844
 30
0.000000000
 10
208.709739524
 20
138.874629721
 30
0.000000000
 10
211.492372238
 20
138.007185001
 30
0.000000000
 10
214.978870884
 20
136.917980866
 30
0.000000000
 10
218.435070600
 20
135.734749196
 30
0.000000000
 10
221.883791809
 20
134.532095533
 30
0.000000000
 10
224.464758353
 20
133.627975091
 30
0.000000000
 10
227.044205124
 20
132.719533684
 30
0.000000000
 10
229.622132123
 20
131.806771311
 30
0.000000000
  0
SPLINE
  5
B76
330
A02
100
AcDbEntity
  8
S02_CL_Section_SecA
100
AcDbSpline
210
0
220
0
230
1
 70
8
 71
2
 72
6
 73
3
 74
0
 40
0.910294741
 40
0.910294741
 40
0.910294741
 40
0.938626466
 40
0.938626466
 40
0.938626466
 10
280.203347621
 20
117.076284925
 30
0.000000000
 10
281.770819070
 20
116.822467329
 30
0.000000000
 10
283.346366412
 20
116.625003768
 30
0.000000000
  0
SPLINE
  5
B77
330
A02
100
AcDbEntity
  8
S02_CL_Section_SecA
100
AcDbSpline
210
0
220
0
230
1
 70
8
 71
3
 72
14
 73
10
 74
0
 40
0.000000000
 40
0.000000000
 40
0.000000000
 40
0.000000000
 40
0.060835795
 40
0.060835795
 40
0.060835795
 40
0.115506871
 40
0.115506871
 40
0.115506871
 40
0.226293338
 40
0.226293338
 40
0.226293338
 40
0.226293338
 10
182.203347621
 20
123.125000000
 30
0.000000000
 10
183.425087037
 20
121.119857899
 30
0.000000000
 10
184.806053432
 20
119.210148890
 30
0.000000000
 10
186.349066870
 20
117.439625687
 30
0.000000000
 10
187.735006080
 20
115.848272146
 30
0.000000000
 10
189.251601340
 20
114.370371305
 30
0.000000000
 10
190.882357691
 20
113.030838707
 30
0.000000000
 10
194.185434667
 20
110.309861114
 30
0.000000000
 10
197.957360018
 20
108.185148023
 30
0.000000000
 10
201.936567257
 20
106.625000000
 30
0.000000000
  0
SPLINE
  5
B78
330
A02
100
AcDbEntity
  8
S02_CL_Section_SecA
100
AcDbSpline
210
0
220
0
230
1
 70
8
 71
3
 72
8
 73
4
 74
0
 40
0.233385460
 40
0.233385460
 40
0.233385460
 40
0.233385460
 40
0.292066225
 40
0.292066225
 40
0.292066225
 40
0.292066225
 10
202.703347621
 20
106.330865246
 30
0.000000000
 10
204.825179218
 20
105.537437239
 30
0.000000000
 10
207.000753272
 20
104.891705709
 30
0.000000000
 10
209.203347621
 20
104.364326249
 30
0.000000000
  0
SPLINE
  5
B79
330
A02
100
AcDbEntity
  8
S02_CL_Section_SecA
100
AcDbSpline
210
0
220
0
230
1
 70
8
 71
3
 72
11
 73
7
 74
0
 40
0.535318466
 40
0.535318466
 40
0.535318466
 40
0.535318466
 40
0.690837483
 40
0.690837483
 40
0.690837483
 40
0.832352300
 40
0.832352300
 40
0.832352300
 40
0.832352300
 10
237.203347621
 20
102.047869126
 30
0.000000000
 10
243.205292402
 20
102.163372297
 30
0.000000000
 10
249.202417343
 20
102.518433456
 30
0.000000000
 10
255.177358450
 20
103.097513682
 30
0.000000000
 10
260.613701393
 20
103.627921065
 30
0.000000000
 10
266.032806073
 20
104.353384049
 30
0.000000000
 10
271.405456062
 20
105.341734888
 30
0.000000000
  0
SPLINE
  5
B7A
330
A02
100
AcDbEntity
  8
S02_CL_Section_SecA
100
AcDbSpline
210
0
220
0
230
1
 70
8
 71
3
 72
29
 73
25
 74
0
 40
0.328926757
 40
0.328926757
 40
0.328926757
 40
0.328926757
 40
0.380353136
 40
0.380353136
 40
0.380353136
 40
0.433186445
 40
0.433186445
 40
0.433186445
 40
0.500000000
 40
0.500000000
 40
0.500000000
 40
0.539416145
 40
0.539416145
 40
0.539416145
 40
0.592908003
 40
0.592908003
 40
0.592908003
 40
0.644372854
 40
0.644372854
 40
0.644372854
 40
0.698139127
 40
0.698139127
 40
0.698139127
 40
0.750000000
 40
0.750000000
 40
0.750000000
 40
0.750000000
 10
182.203347621
 20
138.898986762
 30
0.000000000
 10
182.203347621
 20
138.498855021
 30
0.000000000
 10
182.203347621
 20
137.893662758
 30
0.000000000
 10
182.203347621
 20
137.171891473
 30
0.000000000
 10
182.203347621
 20
136.430680339
 30
0.000000000
 10
182.203347621
 20
135.583148872
 30
0.000000000
 10
182.203347621
 20
134.717971624
 30
0.000000000
 10
182.203347621
 20
133.619780990
 30
0.000000000
 10
182.203347621
 20
132.494049218
 30
0.000000000
 10
182.203347621
 20
131.375000000
 30
0.000000000
 10
182.203347621
 20
130.713438235
 30
0.000000000
 10
182.203347621
 20
130.053370631
 30
0.000000000
 10
182.203347621
 20
129.394797189
 30
0.000000000
 10
182.203347621
 20
128.502717367
 30
0.000000000
 10
182.203347621
 20
127.611501858
 30
0.000000000
 10
182.203347621
 20
126.773902866
 30
0.000000000
 10
182.203347621
 20
125.969868021
 30
0.000000000
 10
182.203347621
 20
125.217509613
 30
0.000000000
 10
182.203347621
 20
124.627451032
 30
0.000000000
 10
182.203347621
 20
124.006414707
 30
0.000000000
 10
182.203347621
 20
123.587274989
 30
0.000000000
 10
182.203347621
 20
123.370031878
 30
0.000000000
 10
182.203347621
 20
123.154324437
 30
0.000000000
 10
182.203347621
 20
123.123546111
 30
0.000000000
 10
182.203347621
 20
123.125000000
 30
0.000000000
  0
SPLINE
  5
B7B
330
A02
100
AcDbEntity
  8
S02_CL_Section_SecA
100
AcDbSpline
210
0
220
0
230
1
 70
8
 71
3
 72
17
 73
13
 74
0
 40
0.499870687
 40
0.499870687
 40
0.499870687
 40
0.499870687
 40
0.582057967
 40
0.582057967
 40
0.582057967
 40
0.726262894
 40
0.726262894
 40
0.726262894
 40
0.864387149
 40
0.864387149
 40
0.864387149
 40
1.000000000
 40
1.000000000
 40
1.000000000
 40
1.000000000
 10
183.840906855
 20
140.443122017
 30
0.000000000
 10
183.841502080
 20
140.444001128
 30
0.000000000
 10
183.827407950
 20
140.435088430
 30
0.000000000
 10
183.798624466
 20
140.416383924
 30
0.000000000
 10
183.746700903
 20
140.381948556
 30
0.000000000
 10
183.647150029
 20
140.309878551
 30
0.000000000
 10
183.513983260
 20
140.186674225
 30
0.000000000
 10
183.385448934
 20
140.068841467
 30
0.000000000
 10
183.223455089
 20
139.902674555
 30
0.000000000
 10
183.008498865
 20
139.681456650
 30
0.000000000
 10
182.797213982
 20
139.464530343
 30
0.000000000
 10
182.530193190
 20
139.194839048
 30
0.000000000
 10
182.203347621
 20
138.898986762
 30
0.000000000
  0
SPLINE
  5
B7C
330
A02
100
AcDbEntity
  8
S02_CL_Section_SecA
100
AcDbSpline
210
0
220
0
230
1
 70
8
 71
1
 72
4
 73
2
 74
0
 40
0.239152106
 40
0.239152106
 40
0.282494323
 40
0.282494323
 10
183.840906856
 20
140.443122038
 30
0.000000000
 10
184.203347610
 20
140.425000001
 30
0.000000000
  0
SPLINE
  5
B7D
330
A02
100
AcDbEntity
  8
S02_CL_Section_SecA
100
AcDbSpline
210
0
220
0
230
1
 70
8
 71
1
 72
4
 73
2
 74
0
 40
0.000000000
 40
0.000000000
 40
0.937714868
 40
0.937714868
 10
184.203347621
 20
138.125000000
 30
0.000000000
 10
190.203347621
 20
138.125000000
 30
0.000000000
  0
SPLINE
  5
B7E
330
A02
100
AcDbEntity
  8
S02_CL_Section_SecA
100
AcDbSpline
210
0
220
0
230
1
 70
8
 71
1
 72
4
 73
2
 74
0
 40
0.043325763
 40
0.043325763
 40
1.000000000
 40
1.000000000
 10
182.203347602
 20
135.224999999
 30
0.000000000
 10
190.203347621
 20
135.625000000
 30
0.000000000
  0
SPLINE
  5
B7F
330
A02
100
AcDbEntity
  8
S02_CL_Section_SecA
100
AcDbSpline
210
0
220
0
230
1
 70
8
 71
1
 72
4
 73
2
 74
0
 40
0.000000000
 40
0.000000000
 40
0.272727273
 40
0.272727273
 10
184.203347621
 20
142.625000000
 30
0.000000000
 10
187.203347621
 20
142.625000000
 30
0.000000000
  0
SPLINE
  5
B80
330
A02
100
AcDbEntity
  8
S02_CL_Section_SecA
100
AcDbSpline
210
0
220
0
230
1
 70
8
 71
1
 72
4
 73
2
 74
0
 40
0.545454545
 40
0.545454545
 40
1.000000000
 40
1.000000000
 10
190.203347621
 20
142.625000000
 30
0.000000000
 10
195.203347621
 20
142.625000000
 30
0.000000000
  0
SPLINE
  5
B81
330
A02
100
AcDbEntity
  8
S02_CL_Section_SecA
100
AcDbSpline
210
0
220
0
230
1
 70
8
 71
3
 72
14
 73
10
 74
0
 40
81.328556002
 40
81.328556002
 40
81.328556002
 40
81.328556002
 40
102.113927448
 40
102.113927448
 40
102.113927448
 40
124.901028643
 40
124.901028643
 40
124.901028643
 40
163.383166708
 40
163.383166708
 40
163.383166708
 40
163.383166708
 10
184.203347621
 20
142.625000000
 30
0.000000000
 10
184.203347621
 20
142.625674219
 30
0.000000000
 10
184.203347621
 20
142.608458068
 30
0.000000000
 10
184.203347621
 20
142.532849358
 30
0.000000000
 10
184.203347621
 20
142.451629598
 30
0.000000000
 10
184.203347621
 20
142.302320259
 30
0.000000000
 10
184.203347621
 20
142.060595461
 30
0.000000000
 10
184.203347621
 20
141.656852303
 30
0.000000000
 10
184.203347621
 20
140.974744820
 30
0.000000000
 10
184.203347621
 20
140.338621129
 30
0.000000000
  0
SPLINE
  5
B82
330
A02
100
AcDbEntity
  8
S02_CL_Section_SecA
100
AcDbSpline
210
0
220
0
230
1
 70
8
 71
3
 72
11
 73
7
 74
0
 40
69.039199433
 40
69.039199433
 40
69.039199433
 40
69.039199433
 40
90.352244373
 40
90.352244373
 40
90.352244373
 40
111.243520887
 40
111.243520887
 40
111.243520887
 40
111.243520887
 10
195.203347621
 20
142.625000000
 30
0.000000000
 10
195.203347621
 20
142.628698214
 30
0.000000000
 10
195.203347621
 20
142.583951942
 30
0.000000000
 10
195.203347621
 20
142.418697380
 30
0.000000000
 10
195.203347621
 20
142.261172083
 30
0.000000000
 10
195.203347621
 20
141.994422401
 30
0.000000000
 10
195.203347621
 20
141.681873261
 30
0.000000000
  0
SPLINE
  5
B83
330
A02
100
AcDbEntity
  8
S02_CL_Section_SecA
100
AcDbSpline
210
0
220
0
230
1
 70
8
 71
3
 72
17
 73
13
 74
0
 40
0.355999889
 40
0.355999889
 40
0.355999889
 40
0.355999889
 40
0.569507854
 40
0.569507854
 40
0.569507854
 40
0.616486595
 40
0.616486595
 40
0.616486595
 40
0.679135564
 40
0.679135564
 40
0.679135564
 40
0.781139399
 40
0.781139399
 40
0.781139399
 40
0.781139399
 10
182.203347621
 20
135.224999626
 30
0.000000000
 10
182.203347621
 20
135.222398421
 30
0.000000000
 10
182.203347621
 20
135.393940753
 30
0.000000000
 10
182.203347621
 20
136.026723715
 30
0.000000000
 10
182.203347621
 20
136.166314113
 30
0.000000000
 10
182.203347621
 20
136.329868642
 30
0.000000000
 10
182.203347621
 20
136.517387303
 30
0.000000000
 10
182.203347621
 20
136.766763616
 30
0.000000000
 10
182.203347621
 20
137.062177720
 30
0.000000000
 10
182.203347621
 20
137.376089013
 30
0.000000000
 10
182.203347621
 20
137.885068927
 30
0.000000000
 10
182.203347621
 20
138.437150203
 30
0.000000000
 10
182.203347621
 20
138.898986766
 30
0.000000000
  0
SPLINE
  5
B84
330
A02
100
AcDbEntity
  8
S02_CL_Section_SecA
100
AcDbSpline
210
0
220
0
230
1
 70
8
 71
3
 72
8
 73
4
 74
0
 40
0.008668766
 40
0.008668766
 40
0.008668766
 40
0.008668766
 40
0.288876711
 40
0.288876711
 40
0.288876711
 40
0.288876711
 10
184.203347621
 20
139.838077064
 30
0.000000000
 10
184.203347621
 20
140.099425031
 30
0.000000000
 10
184.203347621
 20
140.253244868
 30
0.000000000
 10
184.203347621
 20
140.338621129
 30
0.000000000
  0
SPLINE
  5
B85
330
A02
100
AcDbEntity
  8
S02_CL_Section_SecA
100
AcDbSpline
210
0
220
0
230
1
 70
8
 71
3
 72
20
 73
16
 74
0
 40
139.684971366
 40
139.684971366
 40
139.684971366
 40
139.684971366
 40
162.266012169
 40
162.266012169
 40
162.266012169
 40
177.314194667
 40
177.314194667
 40
177.314194667
 40
209.101427527
 40
209.101427527
 40
209.101427527
 40
243.970417447
 40
243.970417447
 40
243.970417447
 40
278.525579772
 40
278.525579772
 40
278.525579772
 40
278.525579772
 10
190.203347621
 20
139.673970298
 30
0.000000000
 10
190.203347621
 20
139.507454999
 30
0.000000000
 10
190.203347621
 20
139.273633522
 30
0.000000000
 10
190.203347621
 20
138.972505865
 30
0.000000000
 10
190.203347621
 20
138.771538993
 30
0.000000000
 10
190.203347621
 20
138.537913365
 30
0.000000000
 10
190.203347621
 20
138.291636644
 30
0.000000000
 10
190.203347621
 20
137.773846110
 30
0.000000000
 10
190.203347621
 20
137.202142649
 30
0.000000000
 10
190.203347621
 20
136.777494135
 30
0.000000000
 10
190.203347621
 20
136.308162265
 30
0.000000000
 10
190.203347621
 20
136.019480038
 30
0.000000000
 10
190.203347621
 20
135.849092158
 30
0.000000000
 10
190.203347621
 20
135.678963165
 30
0.000000000
 10
190.203347621
 20
135.623309935
 30
0.000000000
 10
190.203347621
 20
135.625000000
 30
0.000000000
  0
SPLINE
  5
B86
330
A02
100
AcDbEntity
  8
S02_CL_Section_SecA
100
AcDbSpline
210
0
220
0
230
1
 70
8
 71
3
 72
14
 73
10
 74
0
 40
173.424957386
 40
173.424957386
 40
173.424957386
 40
173.424957386
 40
193.550911697
 40
193.550911697
 40
193.550911697
 40
207.527546636
 40
207.527546636
 40
207.527546636
 40
243.985668005
 40
243.985668005
 40
243.985668005
 40
243.985668005
 10
184.203347621
 20
139.838077064
 30
0.000000000
 10
184.203347621
 20
139.506886415
 30
0.000000000
 10
184.203347621
 20
139.186642242
 30
0.000000000
 10
184.203347621
 20
138.930010285
 30
0.000000000
 10
184.203347621
 20
138.750860978
 30
0.000000000
 10
184.203347621
 20
138.603946037
 30
0.000000000
 10
184.203347621
 20
138.489265463
 30
0.000000000
 10
184.203347621
 20
138.187900018
 30
0.000000000
 10
184.203347621
 20
138.120345212
 30
0.000000000
 10
184.203347621
 20
138.125000000
 30
0.000000000
  0
SPLINE
  5
B87
330
A02
100
AcDbEntity
  8
S02_CL_Section_SecA
100
AcDbSpline
210
0
220
0
230
1
 70
8
 71
3
 72
14
 73
10
 74
0
 40
0.499957877
 40
0.499957877
 40
0.499957877
 40
0.499957877
 40
0.602683804
 40
0.602683804
 40
0.602683804
 40
0.707497065
 40
0.707497065
 40
0.707497065
 40
0.933689956
 40
0.933689956
 40
0.933689956
 40
0.933689956
 10
190.203347621
 20
138.124999896
 30
0.000000000
 10
190.203347621
 20
138.124740890
 30
0.000000000
 10
190.203347621
 20
138.135676768
 30
0.000000000
 10
190.203347621
 20
138.182165614
 30
0.000000000
 10
190.203347621
 20
138.227795288
 30
0.000000000
 10
190.203347621
 20
138.311355125
 30
0.000000000
 10
190.203347621
 20
138.432845125
 30
0.000000000
 10
190.203347621
 20
138.692732628
 30
0.000000000
 10
190.203347621
 20
139.158955527
 30
0.000000000
 10
190.203347621
 20
139.673970298
 30
0.000000000
  0
LINE
  5
B88
330
A02
100
AcDbEntity
  8
S02_CL_Section_SecA
100
AcDbLine
 10
187.203347621
 20
142.375000000
 30
0.000000000
 11
187.203347621
 21
143.375000000
 31
0.000000000
  0
LINE
  5
B89
330
A02
100
AcDbEntity
  8
S02_CL_Section_SecA
100
AcDbLine
 10
187.203347621
 20
143.375000000
 30
0.000000000
 11
190.203347621
 21
143.375000000
 31
0.000000000
  0
LINE
  5
B8A
330
A02
100
AcDbEntity
  8
S02_CL_Section_SecA
100
AcDbLine
 10
187.203347621
 20
142.375000000
 30
0.000000000
 11
190.203347621
 21
142.375000000
 31
0.000000000
  0
LINE
  5
B8B
330
A02
100
AcDbEntity
  8
S02_CL_Section_SecA
100
AcDbLine
 10
190.203347621
 20
142.375000000
 30
0.000000000
 11
190.203347621
 21
143.375000000
 31
0.000000000
  0
LINE
  5
B8C
330
A02
100
AcDbEntity
  8
S02_CL_Section_SecA
100
AcDbLine
 10
126.703347621
 20
96.625000000
 30
0.000000000
 11
126.703347621
 21
97.525000000
 31
0.000000000
  0
LINE
  5
B8D
330
A02
100
AcDbEntity
  8
S02_CL_Section_SecA
100
AcDbLine
 10
136.203347621
 20
97.525000000
 30
0.000000000
 11
126.703347621
 21
97.525000000
 31
0.000000000
  0
LINE
  5
B8E
330
A02
100
AcDbEntity
  8
S02_CL_Section_SecA
100
AcDbLine
 10
149.203347621
 20
97.525000000
 30
0.000000000
 11
136.203347621
 21
97.525000000
 31
0.000000000
  0
LINE
  5
B8F
330
A02
100
AcDbEntity
  8
S02_CL_Section_SecA
100
AcDbLine
 10
259.203347621
 20
97.525000000
 30
0.000000000
 11
149.203347621
 21
97.525000000
 31
0.000000000
  0
LINE
  5
B90
330
A02
100
AcDbEntity
  8
S02_CL_Section_SecA
100
AcDbLine
 10
266.703347621
 20
97.525000000
 30
0.000000000
 11
259.203347621
 21
97.525000000
 31
0.000000000
  0
LINE
  5
B91
330
A02
100
AcDbEntity
  8
S02_CL_Section_SecA
100
AcDbLine
 10
267.703347621
 20
97.525000000
 30
0.000000000
 11
266.703347621
 21
97.525000000
 31
0.000000000
  0
LINE
  5
B92
330
A02
100
AcDbEntity
  8
S02_CL_Section_SecA
100
AcDbLine
 10
136.203347621
 20
96.625000000
 30
0.000000000
 11
136.203347621
 21
97.525000000
 31
0.000000000
  0
LINE
  5
B93
330
A02
100
AcDbEntity
  8
S02_CL_Section_SecA
100
AcDbLine
 10
136.203347621
 20
96.625000000
 30
0.000000000
 11
126.703347621
 21
96.625000000
 31
0.000000000
  0
LINE
  5
B94
330
A02
100
AcDbEntity
  8
S02_CL_Section_SecA
100
AcDbLine
 10
149.203347621
 20
96.625000000
 30
0.000000000
 11
136.203347621
 21
96.625000000
 31
0.000000000
  0
LINE
  5
B95
330
A02
100
AcDbEntity
  8
S02_CL_Section_SecA
100
AcDbLine
 10
259.203347621
 20
96.625000000
 30
0.000000000
 11
149.203347621
 21
96.625000000
 31
0.000000000
  0
LINE
  5
B96
330
A02
100
AcDbEntity
  8
S02_CL_Section_SecA
100
AcDbLine
 10
266.703347621
 20
96.625000000
 30
0.000000000
 11
259.203347621
 21
96.625000000
 31
0.000000000
  0
LINE
  5
B97
330
A02
100
AcDbEntity
  8
S02_CL_Section_SecA
100
AcDbLine
 10
267.703347621
 20
96.625000000
 30
0.000000000
 11
266.703347621
 21
96.625000000
 31
0.000000000
  0
LINE
  5
B98
330
A02
100
AcDbEntity
  8
S02_CL_Section_SecA
100
AcDbLine
 10
267.703347621
 20
96.625000000
 30
0.000000000
 11
267.703347621
 21
97.525000000
 31
0.000000000
  0
LINE
  5
B99
330
A02
100
AcDbEntity
  8
S02_CL_Section_SecA
100
AcDbLine
 10
149.203347621
 20
96.625000000
 30
0.000000000
 11
149.203347621
 21
97.525000000
 31
0.000000000
  0
LINE
  5
B9A
330
A02
100
AcDbEntity
  8
S02_CL_Section_SecA
100
AcDbLine
 10
259.203347621
 20
96.625000000
 30
0.000000000
 11
259.203347621
 21
97.525000000
 31
0.000000000
  0
LINE
  5
B9B
330
A02
100
AcDbEntity
  8
S02_CL_Section_SecA
100
AcDbLine
 10
266.703347621
 20
96.625000000
 30
0.000000000
 11
266.703347621
 21
97.525000000
 31
0.000000000
  0
LINE
  5
B9C
330
A02
100
AcDbEntity
  8
S02_CL_Section_SecA
100
AcDbLine
 10
155.203347621
 20
99.625000000
 30
0.000000000
 11
150.203347621
 21
97.525000000
 31
0.000000000
  0
LINE
  5
B9D
330
A02
100
AcDbEntity
  8
S02_CL_Section_SecA
100
AcDbLine
 10
258.203347621
 20
97.525000000
 30
0.000000000
 11
258.203347621
 21
100.625000000
 31
0.000000000
  0
LINE
  5
B9E
330
A02
100
AcDbEntity
  8
S02_CL_Section_SecA
100
AcDbLine
 10
258.203347621
 20
100.625000000
 30
0.000000000
 11
155.203347621
 21
99.625000000
 31
0.000000000
  0
LINE
  5
B9F
330
A02
100
AcDbEntity
  8
S02_CL_Section_SecA
100
AcDbLine
 10
150.203347621
 20
97.525000000
 30
0.000000000
 11
150.203347621
 21
102.625000000
 31
0.000000000
  0
LINE
  5
BA0
330
A02
100
AcDbEntity
  8
S02_CL_Section_SecA
100
AcDbLine
 10
131.203347621
 20
106.125000000
 30
0.000000000
 11
128.034926568
 21
97.525000000
 31
0.000000000
  0
LINE
  5
BA1
330
A02
100
AcDbEntity
  8
S02_CL_Section_SecA
100
AcDbLine
 10
150.203347621
 20
102.625000000
 30
0.000000000
 11
131.203347621
 21
106.125000000
 31
0.000000000
  0
LINE
  5
BA2
330
A02
100
AcDbEntity
  8
S02_CL_Section_SecA
100
AcDbLine
 10
267.703347621
 20
96.625000000
 30
0.000000000
 11
314.203347621
 21
112.375000000
 31
0.000000000
  0
LINE
  5
BA3
330
A02
100
AcDbEntity
  8
S02_CL_Section_SecA
100
AcDbLine
 10
314.203347621
 20
112.375000000
 30
0.000000000
 11
314.203347621
 21
101.625000000
 31
0.000000000
  0
LINE
  5
BA4
330
A02
100
AcDbEntity
  8
S02_CL_Section_SecA
100
AcDbLine
 10
314.203347621
 20
101.625000000
 30
0.000000000
 11
267.703347621
 21
96.625000000
 31
0.000000000
  0
LINE
  5
BA5
330
A02
100
AcDbEntity
  8
S02_CL_Section_SecA
100
AcDbLine
 10
314.203347621
 20
112.375000000
 30
0.000000000
 11
314.203347621
 21
113.225000000
 31
0.000000000
  0
LINE
  5
BA6
330
A02
100
AcDbEntity
  8
S02_CL_Section_SecA
100
AcDbLine
 10
267.703347621
 20
97.725000000
 30
0.000000000
 11
267.703347621
 21
97.525000000
 31
0.000000000
  0
LINE
  5
BA7
330
A02
100
AcDbEntity
  8
S02_CL_Section_SecA
100
AcDbLine
 10
314.203347621
 20
113.225000000
 30
0.000000000
 11
267.703347621
 21
97.725000000
 31
0.000000000
  0
SPLINE
  5
BA8
330
A02
100
AcDbEntity
  8
S02_CL_Section_SecA
100
AcDbSpline
210
0
220
0
230
1
 70
8
 71
3
 72
17
 73
13
 74
0
 40
0.000000000
 40
0.000000000
 40
0.000000000
 40
0.000000000
 40
0.125000000
 40
0.125000000
 40
0.125000000
 40
0.250000000
 40
0.250000000
 40
0.250000000
 40
0.375000000
 40
0.375000000
 40
0.375000000
 40
0.500000000
 40
0.500000000
 40
0.500000000
 40
0.500000000
 10
326.567100583
 20
135.823423413
 30
0.000000000
 10
326.567100583
 20
135.494709608
 30
0.000000000
 10
326.567100583
 20
135.439291857
 30
0.000000000
 10
326.567100583
 20
135.419116773
 30
0.000000000
 10
326.567100583
 20
135.403875190
 30
0.000000000
 10
326.567100583
 20
135.423876275
 30
0.000000000
 10
326.567100583
 20
135.379204663
 30
0.000000000
 10
326.567100583
 20
135.339466553
 30
0.000000000
 10
326.567100583
 20
135.235055745
 30
0.000000000
 10
326.567100583
 20
135.104194898
 30
0.000000000
 10
326.567100583
 20
134.978267551
 30
0.000000000
 10
326.567100583
 20
134.825890164
 30
0.000000000
 10
326.567100583
 20
134.823423413
 30
0.000000000
  0
SPLINE
  5
BA9
330
A02
100
AcDbEntity
  8
S02_CL_Section_SecA
100
AcDbSpline
210
0
220
0
230
1
 70
8
 71
2
 72
6
 73
3
 74
0
 40
0.000000000
 40
0.000000000
 40
0.000000000
 40
0.000817476
 40
0.000817476
 40
0.000817476
 10
326.567100583
 20
134.823423413
 30
0.000000000
 10
326.570946995
 20
134.825840513
 30
0.000000000
 10
326.570179490
 20
134.825808632
 30
0.000000000
  0
SPLINE
  5
BAA
330
A02
100
AcDbEntity
  8
S02_CL_Section_SecA
100
AcDbSpline
210
0
220
0
230
1
 70
8
 71
3
 72
17
 73
13
 74
0
 40
0.526998627
 40
0.526998627
 40
0.526998627
 40
0.526998627
 40
0.536265120
 40
0.536265120
 40
0.536265120
 40
0.545068565
 40
0.545068565
 40
0.545068565
 40
0.565422220
 40
0.565422220
 40
0.565422220
 40
0.602600036
 40
0.602600036
 40
0.602600036
 40
0.602600036
 10
312.699029373
 20
132.829806608
 30
0.000000000
 10
312.699432892
 20
132.729687161
 30
0.000000000
 10
312.753788236
 20
132.640822666
 30
0.000000000
 10
312.818901306
 20
132.570953872
 30
0.000000000
 10
312.882172638
 20
132.503709661
 30
0.000000000
 10
312.952201326
 20
132.444368158
 30
0.000000000
 10
313.028987370
 20
132.392929362
 30
0.000000000
 10
313.204761915
 20
132.272787811
 30
0.000000000
 10
313.398289126
 20
132.181241165
 30
0.000000000
 10
313.595225365
 20
132.101620096
 30
0.000000000
 10
313.956301909
 20
131.957788348
 30
0.000000000
 10
314.333610390
 20
131.857953001
 30
0.000000000
 10
314.714811409
 20
131.784259164
 30
0.000000000
  0
SPLINE
  5
BAB
330
A02
100
AcDbEntity
  8
S02_CL_Section_SecA
100
AcDbSpline
210
0
220
0
230
1
 70
8
 71
3
 72
8
 73
4
 74
0
 40
0.785158477
 40
0.785158477
 40
0.785158477
 40
0.785158477
 40
1.000000000
 40
1.000000000
 40
1.000000000
 40
1.000000000
 10
320.368253231
 20
132.236599182
 30
0.000000000
 10
322.533305870
 20
132.830622642
 30
0.000000000
 10
324.618870810
 20
133.708948790
 30
0.000000000
 10
326.567100583
 20
134.823423413
 30
0.000000000
  0
SPLINE
  5
BAC
330
A02
100
AcDbEntity
  8
S02_CL_Section_SecA
100
AcDbSpline
210
0
220
0
230
1
 70
8
 71
3
 72
29
 73
25
 74
0
 40
0.000000000
 40
0.000000000
 40
0.000000000
 40
0.000000000
 40
0.248711427
 40
0.248711427
 40
0.248711427
 40
0.303976707
 40
0.303976707
 40
0.303976707
 40
0.383203958
 40
0.383203958
 40
0.383203958
 40
0.448036489
 40
0.448036489
 40
0.448036489
 40
0.479744184
 40
0.479744184
 40
0.479744184
 40
0.491627497
 40
0.491627497
 40
0.491627497
 40
0.500848091
 40
0.500848091
 40
0.500848091
 40
0.511477828
 40
0.511477828
 40
0.511477828
 40
0.511477828
 10
326.567100583
 20
135.823423413
 30
0.000000000
 10
324.481742404
 20
134.631526844
 30
0.000000000
 10
322.239789050
 20
133.706552673
 30
0.000000000
 10
319.910172249
 20
133.116711524
 30
0.000000000
 10
319.392265235
 20
132.985754484
 30
0.000000000
 10
318.870088757
 20
132.874995045
 30
0.000000000
 10
318.343642816
 20
132.784433208
 30
0.000000000
 10
317.588615437
 20
132.659241001
 30
0.000000000
 10
316.821103474
 20
132.603452083
 30
0.000000000
 10
316.056001927
 20
132.633851179
 30
0.000000000
 10
315.430434998
 20
132.659430099
 30
0.000000000
 10
314.805222621
 20
132.740159653
 30
0.000000000
 10
314.199775757
 20
132.902382171
 30
0.000000000
 10
313.904216339
 20
132.982564094
 30
0.000000000
 10
313.612782547
 20
133.081550785
 30
0.000000000
 10
313.337050264
 20
133.215871945
 30
0.000000000
 10
313.233294114
 20
133.265830475
 30
0.000000000
 10
313.133622176
 20
133.322789260
 30
0.000000000
 10
313.038034449
 20
133.386748302
 30
0.000000000
 10
312.963478716
 20
133.436102978
 30
0.000000000
 10
312.894805909
 20
133.492835032
 30
0.000000000
 10
312.832016028
 20
133.556944465
 30
0.000000000
 10
312.760831292
 20
133.630002851
 30
0.000000000
 10
312.699553968
 20
133.722923802
 30
0.000000000
 10
312.699029372
 20
133.829806608
 30
0.000000000
  0
SPLINE
  5
BAD
330
A02
100
AcDbEntity
  8
S02_CL_Section_SecA
100
AcDbSpline
210
0
220
0
230
1
 70
8
 71
3
 72
47
 73
43
 74
0
 40
0.511477828
 40
0.511477828
 40
0.511477828
 40
0.511477828
 40
0.518387724
 40
0.518387724
 40
0.518387724
 40
0.525151044
 40
0.525151044
 40
0.525151044
 40
0.545469773
 40
0.545469773
 40
0.545469773
 40
0.575084915
 40
0.575084915
 40
0.575084915
 40
0.633930057
 40
0.633930057
 40
0.633930057
 40
0.704797742
 40
0.704797742
 40
0.704797742
 40
0.757206426
 40
0.757206426
 40
0.757206426
 40
0.884628770
 40
0.884628770
 40
0.884628770
 40
0.945733427
 40
0.945733427
 40
0.945733427
 40
0.975252435
 40
0.975252435
 40
0.975252435
 40
0.985952124
 40
0.985952124
 40
0.985952124
 40
0.993715539
 40
0.993715539
 40
0.993715539
 40
0.998422687
 40
0.998422687
 40
0.998422687
 40
0.999746328
 40
0.999746328
 40
0.999746328
 40
0.999746328
 10
312.699029372
 20
133.829806608
 30
0.000000000
 10
312.697967169
 20
133.897378549
 30
0.000000000
 10
312.731163962
 20
133.961634267
 30
0.000000000
 10
312.777659907
 20
134.010994053
 30
0.000000000
 10
312.824495879
 20
134.058000978
 30
0.000000000
 10
312.878310038
 20
134.095054737
 30
0.000000000
 10
312.939102386
 20
134.122155328
 30
0.000000000
 10
313.117848473
 20
134.206175607
 30
0.000000000
 10
313.312583952
 20
134.244604499
 30
0.000000000
 10
313.505942243
 20
134.276294679
 30
0.000000000
 10
313.788828739
 20
134.320320413
 30
0.000000000
 10
314.074494788
 20
134.341628704
 30
0.000000000
 10
314.360046648
 20
134.358429178
 30
0.000000000
 10
314.927695083
 20
134.390074031
 30
0.000000000
 10
315.496182328
 20
134.401041843
 30
0.000000000
 10
316.064275788
 20
134.421363541
 30
0.000000000
 10
316.748803352
 20
134.441809992
 30
0.000000000
 10
317.432175834
 20
134.481701463
 30
0.000000000
 10
318.114393235
 20
134.541037954
 30
0.000000000
 10
318.618426817
 20
134.588910316
 30
0.000000000
 10
319.122121749
 20
134.640131355
 30
0.000000000
 10
319.625478031
 20
134.694701070
 30
0.000000000
 10
320.849938090
 20
134.824523329
 30
0.000000000
 10
322.069718948
 20
134.988904801
 30
0.000000000
 10
323.284820603
 20
135.187845484
 30
0.000000000
 10
323.867272411
 20
135.284172380
 30
0.000000000
 10
324.448151438
 20
135.389119796
 30
0.000000000
 10
325.027457684
 20
135.502687731
 30
0.000000000
 10
325.304482551
 20
135.556399500
 30
0.000000000
 10
325.590216018
 20
135.615542307
 30
0.000000000
 10
325.865894698
 20
135.672708578
 30
0.000000000
 10
325.962123825
 20
135.692002171
 30
0.000000000
 10
326.063242564
 20
135.713431675
 30
0.000000000
 10
326.169250915
 20
135.736997090
 30
0.000000000
 10
326.248106209
 20
135.754843735
 30
0.000000000
 10
326.333755010
 20
135.775443452
 30
0.000000000
 10
326.389178654
 20
135.784482956
 30
0.000000000
 10
326.422783357
 20
135.789963826
 30
0.000000000
 10
326.445276410
 20
135.791194825
 30
0.000000000
 10
326.522453701
 20
135.813608502
 30
0.000000000
 10
326.544155809
 20
135.819911185
 30
0.000000000
 10
326.570181930
 20
135.827888833
 30
0.000000000
 10
326.570181930
 20
135.825809575
 30
0.000000000
  0
SPLINE
  5
BAE
330
A02
100
AcDbEntity
  8
S02_CL_Section_SecA
100
AcDbSpline
210
0
220
0
230
1
 70
8
 71
1
 72
4
 73
2
 74
0
 40
0.999746328
 40
0.999746328
 40
1.000000000
 40
1.000000000
 10
326.570181930
 20
135.825809575
 30
0.000000000
 10
326.567100583
 20
135.823423413
 30
0.000000000
  0
SPLINE
  5
BAF
330
A02
100
AcDbEntity
  8
S02_CL_Section_SecA
100
AcDbSpline
210
0
220
0
230
1
 70
8
 71
3
 72
17
 73
13
 74
0
 40
0.000000000
 40
0.000000000
 40
0.000000000
 40
0.000000000
 40
0.125000000
 40
0.125000000
 40
0.125000000
 40
0.250000000
 40
0.250000000
 40
0.250000000
 40
0.375000000
 40
0.375000000
 40
0.375000000
 40
0.500000000
 40
0.500000000
 40
0.500000000
 40
0.500000000
 10
329.797792510
 20
141.776753194
 30
0.000000000
 10
329.797792510
 20
141.612396292
 30
0.000000000
 10
329.797792510
 20
141.584687416
 30
0.000000000
 10
329.797792510
 20
141.574599874
 30
0.000000000
 10
329.797792510
 20
141.566979082
 30
0.000000000
 10
329.797792510
 20
141.576979625
 30
0.000000000
 10
329.797792510
 20
141.554643819
 30
0.000000000
 10
329.797792510
 20
141.534774764
 30
0.000000000
 10
329.797792510
 20
141.482569360
 30
0.000000000
 10
329.797792510
 20
141.417138936
 30
0.000000000
 10
329.797792510
 20
141.354175263
 30
0.000000000
 10
329.797792510
 20
141.277986569
 30
0.000000000
 10
329.797792510
 20
141.276753194
 30
0.000000000
  0
SPLINE
  5
BB0
330
A02
100
AcDbEntity
  8
S02_CL_Section_SecA
100
AcDbSpline
210
0
220
0
230
1
 70
8
 71
1
 72
4
 73
2
 74
0
 40
0.000000000
 40
0.000000000
 40
0.000017373
 40
0.000017373
 10
329.797792510
 20
141.276753194
 30
0.000000000
 10
329.799173363
 20
141.278785376
 30
0.000000000
  0
SPLINE
  5
BB1
330
A02
100
AcDbEntity
  8
S02_CL_Section_SecA
100
AcDbSpline
210
0
220
0
230
1
 70
8
 71
3
 72
14
 73
10
 74
0
 40
0.560402165
 40
0.560402165
 40
0.560402165
 40
0.560402165
 40
0.675033677
 40
0.675033677
 40
0.675033677
 40
0.780775536
 40
0.780775536
 40
0.780775536
 40
1.000000000
 40
1.000000000
 40
1.000000000
 40
1.000000000
 10
323.183232566
 20
136.363708325
 30
0.000000000
 10
323.888045064
 20
136.541638072
 30
0.000000000
 10
324.557755646
 20
136.841958881
 30
0.000000000
 10
325.183059911
 20
137.209877978
 30
0.000000000
 10
325.758636963
 20
137.553157155
 30
0.000000000
 10
326.299185122
 20
137.951979234
 30
0.000000000
 10
326.824350689
 20
138.367364911
 30
0.000000000
 10
327.909142280
 20
139.234814539
 30
0.000000000
 10
328.905567492
 20
140.212400880
 30
0.000000000
 10
329.797792510
 20
141.276753194
 30
0.000000000
  0
SPLINE
  5
BB2
330
A02
100
AcDbEntity
  8
S02_CL_Section_SecA
100
AcDbSpline
210
0
220
0
230
1
 70
8
 71
3
 72
29
 73
25
 74
0
 40
0.000000000
 40
0.000000000
 40
0.000000000
 40
0.000000000
 40
0.249056483
 40
0.249056483
 40
0.249056483
 40
0.304396970
 40
0.304396970
 40
0.304396970
 40
0.382974099
 40
0.382974099
 40
0.382974099
 40
0.447065448
 40
0.447065448
 40
0.447065448
 40
0.478172715
 40
0.478172715
 40
0.478172715
 40
0.498387834
 40
0.498387834
 40
0.498387834
 40
0.504493970
 40
0.504493970
 40
0.504493970
 40
0.510083331
 40
0.510083331
 40
0.510083331
 40
0.510083331
 10
329.797792510
 20
141.776753194
 30
0.000000000
 10
328.787159281
 20
140.572346138
 30
0.000000000
 10
327.644838900
 20
139.476607225
 30
0.000000000
 10
326.388826365
 20
138.530111796
 30
0.000000000
 10
326.109599877
 20
138.319812955
 30
0.000000000
 10
325.823987625
 20
138.118589080
 30
0.000000000
 10
325.531989609
 20
137.926440172
 30
0.000000000
 10
325.115807741
 20
137.653988242
 30
0.000000000
 10
324.679657290
 20
137.418616738
 30
0.000000000
 10
324.223538258
 20
137.220325658
 30
0.000000000
 10
323.851590494
 20
137.057748125
 30
0.000000000
 10
323.468085505
 20
136.930145905
 30
0.000000000
 10
323.073023292
 20
136.837518999
 30
0.000000000
 10
322.881321235
 20
136.792676001
 30
0.000000000
 10
322.687345422
 20
136.762780343
 30
0.000000000
 10
322.491095852
 20
136.747832025
 30
0.000000000
 10
322.363811646
 20
136.739915403
 30
0.000000000
 10
322.234873911
 20
136.738675191
 30
0.000000000
 10
322.109626260
 20
136.766742957
 30
0.000000000
 10
322.071056227
 20
136.773974818
 30
0.000000000
 10
322.035381298
 20
136.788594517
 30
0.000000000
 10
322.002601474
 20
136.810602055
 30
0.000000000
 10
321.973066079
 20
136.832013350
 30
0.000000000
 10
321.949142978
 20
136.863592605
 30
0.000000000
 10
321.950215759
 20
136.899366171
 30
0.000000000
  0
SPLINE
  5
BB3
330
A02
100
AcDbEntity
  8
S02_CL_Section_SecA
100
AcDbSpline
210
0
220
0
230
1
 70
8
 71
3
 72
47
 73
43
 74
0
 40
0.510083331
 40
0.510083331
 40
0.510083331
 40
0.510083331
 40
0.519097494
 40
0.519097494
 40
0.519097494
 40
0.527626378
 40
0.527626378
 40
0.527626378
 40
0.538757633
 40
0.538757633
 40
0.538757633
 40
0.568429071
 40
0.568429071
 40
0.568429071
 40
0.628481447
 40
0.628481447
 40
0.628481447
 40
0.701475106
 40
0.701475106
 40
0.701475106
 40
0.754910279
 40
0.754910279
 40
0.754910279
 40
0.884092727
 40
0.884092727
 40
0.884092727
 40
0.945628018
 40
0.945628018
 40
0.945628018
 40
0.975238949
 40
0.975238949
 40
0.975238949
 40
0.985951796
 40
0.985951796
 40
0.985951796
 40
0.993717803
 40
0.993717803
 40
0.993717803
 40
0.998423625
 40
0.998423625
 40
0.998423625
 40
0.999762167
 40
0.999762167
 40
0.999762167
 40
0.999762167
 10
321.950215759
 20
136.899366171
 30
0.000000000
 10
321.951815877
 20
136.959579055
 30
0.000000000
 10
321.990422622
 20
137.008917041
 30
0.000000000
 10
322.030037007
 20
137.048075826
 30
0.000000000
 10
322.068524008
 20
137.086045932
 30
0.000000000
 10
322.109592894
 20
137.120879024
 30
0.000000000
 10
322.153243664
 20
137.152575101
 30
0.000000000
 10
322.210067881
 20
137.194004756
 30
0.000000000
 10
322.268672640
 20
137.232801579
 30
0.000000000
 10
322.329057942
 20
137.268965572
 30
0.000000000
 10
322.490184660
 20
137.364713574
 30
0.000000000
 10
322.654551839
 20
137.454549701
 30
0.000000000
 10
322.822159479
 20
137.538473952
 30
0.000000000
 10
323.161332386
 20
137.707979068
 30
0.000000000
 10
323.500943174
 20
137.876606648
 30
0.000000000
 10
323.840991843
 20
138.044356690
 30
0.000000000
 10
324.253943743
 20
138.249331585
 30
0.000000000
 10
324.660726979
 20
138.465873666
 30
0.000000000
 10
325.061341552
 20
138.693982933
 30
0.000000000
 10
325.353501388
 20
138.862740963
 30
0.000000000
 10
325.644449194
 20
139.033565372
 30
0.000000000
 10
325.934184972
 20
139.206456161
 30
0.000000000
 10
326.635550222
 20
139.623250610
 30
0.000000000
 10
327.325515958
 20
140.058112991
 30
0.000000000
 10
328.004082179
 20
140.511043303
 30
0.000000000
 10
328.327007574
 20
140.727158898
 30
0.000000000
 10
328.646972780
 20
140.947554496
 30
0.000000000
 10
328.963977797
 20
141.172230097
 30
0.000000000
 10
329.115077529
 20
141.278944881
 30
0.000000000
 10
329.270178987
 20
141.391009495
 30
0.000000000
 10
329.419666415
 20
141.499255998
 30
0.000000000
 10
329.471851487
 20
141.536630183
 30
0.000000000
 10
329.526489100
 20
141.576505838
 30
0.000000000
 10
329.583579252
 20
141.618882965
 30
0.000000000
 10
329.625959256
 20
141.650539429
 30
0.000000000
 10
329.671789707
 20
141.685546565
 30
0.000000000
 10
329.702099764
 20
141.706018461
 30
0.000000000
 10
329.720466181
 20
141.718423432
 30
0.000000000
 10
329.733133867
 20
141.725491399
 30
0.000000000
 10
329.773795750
 20
141.758983418
 30
0.000000000
 10
329.785361769
 20
141.768510014
 30
0.000000000
 10
329.799192749
 20
141.780174534
 30
0.000000000
 10
329.799192749
 20
141.778803648
 30
0.000000000
  0
SPLINE
  5
BB4
330
A02
100
AcDbEntity
  8
S02_CL_Section_SecA
100
AcDbSpline
210
0
220
0
230
1
 70
8
 71
1
 72
4
 73
2
 74
0
 40
0.999762167
 40
0.999762167
 40
1.000000000
 40
1.000000000
 10
329.799192749
 20
141.778803648
 30
0.000000000
 10
329.797792510
 20
141.776753194
 30
0.000000000
  0
LINE
  5
BB5
330
A02
100
AcDbEntity
  8
S02_CL_Section_SecA
100
AcDbLine
 10
311.203347621
 20
114.125000000
 30
0.000000000
 11
320.960038552
 21
133.406079696
 31
0.000000000
  0
LINE
  5
BB6
330
A02
100
AcDbEntity
  8
S02_CL_Section_SecA
100
AcDbLine
 10
321.305041143
 20
134.894915324
 30
0.000000000
 11
316.703347621
 21
135.125000000
 31
0.000000000
  0
LINE
  5
BB7
330
A02
100
AcDbEntity
  8
S02_CL_Section_SecA
100
AcDbLine
 10
316.703347621
 20
135.125000000
 30
0.000000000
 11
316.289370499
 21
134.429518435
 31
0.000000000
  0
LINE
  5
BB8
330
A02
100
AcDbEntity
  8
S02_CL_Section_SecA
100
AcDbLine
 10
315.259047929
 20
132.698576518
 30
0.000000000
 11
304.203347621
 21
114.125000000
 31
0.000000000
  0
SPLINE
  5
BB9
330
A02
100
AcDbEntity
  8
S02_CL_Section_SecA
100
AcDbSpline
210
0
220
0
230
1
 70
8
 71
3
 72
20
 73
16
 74
0
 40
0.000000000
 40
0.000000000
 40
0.000000000
 40
0.000000000
 40
0.102554877
 40
0.102554877
 40
0.102554877
 40
0.307664630
 40
0.307664630
 40
0.307664630
 40
0.512774384
 40
0.512774384
 40
0.512774384
 40
0.717884137
 40
0.717884137
 40
0.717884137
 40
1.435768275
 40
1.435768275
 40
1.435768275
 40
1.435768275
 10
323.755218541
 20
138.662754896
 30
0.000000000
 10
323.756003386
 20
138.661813082
 30
0.000000000
 10
323.756788231
 20
138.660871268
 30
0.000000000
 10
323.757573076
 20
138.659929454
 30
0.000000000
 10
323.761403763
 20
138.655332630
 30
0.000000000
 10
323.767633124
 20
138.647857396
 30
0.000000000
 10
323.776261160
 20
138.637503753
 30
0.000000000
 10
323.786211972
 20
138.625562779
 30
0.000000000
 10
323.798409543
 20
138.610925693
 30
0.000000000
 10
323.812853874
 20
138.593592496
 30
0.000000000
 10
323.828507645
 20
138.574807971
 30
0.000000000
 10
323.846162071
 20
138.553622660
 30
0.000000000
 10
323.865817151
 20
138.530036564
 30
0.000000000
 10
323.936763250
 20
138.444901245
 30
0.000000000
 10
324.036622694
 20
138.325069913
 30
0.000000000
 10
324.143021332
 20
138.197391547
 30
0.000000000
  0
LINE
  5
BBA
330
A02
100
AcDbEntity
  8
S02_CL_Section_SecA
100
AcDbLine
 10
321.442530479
 20
134.913123253
 30
0.000000000
 11
324.198055140
 21
137.209393804
 31
0.000000000
  0
LINE
  5
BBB
330
A02
100
AcDbEntity
  8
S02_CL_Section_SecA
100
AcDbLine
 10
319.351050494
 20
134.992614856
 30
0.000000000
 11
323.755218541
 21
138.662754896
 31
0.000000000
  0
SPLINE
  5
BBC
330
A02
100
AcDbEntity
  8
S02_CL_Section_SecA
100
AcDbSpline
210
0
220
0
230
1
 70
8
 71
3
 72
20
 73
16
 74
0
 40
0.000000000
 40
0.000000000
 40
0.000000000
 40
0.000000000
 40
0.102554877
 40
0.102554877
 40
0.102554877
 40
0.307664630
 40
0.307664630
 40
0.307664630
 40
0.512774384
 40
0.512774384
 40
0.512774384
 40
0.717884137
 40
0.717884137
 40
0.717884137
 40
1.435768275
 40
1.435768275
 40
1.435768275
 40
1.435768275
 10
323.755218541
 20
138.662754896
 30
0.000000000
 10
323.756003386
 20
138.661813082
 30
0.000000000
 10
323.756788231
 20
138.660871268
 30
0.000000000
 10
323.757573076
 20
138.659929454
 30
0.000000000
 10
323.761403763
 20
138.655332630
 30
0.000000000
 10
323.767633124
 20
138.647857396
 30
0.000000000
 10
323.776261160
 20
138.637503753
 30
0.000000000
 10
323.786211972
 20
138.625562779
 30
0.000000000
 10
323.798409543
 20
138.610925693
 30
0.000000000
 10
323.812853874
 20
138.593592496
 30
0.000000000
 10
323.828507645
 20
138.574807971
 30
0.000000000
 10
323.846162071
 20
138.553622660
 30
0.000000000
 10
323.865817151
 20
138.530036564
 30
0.000000000
 10
323.936763250
 20
138.444901245
 30
0.000000000
 10
324.036622694
 20
138.325069913
 30
0.000000000
 10
324.143021332
 20
138.197391547
 30
0.000000000
  0
LINE
  5
BBD
330
A02
100
AcDbEntity
  8
S02_CL_Section_SecA
100
AcDbLine
 10
321.442530479
 20
134.913123253
 30
0.000000000
 11
324.198055140
 21
137.209393804
 31
0.000000000
  0
LINE
  5
BBE
330
A02
100
AcDbEntity
  8
S02_CL_Section_SecA
100
AcDbLine
 10
319.351050494
 20
134.992614856
 30
0.000000000
 11
323.755218541
 21
138.662754896
 31
0.000000000
  0
SPLINE
  5
BBF
330
A02
100
AcDbEntity
  8
S02_CL_Section_SecA
100
AcDbSpline
210
0
220
0
230
1
 70
9
 71
3
 72
62
 73
58
 74
0
 40
0.000000000
 40
0.000000000
 40
0.000000000
 40
0.000000000
 40
0.248376052
 40
0.248376052
 40
0.248376052
 40
0.381973669
 40
0.381973669
 40
0.381973669
 40
0.445745319
 40
0.445745319
 40
0.445745319
 40
0.476751690
 40
0.476751690
 40
0.476751690
 40
0.497237700
 40
0.497237700
 40
0.497237700
 40
0.503775290
 40
0.503775290
 40
0.503775290
 40
0.513787116
 40
0.513787116
 40
0.513787116
 40
0.529006589
 40
0.529006589
 40
0.529006589
 40
0.569761901
 40
0.569761901
 40
0.569761901
 40
0.629472515
 40
0.629472515
 40
0.629472515
 40
0.702248337
 40
0.702248337
 40
0.702248337
 40
0.755588640
 40
0.755588640
 40
0.755588640
 40
0.884519473
 40
0.884519473
 40
0.884519473
 40
0.945861181
 40
0.945861181
 40
0.945861181
 40
0.975352789
 40
0.975352789
 40
0.975352789
 40
0.986017967
 40
0.986017967
 40
0.986017967
 40
0.993747907
 40
0.993747907
 40
0.993747907
 40
0.998431257
 40
0.998431257
 40
0.998431257
 40
1.000000000
 40
1.000000000
 40
1.000000000
 40
1.000000000
 10
322.517602227
 20
116.892249372
 30
0.000000000
 10
321.261064530
 20
116.180934515
 30
0.000000000
 10
319.930845538
 20
115.597363137
 30
0.000000000
 10
318.551970052
 20
115.167718993
 30
0.000000000
 10
317.810853994
 20
114.937942449
 30
0.000000000
 10
317.051322499
 20
114.750169656
 30
0.000000000
 10
316.274911996
 20
114.696317606
 30
0.000000000
 10
315.904067814
 20
114.666888220
 30
0.000000000
 10
315.533785832
 20
114.672002233
 30
0.000000000
 10
315.164066048
 20
114.711659644
 30
0.000000000
 10
314.984309228
 20
114.731112488
 30
0.000000000
 10
314.807516380
 20
114.765580768
 30
0.000000000
 10
314.633687504
 20
114.815064485
 30
0.000000000
 10
314.519935968
 20
114.849729279
 30
0.000000000
 10
314.406485418
 20
114.891146426
 30
0.000000000
 10
314.308489820
 20
114.960368665
 30
0.000000000
 10
314.276268464
 20
114.982045759
 30
0.000000000
 10
314.249464946
 20
115.008999736
 30
0.000000000
 10
314.228079266
 20
115.041230595
 30
0.000000000
 10
314.193728893
 20
115.091796694
 30
0.000000000
 10
314.196179026
 20
115.158695315
 30
0.000000000
 10
314.233661369
 20
115.206863288
 30
0.000000000
 10
314.288227036
 20
115.278747555
 30
0.000000000
 10
314.373311838
 20
115.317197683
 30
0.000000000
 10
314.453035884
 20
115.352494359
 30
0.000000000
 10
314.673360565
 20
115.441207383
 30
0.000000000
 10
314.907567800
 20
115.487326936
 30
0.000000000
 10
315.139784112
 20
115.532255404
 30
0.000000000
 10
315.481739802
 20
115.592459651
 30
0.000000000
 10
315.824768535
 20
115.645872140
 30
0.000000000
 10
316.168870312
 20
115.692492873
 30
0.000000000
 10
316.588054358
 20
115.750516777
 30
0.000000000
 10
317.006407557
 20
115.813983354
 30
0.000000000
 10
317.423929910
 20
115.882892601
 30
0.000000000
 10
317.729551843
 20
115.935661758
 30
0.000000000
 10
318.035173775
 20
115.988430914
 30
0.000000000
 10
318.340795707
 20
116.041200070
 30
0.000000000
 10
319.079666083
 20
116.168325230
 30
0.000000000
 10
319.816415548
 20
116.306706718
 30
0.000000000
 10
320.551044103
 20
116.456344534
 30
0.000000000
 10
320.900444876
 20
116.528066542
 30
0.000000000
 10
321.249193858
 20
116.602788033
 30
0.000000000
 10
321.597291049
 20
116.680509007
 30
0.000000000
 10
321.764830109
 20
116.717932231
 30
0.000000000
 10
321.932051224
 20
116.755898685
 30
0.000000000
 10
322.098954393
 20
116.794408371
 30
0.000000000
 10
322.156414649
 20
116.807191327
 30
0.000000000
 10
322.216820927
 20
116.821211922
 30
0.000000000
 10
322.280173227
 20
116.836470157
 30
0.000000000
 10
322.327251341
 20
116.847985114
 30
0.000000000
 10
322.378402401
 20
116.861141818
 30
0.000000000
 10
322.411455555
 20
116.867221816
 30
0.000000000
 10
322.431481517
 20
116.870905512
 30
0.000000000
 10
322.444864095
 20
116.871991490
 30
0.000000000
 10
322.490971439
 20
116.885956918
 30
0.000000000
 10
322.506415635
 20
116.890634801
 30
0.000000000
 10
322.525531529
 20
116.896757751
 30
0.000000000
 10
322.517602227
 20
116.892249372
 30
0.000000000
  0
LINE
  5
BC0
330
A02
100
AcDbEntity
  8
S02_CL_Section_SecA
100
AcDbLine
 10
209.203347621
 20
100.625000000
 30
0.000000000
 11
209.203347621
 21
110.625000000
 31
0.000000000
  0
LINE
  5
BC1
330
A02
100
AcDbEntity
  8
S02_CL_Section_SecA
100
AcDbLine
 10
209.203347621
 20
110.625000000
 30
0.000000000
 11
237.203347621
 21
110.625000000
 31
0.000000000
  0
LINE
  5
BC2
330
A02
100
AcDbEntity
  8
S02_CL_Section_SecA
100
AcDbLine
 10
209.203347621
 20
100.625000000
 30
0.000000000
 11
237.203347621
 21
100.625000000
 31
0.000000000
  0
LINE
  5
BC3
330
A02
100
AcDbEntity
  8
S02_CL_Section_SecA
100
AcDbLine
 10
237.203347621
 20
100.625000000
 30
0.000000000
 11
237.203347621
 21
110.625000000
 31
0.000000000
  0
LINE
  5
BC4
330
A02
100
AcDbEntity
  8
S02_CL_Section_SecA
100
AcDbLine
 10
210.203347621
 20
119.299621202
 30
0.000000000
 11
210.203347621
 21
119.878048327
 31
0.000000000
  0
LINE
  5
BC5
330
A02
100
AcDbEntity
  8
S02_CL_Section_SecA
100
AcDbLine
 10
210.203347621
 20
110.625000000
 30
0.000000000
 11
210.203347621
 21
114.221194078
 31
0.000000000
  0
LINE
  5
BC6
330
A02
100
AcDbEntity
  8
S02_CL_Section_SecA
100
AcDbLine
 10
210.203347621
 20
119.878048327
 30
0.000000000
 11
236.203347621
 21
119.878048327
 31
0.000000000
  0
LINE
  5
BC7
330
A02
100
AcDbEntity
  8
S02_CL_Section_SecA
100
AcDbLine
 10
236.203347621
 20
119.299621202
 30
0.000000000
 11
236.203347621
 21
119.878048327
 31
0.000000000
  0
LINE
  5
BC8
330
A02
100
AcDbEntity
  8
S02_CL_Section_SecA
100
AcDbLine
 10
210.203347621
 20
114.221194078
 30
0.000000000
 11
236.203347621
 21
114.221194078
 31
0.000000000
  0
LINE
  5
BC9
330
A02
100
AcDbEntity
  8
S02_CL_Section_SecA
100
AcDbLine
 10
236.203347621
 20
110.625000000
 30
0.000000000
 11
236.203347621
 21
114.221194078
 31
0.000000000
  0
SPLINE
  5
BCA
330
A02
100
AcDbEntity
  8
S02_CL_Section_SecA
100
AcDbSpline
210
0
220
0
230
1
 70
8
 71
2
 72
30
 73
27
 74
0
 40
0.000000000
 40
0.000000000
 40
0.000000000
 40
0.168299606
 40
0.168299606
 40
0.336599213
 40
0.336599213
 40
0.504898819
 40
0.504898819
 40
0.841498032
 40
0.841498032
 40
1.009797639
 40
1.009797639
 40
1.178097245
 40
1.178097245
 40
1.346396852
 40
1.346396852
 40
1.514696458
 40
1.514696458
 40
1.682996064
 40
1.682996064
 40
1.851295671
 40
1.851295671
 40
2.019595277
 40
2.019595277
 40
2.187894884
 40
2.187894884
 40
2.356194490
 40
2.356194490
 40
2.356194490
 10
236.203347621
 20
118.640611460
 30
0.000000000
 10
236.203347621
 20
118.496121539
 30
0.000000000
 10
236.203347621
 20
118.351631619
 30
0.000000000
 10
236.203347621
 20
118.188745617
 30
0.000000000
 10
236.203347621
 20
118.025859615
 30
0.000000000
 10
236.203347621
 20
117.849180359
 30
0.000000000
 10
236.203347621
 20
117.672501103
 30
0.000000000
 10
236.203347621
 20
117.303537504
 30
0.000000000
 10
236.203347621
 20
116.923462696
 30
0.000000000
 10
236.203347621
 20
116.736205899
 30
0.000000000
 10
236.203347621
 20
116.548949101
 30
0.000000000
 10
236.203347621
 20
116.368766290
 30
0.000000000
 10
236.203347621
 20
116.188583480
 30
0.000000000
 10
236.203347621
 20
116.020566255
 30
0.000000000
 10
236.203347621
 20
115.852549030
 30
0.000000000
 10
236.203347621
 20
115.701445216
 30
0.000000000
 10
236.203347621
 20
115.550341402
 30
0.000000000
 10
236.203347621
 20
115.420420884
 30
0.000000000
 10
236.203347621
 20
115.290500367
 30
0.000000000
 10
236.203347621
 20
115.185434435
 30
0.000000000
 10
236.203347621
 20
115.080368503
 30
0.000000000
 10
236.203347621
 20
115.003126106
 30
0.000000000
 10
236.203347621
 20
114.925883709
 30
0.000000000
 10
236.203347621
 20
114.878647560
 30
0.000000000
 10
236.203347621
 20
114.831411411
 30
0.000000000
 10
236.203347621
 20
114.815516307
 30
0.000000000
 10
236.203347621
 20
114.799621202
 30
0.000000000
  0
SPLINE
  5
BCB
330
A02
100
AcDbEntity
  8
S02_CL_Section_SecA
100
AcDbSpline
210
0
220
0
230
1
 70
8
 71
3
 72
11
 73
7
 74
0
 40
5.497787144
 40
5.497787144
 40
5.497787144
 40
5.497787144
 40
5.890486225
 40
5.890486225
 40
5.890486225
 40
6.283185307
 40
6.283185307
 40
6.283185307
 40
6.283185307
 10
236.203347621
 20
119.299621202
 30
0.000000000
 10
236.203347621
 20
119.298781879
 30
0.000000000
 10
236.203347621
 20
119.240325255
 30
0.000000000
 10
236.203347621
 20
119.128350151
 30
0.000000000
 10
236.203347621
 20
119.014824179
 30
0.000000000
 10
236.203347621
 20
118.848353797
 30
0.000000000
 10
236.203347621
 20
118.640611460
 30
0.000000000
  0
SPLINE
  5
BCC
330
A02
100
AcDbEntity
  8
S02_CL_Section_SecA
100
AcDbSpline
210
0
220
0
230
1
 70
8
 71
2
 72
30
 73
27
 74
0
 40
0.000000000
 40
0.000000000
 40
0.000000000
 40
0.168299606
 40
0.168299606
 40
0.336599213
 40
0.336599213
 40
0.504898819
 40
0.504898819
 40
0.841498032
 40
0.841498032
 40
1.009797639
 40
1.009797639
 40
1.178097245
 40
1.178097245
 40
1.346396852
 40
1.346396852
 40
1.514696458
 40
1.514696458
 40
1.682996064
 40
1.682996064
 40
1.851295671
 40
1.851295671
 40
2.019595277
 40
2.019595277
 40
2.187894884
 40
2.187894884
 40
2.356194490
 40
2.356194490
 40
2.356194490
 10
210.203347621
 20
118.640611460
 30
0.000000000
 10
210.203347621
 20
118.496121539
 30
0.000000000
 10
210.203347621
 20
118.351631619
 30
0.000000000
 10
210.203347621
 20
118.188745617
 30
0.000000000
 10
210.203347621
 20
118.025859615
 30
0.000000000
 10
210.203347621
 20
117.849180359
 30
0.000000000
 10
210.203347621
 20
117.672501103
 30
0.000000000
 10
210.203347621
 20
117.303537504
 30
0.000000000
 10
210.203347621
 20
116.923462696
 30
0.000000000
 10
210.203347621
 20
116.736205899
 30
0.000000000
 10
210.203347621
 20
116.548949101
 30
0.000000000
 10
210.203347621
 20
116.368766290
 30
0.000000000
 10
210.203347621
 20
116.188583480
 30
0.000000000
 10
210.203347621
 20
116.020566255
 30
0.000000000
 10
210.203347621
 20
115.852549030
 30
0.000000000
 10
210.203347621
 20
115.701445216
 30
0.000000000
 10
210.203347621
 20
115.550341402
 30
0.000000000
 10
210.203347621
 20
115.420420884
 30
0.000000000
 10
210.203347621
 20
115.290500367
 30
0.000000000
 10
210.203347621
 20
115.185434435
 30
0.000000000
 10
210.203347621
 20
115.080368503
 30
0.000000000
 10
210.203347621
 20
115.003126106
 30
0.000000000
 10
210.203347621
 20
114.925883709
 30
0.000000000
 10
210.203347621
 20
114.878647560
 30
0.000000000
 10
210.203347621
 20
114.831411411
 30
0.000000000
 10
210.203347621
 20
114.815516307
 30
0.000000000
 10
210.203347621
 20
114.799621202
 30
0.000000000
  0
SPLINE
  5
BCD
330
A02
100
AcDbEntity
  8
S02_CL_Section_SecA
100
AcDbSpline
210
0
220
0
230
1
 70
8
 71
3
 72
11
 73
7
 74
0
 40
5.497787144
 40
5.497787144
 40
5.497787144
 40
5.497787144
 40
5.890486225
 40
5.890486225
 40
5.890486225
 40
6.283185307
 40
6.283185307
 40
6.283185307
 40
6.283185307
 10
210.203347621
 20
119.299621202
 30
0.000000000
 10
210.203347621
 20
119.298781879
 30
0.000000000
 10
210.203347621
 20
119.240325255
 30
0.000000000
 10
210.203347621
 20
119.128350151
 30
0.000000000
 10
210.203347621
 20
119.014824179
 30
0.000000000
 10
210.203347621
 20
118.848353797
 30
0.000000000
 10
210.203347621
 20
118.640611460
 30
0.000000000
  0
SPLINE
  5
BCE
330
A02
100
AcDbEntity
  8
S02_CL_Section_SecA
100
AcDbSpline
210
0
220
0
230
1
 70
8
 71
1
 72
17
 73
15
 74
0
 40
0.000000000
 40
0.000000000
 40
0.224399475
 40
0.448798951
 40
0.673198426
 40
0.897597901
 40
1.121997376
 40
1.346396852
 40
1.570796327
 40
1.795195802
 40
2.019595277
 40
2.243994753
 40
2.468394228
 40
2.692793703
 40
2.917193178
 40
3.141592654
 40
3.141592654
 10
208.703347621
 20
121.625000000
 30
0.000000000
 10
208.703347621
 20
121.487103517
 30
0.000000000
 10
208.703347621
 20
121.080328773
 30
0.000000000
 10
208.703347621
 20
120.425073154
 30
0.000000000
 10
208.703347621
 20
119.554193910
 30
0.000000000
 10
208.703347621
 20
118.511360565
 30
0.000000000
 10
208.703347621
 20
117.348865137
 30
0.000000000
 10
208.703347621
 20
116.125000000
 30
0.000000000
 10
208.703347621
 20
114.901134863
 30
0.000000000
 10
208.703347621
 20
113.738639435
 30
0.000000000
 10
208.703347621
 20
112.695806090
 30
0.000000000
 10
208.703347621
 20
111.824926846
 30
0.000000000
 10
208.703347621
 20
111.169671227
 30
0.000000000
 10
208.703347621
 20
110.762896483
 30
0.000000000
 10
208.703347621
 20
110.625000000
 30
0.000000000
  0
LINE
  5
BCF
330
A02
100
AcDbEntity
  8
S02_CL_Section_SecA
100
AcDbLine
 10
203.203347621
 20
110.625000000
 30
0.000000000
 11
208.703347621
 21
110.625000000
 31
0.000000000
  0
SPLINE
  5
BD0
330
A02
100
AcDbEntity
  8
S02_CL_Section_SecA
100
AcDbSpline
210
0
220
0
230
1
 70
8
 71
1
 72
17
 73
15
 74
0
 40
0.000000000
 40
0.000000000
 40
0.224399475
 40
0.448798951
 40
0.673198426
 40
0.897597901
 40
1.121997376
 40
1.346396852
 40
1.570796327
 40
1.795195802
 40
2.019595277
 40
2.243994753
 40
2.468394228
 40
2.692793703
 40
2.917193178
 40
3.141592654
 40
3.141592654
 10
203.203347621
 20
121.625000000
 30
0.000000000
 10
203.203347621
 20
121.487103517
 30
0.000000000
 10
203.203347621
 20
121.080328773
 30
0.000000000
 10
203.203347621
 20
120.425073154
 30
0.000000000
 10
203.203347621
 20
119.554193910
 30
0.000000000
 10
203.203347621
 20
118.511360565
 30
0.000000000
 10
203.203347621
 20
117.348865137
 30
0.000000000
 10
203.203347621
 20
116.125000000
 30
0.000000000
 10
203.203347621
 20
114.901134863
 30
0.000000000
 10
203.203347621
 20
113.738639435
 30
0.000000000
 10
203.203347621
 20
112.695806090
 30
0.000000000
 10
203.203347621
 20
111.824926846
 30
0.000000000
 10
203.203347621
 20
111.169671227
 30
0.000000000
 10
203.203347621
 20
110.762896483
 30
0.000000000
 10
203.203347621
 20
110.625000000
 30
0.000000000
  0
LINE
  5
BD1
330
A02
100
AcDbEntity
  8
S02_CL_Section_SecA
100
AcDbLine
 10
203.203347621
 20
121.625000000
 30
0.000000000
 11
208.703347621
 21
121.625000000
 31
0.000000000
  0
SPLINE
  5
BD2
330
A02
100
AcDbEntity
  8
S02_CL_Section_SecA
100
AcDbSpline
210
0
220
0
230
1
 70
8
 71
1
 72
17
 73
15
 74
0
 40
0.000000000
 40
0.000000000
 40
0.224399475
 40
0.448798951
 40
0.673198426
 40
0.897597901
 40
1.121997376
 40
1.346396852
 40
1.570796327
 40
1.795195802
 40
2.019595277
 40
2.243994753
 40
2.468394228
 40
2.692793703
 40
2.917193178
 40
3.141592654
 40
3.141592654
 10
243.203347621
 20
121.375000000
 30
0.000000000
 10
243.203347621
 20
121.243371539
 30
0.000000000
 10
243.203347621
 20
120.855086556
 30
0.000000000
 10
243.203347621
 20
120.229615283
 30
0.000000000
 10
243.203347621
 20
119.398321460
 30
0.000000000
 10
243.203347621
 20
118.402889630
 30
0.000000000
 10
243.203347621
 20
117.293234903
 30
0.000000000
 10
243.203347621
 20
116.125000000
 30
0.000000000
 10
243.203347621
 20
114.956765097
 30
0.000000000
 10
243.203347621
 20
113.847110370
 30
0.000000000
 10
243.203347621
 20
112.851678540
 30
0.000000000
 10
243.203347621
 20
112.020384717
 30
0.000000000
 10
243.203347621
 20
111.394913444
 30
0.000000000
 10
243.203347621
 20
111.006628461
 30
0.000000000
 10
243.203347621
 20
110.875000000
 30
0.000000000
  0
SPLINE
  5
BD3
330
A02
100
AcDbEntity
  8
S02_CL_Section_SecA
100
AcDbSpline
210
0
220
0
230
1
 70
8
 71
1
 72
17
 73
15
 74
0
 40
0.000000000
 40
0.000000000
 40
0.224399475
 40
0.448798951
 40
0.673198426
 40
0.897597901
 40
1.121997376
 40
1.346396852
 40
1.570796327
 40
1.795195802
 40
2.019595277
 40
2.243994753
 40
2.468394228
 40
2.692793703
 40
2.917193178
 40
3.141592654
 40
3.141592654
 10
237.703347621
 20
121.375000000
 30
0.000000000
 10
237.703347621
 20
121.243371539
 30
0.000000000
 10
237.703347621
 20
120.855086556
 30
0.000000000
 10
237.703347621
 20
120.229615283
 30
0.000000000
 10
237.703347621
 20
119.398321460
 30
0.000000000
 10
237.703347621
 20
118.402889630
 30
0.000000000
 10
237.703347621
 20
117.293234903
 30
0.000000000
 10
237.703347621
 20
116.125000000
 30
0.000000000
 10
237.703347621
 20
114.956765097
 30
0.000000000
 10
237.703347621
 20
113.847110370
 30
0.000000000
 10
237.703347621
 20
112.851678540
 30
0.000000000
 10
237.703347621
 20
112.020384717
 30
0.000000000
 10
237.703347621
 20
111.394913444
 30
0.000000000
 10
237.703347621
 20
111.006628461
 30
0.000000000
 10
237.703347621
 20
110.875000000
 30
0.000000000
  0
LINE
  5
BD4
330
A02
100
AcDbEntity
  8
S02_CL_Section_SecA
100
AcDbLine
 10
237.703347621
 20
121.375000000
 30
0.000000000
 11
243.203347621
 21
121.375000000
 31
0.000000000
  0
LINE
  5
BD5
330
A02
100
AcDbEntity
  8
S02_CL_Section_SecA
100
AcDbLine
 10
208.703347621
 20
113.375000000
 30
0.000000000
 11
210.203347621
 21
113.375000000
 31
0.000000000
  0
LINE
  5
BD6
330
A02
100
AcDbEntity
  8
S02_CL_Section_SecA
100
AcDbLine
 10
236.203347621
 20
113.375000000
 30
0.000000000
 11
237.703347621
 21
113.375000000
 31
0.000000000
  0
LINE
  5
BD7
330
A02
100
AcDbEntity
  8
S02_CL_Section_SecA
100
AcDbLine
 10
208.703347621
 20
118.875000000
 30
0.000000000
 11
210.203347621
 21
118.875000000
 31
0.000000000
  0
LINE
  5
BD8
330
A02
100
AcDbEntity
  8
S02_CL_Section_SecA
100
AcDbLine
 10
236.203347621
 20
118.875000000
 30
0.000000000
 11
237.703347621
 21
118.875000000
 31
0.000000000
  0
LINE
  5
BD9
330
A02
100
AcDbEntity
  8
S02_CL_Section_SecA
100
AcDbLine
 10
181.203347621
 20
99.877427184
 30
0.000000000
 11
181.203347621
 21
106.625000000
 31
0.000000000
  0
LINE
  5
BDA
330
A02
100
AcDbEntity
  8
S02_CL_Section_SecA
100
AcDbLine
 10
181.203347621
 20
106.625000000
 30
0.000000000
 11
202.703347621
 21
106.625000000
 31
0.000000000
  0
LINE
  5
BDB
330
A02
100
AcDbEntity
  8
S02_CL_Section_SecA
100
AcDbLine
 10
202.703347621
 20
100.086165049
 30
0.000000000
 11
202.703347621
 21
106.625000000
 31
0.000000000
  0
LINE
  5
BDC
330
A02
100
AcDbEntity
  8
S02_CL_Section_SecA
100
AcDbLine
 10
168.513522903
 20
105.125000000
 30
0.000000000
 11
168.513522903
 21
120.125000000
 31
0.000000000
  0
LINE
  5
BDD
330
A02
100
AcDbEntity
  8
S02_CL_Section_SecA
100
AcDbLine
 10
168.513522903
 20
120.125000000
 30
0.000000000
 11
162.174248977
 21
120.125000000
 31
0.000000000
  0
LINE
  5
BDE
330
A02
100
AcDbEntity
  8
S02_CL_Section_SecA
100
AcDbLine
 10
162.174248977
 20
105.125000000
 30
0.000000000
 11
162.174248977
 21
120.125000000
 31
0.000000000
  0
LINE
  5
BDF
330
A02
100
AcDbEntity
  8
S02_CL_Section_SecA
100
AcDbLine
 10
168.513522903
 20
105.125000000
 30
0.000000000
 11
162.174248977
 21
105.125000000
 31
0.000000000
  0
LINE
  5
BE0
330
A02
100
AcDbEntity
  8
S02_CL_Section_SecA
100
AcDbLine
 10
171.232446264
 20
105.125000000
 30
0.000000000
 11
171.232446264
 21
120.125000000
 31
0.000000000
  0
LINE
  5
BE1
330
A02
100
AcDbEntity
  8
S02_CL_Section_SecA
100
AcDbLine
 10
168.513522903
 20
105.125000000
 30
0.000000000
 11
171.232446264
 21
105.125000000
 31
0.000000000
  0
LINE
  5
BE2
330
A02
100
AcDbEntity
  8
S02_CL_Section_SecA
100
AcDbLine
 10
168.513522903
 20
120.125000000
 30
0.000000000
 11
171.232446264
 21
120.125000000
 31
0.000000000
  0
ELLIPSE
  5
BE3
330
A02
100
AcDbEntity
  8
S02_CL_Section_SecA
100
AcDbEllipse
 10
213.703347621
 20
117.375000000
 30
0.000000000
 11
-0.054931379
 21
-1.098627573
 31
0.000000000
 40
0.269317933
 41
-0.000000000
 42
-3.141592654
  0
ARC
  5
BE4
330
A02
100
AcDbEntity
  8
S02_CL_Section_SecA
100
AcDbCircle
 10
213.703347621
 20
117.375000000
 30
0.000000000
 40
1.100000000
100
AcDbArc
 50
87.137594774
 51
90.000000000
  0
ELLIPSE
  5
BE5
330
A02
100
AcDbEntity
  8
S02_CL_Section_SecA
100
AcDbEllipse
 10
222.703347621
 20
117.375000000
 30
0.000000000
 11
-0.085676434
 21
-1.096658355
 31
0.000000000
 40
0.399796074
 41
-0.000000000
 42
-3.141592654
  0
ARC
  5
BE6
330
A02
100
AcDbEntity
  8
S02_CL_Section_SecA
100
AcDbCircle
 10
222.703347621
 20
117.375000000
 30
0.000000000
 40
1.100000000
100
AcDbArc
 50
85.532840939
 51
90.000000000
  0
ELLIPSE
  5
BE7
330
A02
100
AcDbEntity
  8
S02_CL_Section_SecA
100
AcDbEllipse
 10
231.703347621
 20
117.375000000
 30
0.000000000
 11
-0.193369702
 21
-1.082870333
 31
0.000000000
 40
0.701536293
 41
-4.587763878
 42
-3.141592654
  0
ELLIPSE
  5
BE8
330
A02
100
AcDbEntity
  8
S02_CL_Section_SecA
100
AcDbEllipse
 10
231.703347621
 20
117.375000000
 30
0.000000000
 11
-0.193369702
 21
-1.082870333
 31
0.000000000
 40
0.701536293
 41
-0.000000000
 42
-4.587763878
  0
ARC
  5
BE9
330
A02
100
AcDbEntity
  8
S02_CL_Section_SecA
100
AcDbCircle
 10
231.703347621
 20
117.375000000
 30
0.000000000
 40
1.100000000
100
AcDbArc
 50
79.875328345
 51
90.000000000
  0
SPLINE
  5
BEA
330
A02
100
AcDbEntity
  8
S02_CL_Section_SecA
100
AcDbSpline
210
0
220
0
230
1
 70
8
 71
1
 72
4
 73
2
 74
0
 40
0.113207547
 40
0.113207547
 40
1.000000000
 40
1.000000000
 10
243.203347621
 20
116.625000000
 30
0.000000000
 10
290.203347621
 20
116.625000000
 30
0.000000000
  0
SPLINE
  5
BEB
330
A02
100
AcDbEntity
  8
S02_CL_Section_SecA
100
AcDbSpline
210
0
220
0
230
1
 70
8
 71
3
 72
35
 73
31
 74
0
 40
0.250607382
 40
0.250607382
 40
0.250607382
 40
0.250607382
 40
0.303599214
 40
0.303599214
 40
0.303599214
 40
0.368815936
 40
0.368815936
 40
0.368815936
 40
0.402587735
 40
0.402587735
 40
0.402587735
 40
0.434625649
 40
0.434625649
 40
0.434625649
 40
0.500000000
 40
0.500000000
 40
0.500000000
 40
0.565374351
 40
0.565374351
 40
0.565374351
 40
0.597412265
 40
0.597412265
 40
0.597412265
 40
0.631184064
 40
0.631184064
 40
0.631184064
 40
0.696400786
 40
0.696400786
 40
0.696400786
 40
0.749392618
 40
0.749392618
 40
0.749392618
 40
0.749392618
 10
290.203347621
 20
116.625000037
 30
0.000000000
 10
290.203347621
 20
116.624990523
 30
0.000000000
 10
290.203347621
 20
116.624737640
 30
0.000000000
 10
290.203347621
 20
116.574812652
 30
0.000000000
 10
290.203347621
 20
116.512531864
 30
0.000000000
 10
290.203347621
 20
116.377522477
 30
0.000000000
 10
290.203347621
 20
116.042197620
 30
0.000000000
 10
290.203347621
 20
115.868456062
 30
0.000000000
 10
290.203347621
 20
115.640118840
 30
0.000000000
 10
290.203347621
 20
115.357185953
 30
0.000000000
 10
290.203347621
 20
115.090172522
 30
0.000000000
 10
290.203347621
 20
114.779468052
 30
0.000000000
 10
290.203347621
 20
114.452924402
 30
0.000000000
 10
290.203347621
 20
113.781736093
 30
0.000000000
 10
290.203347621
 20
113.071957694
 30
0.000000000
 10
290.203347621
 20
112.375000001
 30
0.000000000
 10
290.203347621
 20
111.678042307
 30
0.000000000
 10
290.203347621
 20
110.968263909
 30
0.000000000
 10
290.203347621
 20
110.297075598
 30
0.000000000
 10
290.203347621
 20
109.970531948
 30
0.000000000
 10
290.203347621
 20
109.659827478
 30
0.000000000
 10
290.203347621
 20
109.392814047
 30
0.000000000
 10
290.203347621
 20
109.109881160
 30
0.000000000
 10
290.203347621
 20
108.881543938
 30
0.000000000
 10
290.203347621
 20
108.707802380
 30
0.000000000
 10
290.203347621
 20
108.372477523
 30
0.000000000
 10
290.203347621
 20
108.237468136
 30
0.000000000
 10
290.203347621
 20
108.175187348
 30
0.000000000
 10
290.203347621
 20
108.125262360
 30
0.000000000
 10
290.203347621
 20
108.125009477
 30
0.000000000
 10
290.203347621
 20
108.124999963
 30
0.000000000
  0
SPLINE
  5
BEC
330
A02
100
AcDbEntity
  8
S02_CL_Section_SecA
100
AcDbSpline
210
0
220
0
230
1
 70
8
 71
3
 72
8
 73
4
 74
0
 40
0.000000000
 40
0.000000000
 40
0.000000000
 40
0.000000000
 40
1.000000000
 40
1.000000000
 40
1.000000000
 40
1.000000000
 10
237.203347621
 20
102.625000000
 30
0.000000000
 10
254.967624525
 20
103.253292102
 30
0.000000000
 10
272.687513477
 20
105.100640528
 30
0.000000000
 10
290.203347621
 20
108.125000000
 30
0.000000000
  0
SPLINE
  5
BED
330
A02
100
AcDbEntity
  8
S02_CL_Section_SecA
100
AcDbSpline
210
0
220
0
230
1
 70
8
 71
3
 72
29
 73
25
 74
0
 40
0.261354010
 40
0.261354010
 40
0.261354010
 40
0.261354010
 40
0.325049790
 40
0.325049790
 40
0.325049790
 40
0.382718456
 40
0.382718456
 40
0.382718456
 40
0.439023727
 40
0.439023727
 40
0.439023727
 40
0.500000000
 40
0.500000000
 40
0.500000000
 40
0.560976273
 40
0.560976273
 40
0.560976273
 40
0.617281544
 40
0.617281544
 40
0.617281544
 40
0.674950210
 40
0.674950210
 40
0.674950210
 40
0.738645990
 40
0.738645990
 40
0.738645990
 40
0.738645990
 10
237.203347621
 20
116.625354041
 30
0.000000000
 10
237.203347621
 20
116.623617686
 30
0.000000000
 10
237.203347621
 20
116.618176842
 30
0.000000000
 10
237.203347621
 20
116.462966298
 30
0.000000000
 10
237.203347621
 20
116.319372735
 30
0.000000000
 10
237.203347621
 20
116.037348078
 30
0.000000000
 10
237.203347621
 20
115.405739550
 30
0.000000000
 10
237.203347621
 20
114.797179472
 30
0.000000000
 10
237.203347621
 20
113.842504642
 30
0.000000000
 10
237.203347621
 20
112.863500336
 30
0.000000000
 10
237.203347621
 20
111.796421853
 30
0.000000000
 10
237.203347621
 20
110.707311943
 30
0.000000000
 10
237.203347621
 20
109.625000003
 30
0.000000000
 10
237.203347621
 20
108.542688061
 30
0.000000000
 10
237.203347621
 20
107.453578149
 30
0.000000000
 10
237.203347621
 20
106.386499664
 30
0.000000000
 10
237.203347621
 20
105.407495358
 30
0.000000000
 10
237.203347621
 20
104.452820528
 30
0.000000000
 10
237.203347621
 20
103.844260450
 30
0.000000000
 10
237.203347621
 20
103.212651922
 30
0.000000000
 10
237.203347621
 20
102.930627265
 30
0.000000000
 10
237.203347621
 20
102.787033702
 30
0.000000000
 10
237.203347621
 20
102.631823157
 30
0.000000000
 10
237.203347621
 20
102.626382314
 30
0.000000000
 10
237.203347621
 20
102.624645959
 30
0.000000000
  0
SPLINE
  5
BEE
330
A02
100
AcDbEntity
  8
S02_CL_Section_SecA
100
AcDbSpline
210
0
220
0
230
1
 70
8
 71
1
 72
4
 73
2
 74
0
 40
0.000000000
 40
0.000000000
 40
0.612235294
 40
0.612235294
 10
290.203347621
 20
116.625000000
 30
0.000000000
 10
305.509229974
 20
116.318882353
 30
0.000000000
  0
SPLINE
  5
BEF
330
A02
100
AcDbEntity
  8
S02_CL_Section_SecA
100
AcDbSpline
210
0
220
0
230
1
 70
8
 71
1
 72
4
 73
2
 74
0
 40
0.881679389
 40
0.881679389
 40
1.000000000
 40
1.000000000
 10
312.245332354
 20
116.184160305
 30
0.000000000
 10
315.203347621
 20
116.125000000
 30
0.000000000
  0
SPLINE
  5
BF0
330
A02
100
AcDbEntity
  8
S02_CL_Section_SecA
100
AcDbSpline
210
0
220
0
230
1
 70
8
 71
3
 72
11
 73
7
 74
0
 40
82.453172785
 40
82.453172785
 40
82.453172785
 40
82.453172785
 40
104.835880585
 40
104.835880585
 40
104.835880585
 40
128.415391991
 40
128.415391991
 40
128.415391991
 40
128.415391991
 10
315.203347621
 20
116.125000000
 30
0.000000000
 10
315.203347621
 20
116.125448191
 30
0.000000000
 10
315.203347621
 20
116.115552872
 30
0.000000000
 10
315.203347621
 20
116.039801864
 30
0.000000000
 10
315.203347621
 20
115.961769167
 30
0.000000000
 10
315.203347621
 20
115.809440779
 30
0.000000000
 10
315.203347621
 20
115.543880733
 30
0.000000000
  0
SPLINE
  5
BF1
330
A02
100
AcDbEntity
  8
S02_CL_Section_SecA
100
AcDbSpline
210
0
220
0
230
1
 70
8
 71
3
 72
17
 73
13
 74
0
 40
148.147268031
 40
148.147268031
 40
148.147268031
 40
148.147268031
 40
175.720039904
 40
175.720039904
 40
175.720039904
 40
196.588230705
 40
196.588230705
 40
196.588230705
 40
224.976810556
 40
224.976810556
 40
224.976810556
 40
247.359518356
 40
247.359518356
 40
247.359518356
 40
247.359518356
 10
315.203347621
 20
114.707241970
 30
0.000000000
 10
315.203347621
 20
114.259474195
 30
0.000000000
 10
315.203347621
 20
113.790482542
 30
0.000000000
 10
315.203347621
 20
113.334944688
 30
0.000000000
 10
315.203347621
 20
112.990324066
 30
0.000000000
 10
315.203347621
 20
112.648771273
 30
0.000000000
 10
315.203347621
 20
112.379940662
 30
0.000000000
 10
315.203347621
 20
112.009516043
 30
0.000000000
 10
315.203347621
 20
111.802382964
 30
0.000000000
 10
315.203347621
 20
111.710198136
 30
0.000000000
 10
315.203347621
 20
111.634447128
 30
0.000000000
 10
315.203347621
 20
111.624551809
 30
0.000000000
 10
315.203347621
 20
111.625000000
 30
0.000000000
  0
SPLINE
  5
BF2
330
A02
100
AcDbEntity
  8
S02_CL_Section_SecA
100
AcDbSpline
210
0
220
0
230
1
 70
8
 71
1
 72
4
 73
2
 74
0
 40
0.000000000
 40
0.000000000
 40
0.668571429
 40
0.668571429
 10
290.203347621
 20
109.125000000
 30
0.000000000
 10
306.917633335
 20
110.796428571
 30
0.000000000
  0
SPLINE
  5
BF3
330
A02
100
AcDbEntity
  8
S02_CL_Section_SecA
100
AcDbSpline
210
0
220
0
230
1
 70
8
 71
1
 72
4
 73
2
 74
0
 40
0.960000000
 40
0.960000000
 40
1.000000000
 40
1.000000000
 10
314.203347621
 20
111.525000000
 30
0.000000000
 10
315.203347621
 20
111.625000000
 30
0.000000000
  0
LINE
  5
BF4
330
A02
100
AcDbEntity
  8
S02_CL_Section_SecA
100
AcDbLine
 10
315.203347621
 20
112.125000000
 30
0.000000000
 11
315.953347621
 21
112.125000000
 31
0.000000000
  0
LINE
  5
BF5
330
A02
100
AcDbEntity
  8
S02_CL_Section_SecA
100
AcDbLine
 10
315.953347621
 20
112.125000000
 30
0.000000000
 11
315.953347621
 21
114.680171622
 31
0.000000000
  0
SPLINE
  5
BF6
330
A02
100
AcDbEntity
  8
S02_CL_Section_SecA
100
AcDbSpline
210
0
220
0
230
1
 70
8
 71
3
 72
14
 73
10
 74
0
 40
0.000000000
 40
0.000000000
 40
0.000000000
 40
0.000000000
 40
0.556013402
 40
0.556013402
 40
0.556013402
 40
0.811217658
 40
0.811217658
 40
0.811217658
 40
1.000000000
 40
1.000000000
 40
1.000000000
 40
1.000000000
 10
163.631533390
 20
133.778374091
 30
0.000000000
 10
160.711012552
 20
134.458714969
 30
0.000000000
 10
157.717206738
 20
134.866422641
 30
0.000000000
 10
154.872386509
 20
135.206081627
 30
0.000000000
 10
152.628803427
 20
135.474109423
 30
0.000000000
 10
150.503660554
 20
135.695126167
 30
0.000000000
 10
149.034182599
 20
135.835714558
 30
0.000000000
 10
147.947265802
 20
135.939709972
 30
0.000000000
 10
147.215597914
 20
136.000193768
 30
0.000000000
 10
146.961012234
 20
136.020641241
 30
0.000000000
  0
SPLINE
  5
BF7
330
A02
100
AcDbEntity
  8
S02_CL_Section_SecA
100
AcDbSpline
210
0
220
0
230
1
 70
8
 71
3
 72
23
 73
19
 74
0
 40
0.000000000
 40
0.000000000
 40
0.000000000
 40
0.000000000
 40
0.138978899
 40
0.138978899
 40
0.138978899
 40
0.277957799
 40
0.277957799
 40
0.277957799
 40
0.416936698
 40
0.416936698
 40
0.416936698
 40
0.585419604
 40
0.585419604
 40
0.585419604
 40
0.802017014
 40
0.802017014
 40
0.802017014
 40
1.000000000
 40
1.000000000
 40
1.000000000
 40
1.000000000
 10
180.974615683
 20
128.044317996
 30
0.000000000
 10
179.166635582
 20
129.561094808
 30
0.000000000
 10
177.199228752
 20
130.864324065
 30
0.000000000
 10
175.135286672
 20
131.986587100
 30
0.000000000
 10
172.196306467
 20
133.584328664
 30
0.000000000
 10
169.051874693
 20
134.825772534
 30
0.000000000
 10
165.818014695
 20
135.702805174
 30
0.000000000
 10
164.228187930
 20
136.134032435
 30
0.000000000
 10
162.623728125
 20
136.472997821
 30
0.000000000
 10
161.036055970
 20
136.752281814
 30
0.000000000
 10
159.111237579
 20
137.090834342
 30
0.000000000
 10
157.210588934
 20
137.341820529
 30
0.000000000
 10
155.390663357
 20
137.561113546
 30
0.000000000
 10
153.050996390
 20
137.842970317
 30
0.000000000
 10
150.826520383
 20
138.074961787
 30
0.000000000
 10
149.288376328
 20
138.222351207
 30
0.000000000
 10
147.882369859
 20
138.357067275
 30
0.000000000
 10
147.051709678
 20
138.420977745
 30
0.000000000
 10
147.045343713
 20
138.421468436
 30
0.000000000
  0
SPLINE
  5
BF8
330
A02
100
AcDbEntity
  8
S02_CL_Section_SecA
100
AcDbSpline
210
0
220
0
230
1
 70
8
 71
3
 72
8
 73
4
 74
0
 40
0.000000000
 40
0.000000000
 40
0.000000000
 40
0.000000000
 40
1.000000000
 40
1.000000000
 40
1.000000000
 40
1.000000000
 10
163.631533390
 20
133.778374091
 30
0.000000000
 10
165.521085351
 20
133.340084061
 30
0.000000000
 10
167.380093975
 20
132.776460603
 30
0.000000000
 10
169.189736643
 20
132.084029374
 30
0.000000000
  0
SPLINE
  5
BF9
330
A02
100
AcDbEntity
  8
S02_CL_Section_SecA
100
AcDbSpline
210
0
220
0
230
1
 70
8
 71
3
 72
14
 73
10
 74
0
 40
0.000000000
 40
0.000000000
 40
0.000000000
 40
0.000000000
 40
0.556013402
 40
0.556013402
 40
0.556013402
 40
0.811217658
 40
0.811217658
 40
0.811217658
 40
1.000000000
 40
1.000000000
 40
1.000000000
 40
1.000000000
 10
163.631533390
 20
133.778374091
 30
0.000000000
 10
160.711012552
 20
134.458714969
 30
0.000000000
 10
157.717206738
 20
134.866422641
 30
0.000000000
 10
154.872386509
 20
135.206081627
 30
0.000000000
 10
152.628803427
 20
135.474109423
 30
0.000000000
 10
150.503660554
 20
135.695126167
 30
0.000000000
 10
149.034182599
 20
135.835714558
 30
0.000000000
 10
147.947265802
 20
135.939709972
 30
0.000000000
 10
147.215597914
 20
136.000193768
 30
0.000000000
 10
146.961012234
 20
136.020641241
 30
0.000000000
  0
SPLINE
  5
BFA
330
A02
100
AcDbEntity
  8
S02_CL_Section_SecA
100
AcDbSpline
210
0
220
0
230
1
 70
8
 71
3
 72
23
 73
19
 74
0
 40
0.000000000
 40
0.000000000
 40
0.000000000
 40
0.000000000
 40
0.138978899
 40
0.138978899
 40
0.138978899
 40
0.277957799
 40
0.277957799
 40
0.277957799
 40
0.416936698
 40
0.416936698
 40
0.416936698
 40
0.585419604
 40
0.585419604
 40
0.585419604
 40
0.802017014
 40
0.802017014
 40
0.802017014
 40
1.000000000
 40
1.000000000
 40
1.000000000
 40
1.000000000
 10
180.974615683
 20
128.044317996
 30
0.000000000
 10
179.166635582
 20
129.561094808
 30
0.000000000
 10
177.199228752
 20
130.864324065
 30
0.000000000
 10
175.135286672
 20
131.986587100
 30
0.000000000
 10
172.196306467
 20
133.584328664
 30
0.000000000
 10
169.051874693
 20
134.825772534
 30
0.000000000
 10
165.818014695
 20
135.702805174
 30
0.000000000
 10
164.228187930
 20
136.134032435
 30
0.000000000
 10
162.623728125
 20
136.472997821
 30
0.000000000
 10
161.036055970
 20
136.752281814
 30
0.000000000
 10
159.111237579
 20
137.090834342
 30
0.000000000
 10
157.210588934
 20
137.341820529
 30
0.000000000
 10
155.390663357
 20
137.561113546
 30
0.000000000
 10
153.050996390
 20
137.842970317
 30
0.000000000
 10
150.826520383
 20
138.074961787
 30
0.000000000
 10
149.288376328
 20
138.222351207
 30
0.000000000
 10
147.882369859
 20
138.357067275
 30
0.000000000
 10
147.051709678
 20
138.420977745
 30
0.000000000
 10
147.045343713
 20
138.421468436
 30
0.000000000
  0
SPLINE
  5
BFB
330
A02
100
AcDbEntity
  8
S02_CL_Section_SecA
100
AcDbSpline
210
0
220
0
230
1
 70
8
 71
3
 72
8
 73
4
 74
0
 40
0.000000000
 40
0.000000000
 40
0.000000000
 40
0.000000000
 40
1.000000000
 40
1.000000000
 40
1.000000000
 40
1.000000000
 10
163.631533390
 20
133.778374091
 30
0.000000000
 10
165.521085351
 20
133.340084061
 30
0.000000000
 10
167.380093975
 20
132.776460603
 30
0.000000000
 10
169.189736643
 20
132.084029374
 30
0.000000000
  0
SPLINE
  5
BFC
330
A02
100
AcDbEntity
  8
S02_CL_Section_SecA
100
AcDbSpline
210
0
220
0
230
1
 70
8
 71
3
 72
32
 73
28
 74
0
 40
0.000000000
 40
0.000000000
 40
0.000000000
 40
0.000000000
 40
0.066653238
 40
0.066653238
 40
0.066653238
 40
0.133306477
 40
0.133306477
 40
0.133306477
 40
0.199959715
 40
0.199959715
 40
0.199959715
 40
0.266612954
 40
0.266612954
 40
0.266612954
 40
0.399919431
 40
0.399919431
 40
0.399919431
 40
0.584086450
 40
0.584086450
 40
0.584086450
 40
0.717392927
 40
0.717392927
 40
0.717392927
 40
0.850699404
 40
0.850699404
 40
0.850699404
 40
1.000000000
 40
1.000000000
 40
1.000000000
 40
1.000000000
 10
51.588651127
 20
100.541252668
 30
0.000000000
 10
51.452761691
 20
100.462232332
 30
0.000000000
 10
51.357194285
 20
100.389495054
 30
0.000000000
 10
51.290167326
 20
100.302532876
 30
0.000000000
 10
51.222557044
 20
100.216896828
 30
0.000000000
 10
51.203160530
 20
100.134390964
 30
0.000000000
 10
51.203863146
 20
100.071638981
 30
0.000000000
 10
51.205538991
 20
99.994581760
 30
0.000000000
 10
51.218997760
 20
99.948437985
 30
0.000000000
 10
51.217282233
 20
99.938783833
 30
0.000000000
 10
51.218372739
 20
99.927528701
 30
0.000000000
 10
51.212344772
 20
99.908509519
 30
0.000000000
 10
51.199198332
 20
99.881726287
 30
0.000000000
 10
51.170523238
 20
99.824315647
 30
0.000000000
 10
51.091209447
 20
99.736439384
 30
0.000000000
 10
51.007876119
 20
99.640941058
 30
0.000000000
 10
50.893997301
 20
99.507834738
 30
0.000000000
 10
50.816888625
 20
99.396179015
 30
0.000000000
 10
50.750935438
 20
99.311505316
 30
0.000000000
 10
50.684393757
 20
99.225272879
 30
0.000000000
 10
50.633718059
 20
99.173639357
 30
0.000000000
 10
50.575241028
 20
99.136702592
 30
0.000000000
 10
50.550509767
 20
99.120823195
 30
0.000000000
 10
50.511690775
 20
99.101041683
 30
0.000000000
 10
50.477994872
 20
99.085822614
 30
0.000000000
 10
50.439872781
 20
99.068503478
 30
0.000000000
 10
50.410449055
 20
99.057302217
 30
0.000000000
 10
50.410742987
 20
99.057428369
 30
0.000000000
  0
SPLINE
  5
BFD
330
A02
100
AcDbEntity
  8
S02_CL_Section_SecA
100
AcDbSpline
210
0
220
0
230
1
 70
8
 71
1
 72
4
 73
2
 74
0
 40
0.000000000
 40
0.000000000
 40
1.000000000
 40
1.000000000
 10
50.410742987
 20
99.057428369
 30
0.000000000
 10
50.413961386
 20
99.058630429
 30
0.000000000
  0
SPLINE
  5
BFE
330
A02
100
AcDbEntity
  8
S02_CL_Section_SecA
100
AcDbSpline
210
0
220
0
230
1
 70
8
 71
3
 72
29
 73
25
 74
0
 40
0.000000000
 40
0.000000000
 40
0.000000000
 40
0.000000000
 40
0.112836575
 40
0.112836575
 40
0.112836575
 40
0.169254862
 40
0.169254862
 40
0.169254862
 40
0.225673150
 40
0.225673150
 40
0.225673150
 40
0.338509725
 40
0.338509725
 40
0.338509725
 40
0.547435970
 40
0.547435970
 40
0.547435970
 40
0.774326850
 40
0.774326850
 40
0.774326850
 40
0.887163425
 40
0.887163425
 40
0.887163425
 40
1.000000000
 40
1.000000000
 40
1.000000000
 40
1.000000000
 10
63.887567009
 20
101.682978354
 30
0.000000000
 10
63.545366198
 20
101.409155442
 30
0.000000000
 10
63.537341064
 20
101.303126942
 30
0.000000000
 10
63.557658256
 20
101.216966335
 30
0.000000000
 10
63.572436142
 20
101.170053867
 30
0.000000000
 10
63.579098939
 20
101.120701187
 30
0.000000000
 10
63.556925525
 20
101.058899858
 30
0.000000000
 10
63.536422950
 20
100.997916429
 30
0.000000000
 10
63.487084164
 20
100.924484352
 30
0.000000000
 10
63.434971541
 20
100.851496420
 30
0.000000000
 10
63.370197412
 20
100.763019455
 30
0.000000000
 10
63.292547197
 20
100.670790301
 30
0.000000000
 10
63.225145504
 20
100.586321190
 30
0.000000000
 10
63.100332909
 20
100.429913175
 30
0.000000000
 10
63.009125127
 20
100.299352611
 30
0.000000000
 10
62.922834174
 20
100.181563673
 30
0.000000000
 10
62.829096792
 20
100.053644910
 30
0.000000000
 10
62.741736564
 20
99.940595109
 30
0.000000000
 10
62.619024362
 20
99.826559223
 30
0.000000000
 10
62.546713812
 20
99.758510036
 30
0.000000000
 10
62.450278302
 20
99.684473160
 30
0.000000000
 10
62.363333097
 20
99.622624685
 30
0.000000000
 10
62.268127956
 20
99.554680545
 30
0.000000000
 10
62.189487430
 20
99.504163519
 30
0.000000000
 10
62.189454220
 20
99.504143390
 30
0.000000000
  0
SPLINE
  5
BFF
330
A02
100
AcDbEntity
  8
S02_CL_Section_SecA
100
AcDbSpline
210
0
220
0
230
1
 70
8
 71
3
 72
20
 73
16
 74
0
 40
0.000000000
 40
0.000000000
 40
0.000000000
 40
0.000000000
 40
0.070461847
 40
0.070461847
 40
0.070461847
 40
0.140923694
 40
0.140923694
 40
0.140923694
 40
0.281847389
 40
0.281847389
 40
0.281847389
 40
0.500921119
 40
0.500921119
 40
0.500921119
 40
0.643353716
 40
0.643353716
 40
0.643353716
 40
0.643353716
 10
61.265896262
 20
103.259741161
 30
0.000000000
 10
61.118406206
 20
103.118079466
 30
0.000000000
 10
61.036114663
 20
102.996348544
 30
0.000000000
 10
60.993283158
 20
102.882670854
 30
0.000000000
 10
60.949930359
 20
102.769201093
 30
0.000000000
 10
60.951087172
 20
102.676428755
 30
0.000000000
 10
60.956418863
 20
102.598298297
 30
0.000000000
 10
60.964764833
 20
102.526573328
 30
0.000000000
 10
60.968356824
 20
102.464232942
 30
0.000000000
 10
60.967194835
 20
102.411277140
 30
0.000000000
 10
60.957828671
 20
102.232607049
 30
0.000000000
 10
60.829483134
 20
102.011582330
 30
0.000000000
 10
60.718882498
 20
101.797104623
 30
0.000000000
 10
60.613747774
 20
101.590494193
 30
0.000000000
 10
60.541289644
 20
101.414731490
 30
0.000000000
 10
60.472368052
 20
101.266765670
 30
0.000000000
  0
SPLINE
  5
C00
330
A02
100
AcDbEntity
  8
S02_CL_Section_SecA
100
AcDbSpline
210
0
220
0
230
1
 70
8
 71
3
 72
8
 73
4
 74
0
 40
0.000000000
 40
0.000000000
 40
0.000000000
 40
0.000000000
 40
1.000000000
 40
1.000000000
 40
1.000000000
 40
1.000000000
 10
64.170318655
 20
101.515848272
 30
0.000000000
 10
64.479575961
 20
101.682113399
 30
0.000000000
 10
64.935831994
 20
101.920632096
 30
0.000000000
 10
65.726758107
 20
102.444775642
 30
0.000000000
  0
SPLINE
  5
C01
330
A02
100
AcDbEntity
  8
S02_CL_Section_SecA
100
AcDbSpline
210
0
220
0
230
1
 70
8
 71
3
 72
20
 73
16
 74
0
 40
0.000000000
 40
0.000000000
 40
0.000000000
 40
0.000000000
 40
0.250000000
 40
0.250000000
 40
0.250000000
 40
0.500000000
 40
0.500000000
 40
0.500000000
 40
0.750000000
 40
0.750000000
 40
0.750000000
 40
0.875000000
 40
0.875000000
 40
0.875000000
 40
1.000000000
 40
1.000000000
 40
1.000000000
 40
1.000000000
 10
68.953537834
 20
104.333599758
 30
0.000000000
 10
68.978103288
 20
104.354803522
 30
0.000000000
 10
69.007099685
 20
104.380209307
 30
0.000000000
 10
69.034381323
 20
104.404156211
 30
0.000000000
 10
69.063796069
 20
104.430082083
 30
0.000000000
 10
69.094991362
 20
104.457852520
 30
0.000000000
 10
69.127967201
 20
104.487467522
 30
0.000000000
 10
69.159540683
 20
104.515769594
 30
0.000000000
 10
69.194611988
 20
104.547617435
 30
0.000000000
 10
69.233181115
 20
104.583011045
 30
0.000000000
 10
69.252651796
 20
104.600888064
 30
0.000000000
 10
69.271105294
 20
104.617904336
 30
0.000000000
 10
69.288541610
 20
104.634059861
 30
0.000000000
 10
69.306658647
 20
104.650854318
 30
0.000000000
 10
69.319495930
 20
104.662811613
 30
0.000000000
 10
69.349668215
 20
104.691087670
 30
0.000000000
  0
SPLINE
  5
C02
330
A02
100
AcDbEntity
  8
S02_CL_Section_SecA
100
AcDbSpline
210
0
220
0
230
1
 70
8
 71
3
 72
11
 73
7
 74
0
 40
0.000000000
 40
0.000000000
 40
0.000000000
 40
0.000000000
 40
0.140160439
 40
0.140160439
 40
0.140160439
 40
0.150394170
 40
0.150394170
 40
0.150394170
 40
0.150394170
 10
70.964970703
 20
110.236238238
 30
0.000000000
 10
70.764222011
 20
109.844636688
 30
0.000000000
 10
70.706010991
 20
109.550769827
 30
0.000000000
 10
70.694368342
 20
109.291413689
 30
0.000000000
 10
70.693813562
 20
109.274132376
 30
0.000000000
 10
70.693258782
 20
109.256851064
 30
0.000000000
 10
70.692704002
 20
109.239569751
 30
0.000000000
  0
SPLINE
  5
C03
330
A02
100
AcDbEntity
  8
S02_CL_Section_SecA
100
AcDbSpline
210
0
220
0
230
1
 70
8
 71
3
 72
11
 73
7
 74
0
 40
0.849765118
 40
0.849765118
 40
0.849765118
 40
0.849765118
 40
0.859839561
 40
0.859839561
 40
0.859839561
 40
1.000000000
 40
1.000000000
 40
1.000000000
 40
1.000000000
 10
69.987871433
 20
105.400381438
 30
0.000000000
 10
69.982798591
 20
105.388829345
 30
0.000000000
 10
69.977725748
 20
105.377277252
 30
0.000000000
 10
69.972652906
 20
105.365725160
 30
0.000000000
 10
69.872720999
 20
105.143504261
 30
0.000000000
 10
69.729366061
 20
104.958004134
 30
0.000000000
 10
69.729460963
 20
104.958321245
 30
0.000000000
  0
SPLINE
  5
C04
330
A02
100
AcDbEntity
  8
S02_CL_Section_SecA
100
AcDbSpline
210
0
220
0
230
1
 70
8
 71
1
 72
4
 73
2
 74
0
 40
1.000000000
 40
1.000000000
 40
3.000000000
 40
3.000000000
 10
69.729460963
 20
104.958321245
 30
0.000000000
 10
69.729741496
 20
104.958681501
 30
0.000000000
  0
SPLINE
  5
C05
330
A02
100
AcDbEntity
  8
S02_CL_Section_SecA
100
AcDbSpline
210
0
220
0
230
1
 70
8
 71
3
 72
20
 73
16
 74
0
 40
0.000000000
 40
0.000000000
 40
0.000000000
 40
0.000000000
 40
0.195471720
 40
0.195471720
 40
0.195471720
 40
0.340297234
 40
0.340297234
 40
0.340297234
 40
0.555051475
 40
0.555051475
 40
0.555051475
 40
0.740029983
 40
0.740029983
 40
0.740029983
 40
1.000000000
 40
1.000000000
 40
1.000000000
 40
1.000000000
 10
312.699029372
 20
133.829806608
 30
0.000000000
 10
312.699029372
 20
133.573957064
 30
0.000000000
 10
312.699029372
 20
133.484384819
 30
0.000000000
 10
312.699029372
 20
133.446241573
 30
0.000000000
 10
312.699029372
 20
133.418629400
 30
0.000000000
 10
312.699029372
 20
133.419660337
 30
0.000000000
 10
312.699029372
 20
133.418207958
 30
0.000000000
 10
312.699029372
 20
133.417823183
 30
0.000000000
 10
312.699029372
 20
133.407800703
 30
0.000000000
 10
312.699029372
 20
133.350125170
 30
0.000000000
 10
312.699029372
 20
133.302346134
 30
0.000000000
 10
312.699029372
 20
133.220741287
 30
0.000000000
 10
312.699029372
 20
133.125918314
 30
0.000000000
 10
312.699029372
 20
132.996633403
 30
0.000000000
 10
312.699029372
 20
132.832777389
 30
0.000000000
 10
312.699029372
 20
132.829806608
 30
0.000000000
  0
SPLINE
  5
C06
330
A02
100
AcDbEntity
  8
S02_CL_Section_SecA
100
AcDbSpline
210
0
220
0
230
1
 70
8
 71
3
 72
20
 73
16
 74
0
 40
0.000000000
 40
0.000000000
 40
0.000000000
 40
0.000000000
 40
0.195471720
 40
0.195471720
 40
0.195471720
 40
0.340297234
 40
0.340297234
 40
0.340297234
 40
0.555051475
 40
0.555051475
 40
0.555051475
 40
0.740029983
 40
0.740029983
 40
0.740029983
 40
1.000000000
 40
1.000000000
 40
1.000000000
 40
1.000000000
 10
326.570181930
 20
135.825809575
 30
0.000000000
 10
326.570181930
 20
135.569960031
 30
0.000000000
 10
326.570181930
 20
135.480387787
 30
0.000000000
 10
326.570181930
 20
135.442244540
 30
0.000000000
 10
326.570181930
 20
135.414632368
 30
0.000000000
 10
326.570181930
 20
135.415663305
 30
0.000000000
 10
326.570181930
 20
135.414210925
 30
0.000000000
 10
326.570181930
 20
135.413826150
 30
0.000000000
 10
326.570181930
 20
135.403803671
 30
0.000000000
 10
326.570181930
 20
135.346128137
 30
0.000000000
 10
326.570181930
 20
135.298349101
 30
0.000000000
 10
326.570181930
 20
135.216744255
 30
0.000000000
 10
326.570181930
 20
135.121921281
 30
0.000000000
 10
326.570181930
 20
134.992636370
 30
0.000000000
 10
326.570181930
 20
134.828780357
 30
0.000000000
 10
326.570181930
 20
134.825809575
 30
0.000000000
  0
SPLINE
  5
C07
330
A02
100
AcDbEntity
  8
S02_CL_Section_SecA
100
AcDbSpline
210
0
220
0
230
1
 70
8
 71
3
 72
17
 73
13
 74
0
 40
0.000000000
 40
0.000000000
 40
0.000000000
 40
0.000000000
 40
0.340074931
 40
0.340074931
 40
0.340074931
 40
0.555013235
 40
0.555013235
 40
0.555013235
 40
0.740007708
 40
0.740007708
 40
0.740007708
 40
1.000000000
 40
1.000000000
 40
1.000000000
 40
1.000000000
 10
321.950215759
 20
136.899366171
 30
0.000000000
 10
321.950215759
 20
136.678639766
 30
0.000000000
 10
321.950215759
 20
136.699055568
 30
0.000000000
 10
321.950215759
 20
136.693566851
 30
0.000000000
 10
321.950215759
 20
136.693372878
 30
0.000000000
 10
321.950215759
 20
136.688368522
 30
0.000000000
 10
321.950215759
 20
136.659525112
 30
0.000000000
 10
321.950215759
 20
136.633937984
 30
0.000000000
 10
321.950215759
 20
136.596570341
 30
0.000000000
 10
321.950215759
 20
136.547422184
 30
0.000000000
 10
321.950215759
 20
136.482724997
 30
0.000000000
 10
321.950215759
 20
136.400819676
 30
0.000000000
 10
321.950215759
 20
136.399366171
 30
0.000000000
  0
SPLINE
  5
C08
330
A02
100
AcDbEntity
  8
S02_CL_Section_SecA
100
AcDbSpline
210
0
220
0
230
1
 70
8
 71
3
 72
17
 73
13
 74
0
 40
0.000000000
 40
0.000000000
 40
0.000000000
 40
0.000000000
 40
0.340074931
 40
0.340074931
 40
0.340074931
 40
0.555013235
 40
0.555013235
 40
0.555013235
 40
0.740007708
 40
0.740007708
 40
0.740007708
 40
1.000000000
 40
1.000000000
 40
1.000000000
 40
1.000000000
 10
329.799192749
 20
141.778803648
 30
0.000000000
 10
329.799192749
 20
141.558077243
 30
0.000000000
 10
329.799192749
 20
141.578493045
 30
0.000000000
 10
329.799192749
 20
141.573004328
 30
0.000000000
 10
329.799192749
 20
141.572810355
 30
0.000000000
 10
329.799192749
 20
141.567805999
 30
0.000000000
 10
329.799192749
 20
141.538962589
 30
0.000000000
 10
329.799192749
 20
141.513375461
 30
0.000000000
 10
329.799192749
 20
141.476007818
 30
0.000000000
 10
329.799192749
 20
141.426859661
 30
0.000000000
 10
329.799192749
 20
141.362162474
 30
0.000000000
 10
329.799192749
 20
141.280257153
 30
0.000000000
 10
329.799192749
 20
141.278803648
 30
0.000000000
  0
LINE
  5
C09
330
A02
100
AcDbEntity
  8
S02_CL_Section_SecA
100
AcDbLine
 10
210.203347621
 20
119.299621202
 30
0.000000000
 11
236.203347621
 21
119.299621202
 31
0.000000000
  0
LINE
  5
C0A
330
A02
100
AcDbEntity
  8
S02_CL_Section_SecA
100
AcDbLine
 10
236.203347621
 20
115.148625858
 30
0.000000000
 11
237.703347621
 21
115.073625858
 31
0.000000000
  0
LINE
  5
C0B
330
A02
100
AcDbEntity
  8
S02_CL_Section_SecA
100
AcDbLine
 10
236.203347621
 20
115.454027934
 30
0.000000000
 11
237.506769913
 21
115.221273954
 31
0.000000000
  0
LINE
  5
C0C
330
A02
100
AcDbEntity
  8
S02_CL_Section_SecA
100
AcDbLine
 10
236.203347621
 20
117.688829208
 30
0.000000000
 11
237.703347621
 21
117.420972066
 31
0.000000000
  0
SPLINE
  5
C0D
330
A02
100
AcDbEntity
  8
S02_CL_Section_SecA
100
AcDbSpline
210
0
220
0
230
1
 70
8
 71
1
 72
4
 73
2
 74
0
 40
0.000000000
 40
0.000000000
 40
0.886789956
 40
0.886789956
 10
290.203347621
 20
116.625000037
 30
0.000000000
 10
243.203347621
 20
116.625260187
 30
0.000000000
  0
SPLINE
  5
C0E
330
A02
100
AcDbEntity
  8
S02_CL_Section_SecA
100
AcDbSpline
210
0
220
0
230
1
 70
8
 71
3
 72
8
 73
4
 74
0
 40
0.000000000
 40
0.000000000
 40
0.000000000
 40
0.000000000
 40
1.000000000
 40
1.000000000
 40
1.000000000
 40
1.000000000
 10
237.203347621
 20
102.624645959
 30
0.000000000
 10
254.967087134
 20
103.253198359
 30
0.000000000
 10
272.687581256
 20
105.100627043
 30
0.000000000
 10
290.203347621
 20
108.124999963
 30
0.000000000
  0
DIMENSION
  5
C0F
330
A02
100
AcDbEntity
  8
DimExtent011
100
AcDbDimension
  2
*DimExtent011
 10
189.264566824
 20
145.432918564
 30
0.000000000
 11
190.023402169
 21
150.375000000
 31
0.000000000
 70
32
  1
5592
  3
STANDARD
100
AcDbAlignedDimension
 13
50.200807251
 23
98.847674316
 33
0.000000000
 14
329.799192749
 24
141.778803648
 34
0.000000000
100
AcDbRotatedDimension
  0
DIMENSION
  5
C19
330
A02
100
AcDbEntity
  8
DimExtent012
100
AcDbDimension
  2
*DimExtent012
 10
46.281810367
 20
123.956425007
 30
0.000000000
 11
43.224572861
 21
120.000000000
 31
0.000000000
 70
32
  1
935
  3
STANDARD
100
AcDbAlignedDimension
 13
187.203347621
 23
143.375000000
 33
0.000000000
 14
126.703347621
 24
96.625000000
 34
0.000000000
 50
90
100
AcDbRotatedDimension
  0
TEXT
  5
C23
330
A02
100
AcDbEntity
  8
S02_CL_Section_Legend
100
AcDbText
 10
100.000000000
 20
45.000000000
 30
0.000000000
 40
3.500000000
  1
A-A：車体中心線 (Y=0) で切断
  7
STANDARD
 72
1
 11
100.000000000
 21
45.000000000
 31
0.000000000
100
AcDbText
  0
ENDSEC
  0
SECTION
  2
OBJECTS
  0
DICTIONARY
  5
F000
330
0
100
AcDbDictionary
  3
ACAD_GROUP
350
F001
  0
DICTIONARY
  5
F001
330
F000
100
AcDbDictionary
  0
ENDSEC
  0
EOF