999
FreeCAD v1.1 20260725 (Git shallow)
  0
SECTION
  2
HEADER
  9
$ACADVER
  1
AC1014
  9
$ACADMAINTVER
 70
     9
  9
$DWGCODEPAGE
  3
ANSI_1252
  9
$TEXTSTYLE
  7
STANDARD
  9
$DIMSTYLE
  2
STANDARD
  9
$DIMTXSTY
  7
STANDARD
  9
$CMLSTYLE
  2
STANDARD
  9
$LUNITS
 70
2
  9
$INSUNITS
 70
4
  9
$PEXTMAX
 10
50
 20
50
 30
50
  9
$PEXTMIN
 10
0
 20
0
 30
0
  9
$HANDSEED
  5
FFFF
  0
ENDSEC
  0
SECTION
  2
CLASSES
  0
CLASS
  1
ACDBDICTIONARYWDFLT
  2
AcDbDictionaryWithDefault
  3
ObjectDBX Classes
 90
        0
280
     0
281
     0
  0
CLASS
  1
XRECORD
  2
AcDbXrecord
  3
ObjectDBX Classes
 90
        0
280
     0
281
     0
  0
CLASS
  1
LWPOLYLINE
  2
AcDbPolyline
  3
ObjectDBX Classes
 90
        0
280
     0
281
     1
  0
ENDSEC
  0
SECTION
  2
TABLES
  0
TABLE
  2
VPORT
  5
20
330
0
100
AcDbSymbolTable
 70
     1
  0
VPORT
  5
21
330
20
100
AcDbSymbolTableRecord
100
AcDbViewportTableRecord
  2
*ACTIVE
 70
     0
  0
ENDTAB
  0
TABLE
  2
LTYPE
  5
22
330
0
100
AcDbSymbolTable
 70
     1
  0
LTYPE
  5
23
330
21
100
AcDbSymbolTableRecord
100
AcDbLinetypeTableRecord
  2
BYBLOCK
 70
     0
  3

 72
    65
 73
     0
 40
0.0
  0
LTYPE
  5
24
330
21
100
AcDbSymbolTableRecord
100
AcDbLinetypeTableRecord
  2
BYLAYER
 70
     0
  3

 72
    65
 73
     0
 40
0.0
  0
LTYPE
  5
25
330
21
100
AcDbSymbolTableRecord
100
AcDbLinetypeTableRecord
  2
CONTINUOUS
 70
     0
  3
Solid line
 72
    65
 73
     0
 40
0.0
  0
ENDTAB
  0
TABLE
  2
LAYER
  5
F6C
330
0
100
AcDbSymbolTable
 70
13
  0
LAYER
  5
F6D
330
F6C
100
AcDbSymbolTableRecord
100
AcDbLayerTableRecord
  2
0
 70
   0
 62
   7
  6
CONTINUOUS
  0
LAYER
  5
F6E
330
F6C
100
AcDbSymbolTableRecord
100
AcDbLayerTableRecord
  2
S06_Bodywork_Top
 70
    0
 62
    7
  6
CONTINUOUS
  0
LAYER
  5
F6F
330
F6C
100
AcDbSymbolTableRecord
100
AcDbLayerTableRecord
  2
S06_Bodywork_Side
 70
    0
 62
    7
  6
CONTINUOUS
  0
LAYER
  5
F70
330
F6C
100
AcDbSymbolTableRecord
100
AcDbLayerTableRecord
  2
S06_Bodywork_SecG
 70
    0
 62
    7
  6
CONTINUOUS
  0
LAYER
  5
F71
330
F6C
100
AcDbSymbolTableRecord
100
AcDbLayerTableRecord
  2
S06_Bodywork_SecH
 70
    0
 62
    7
  6
CONTINUOUS
  0
LAYER
  5
F72
330
F6C
100
AcDbSymbolTableRecord
100
AcDbLayerTableRecord
  2
DimExtent061
 70
    0
 62
    7
  6
CONTINUOUS
  0
LAYER
  5
F73
330
F6C
100
AcDbSymbolTableRecord
100
AcDbLayerTableRecord
  2
DimExtent062
 70
    0
 62
    7
  6
CONTINUOUS
  0
LAYER
  5
F74
330
F6C
100
AcDbSymbolTableRecord
100
AcDbLayerTableRecord
  2
DimExtent063
 70
    0
 62
    7
  6
CONTINUOUS
  0
LAYER
  5
F75
330
F6C
100
AcDbSymbolTableRecord
100
AcDbLayerTableRecord
  2
DimExtent064
 70
    0
 62
    7
  6
CONTINUOUS
  0
LAYER
  5
F76
330
F6C
100
AcDbSymbolTableRecord
100
AcDbLayerTableRecord
  2
DimExtent065
 70
    0
 62
    7
  6
CONTINUOUS
  0
LAYER
  5
F77
330
F6C
100
AcDbSymbolTableRecord
100
AcDbLayerTableRecord
  2
DimExtent066
 70
    0
 62
    7
  6
CONTINUOUS
  0
LAYER
  5
F78
330
F6C
100
AcDbSymbolTableRecord
100
AcDbLayerTableRecord
  2
DimExtent067
 70
    0
 62
    7
  6
CONTINUOUS
  0
LAYER
  5
F79
330
F6C
100
AcDbSymbolTableRecord
100
AcDbLayerTableRecord
  2
S06_Bodywork_Tab
 70
    0
 62
    7
  6
CONTINUOUS
  0
ENDTAB
  0
TABLE
  2
STYLE
  5
70
330
0
100
AcDbSymbolTable
 70
     2
  0
STYLE
  5
71
330
70
100
AcDbSymbolTableRecord
100
AcDbTextStyleTableRecord
  2
STANDARD
 70
     0
 40
0.0
 41
1.0
 50
0.0
 71
     0
 42
2.5
  3
arial.ttf
  4

  0
STYLE
  5
72
330
70
100
AcDbSymbolTableRecord
100
AcDbTextStyleTableRecord
  2
ANNOTATIVE
 70
     0
 40
0.0
 41
1.0
 50
0.0
 71
     0
 42
2.5
  3
arial.ttf
  4

  0
ENDTAB
  0
TABLE
  2
VIEW
  5
73
330
0
100
AcDbSymbolTable
 70
     0
  0
ENDTAB
  0
TABLE
  2
UCS
  5
74
330
0
100
AcDbSymbolTable
 70
     0
  0
ENDTAB
  0
TABLE
  2
APPID
  5
75
330
0
100
AcDbSymbolTable
 70
     2
  0
APPID
  5
76
330
75
100
AcDbSymbolTableRecord
100
AcDbRegAppTableRecord
  2
ACAD
 70
     0
  0
APPID
  5
77
330
75
100
AcDbSymbolTableRecord
100
AcDbRegAppTableRecord
  2
ACADANNOTATIVE
 70
     0
  0
ENDTAB
  0
TABLE
  2
DIMSTYLE
  5
78
330
0
100
AcDbSymbolTable
 70
     2
  0
DIMSTYLE
105
79
330
78
100
AcDbSymbolTableRecord
100
AcDbDimStyleTableRecord
  2
STANDARD
 70
     0
  3

  4

  5

  6

  7

 40
0.0
 41
2.5
 42
0.625
 43
3.75
 44
1.25
 45
0.0
 46
0.0
 47
0.0
 48
0.0
140
2.5
141
2.5
142
0.0
143
0.03937007874016
144
1.0
145
0.0
146
1.0
147
0.625
 71
     0
 72
     0
 73
     0
 74
     0
 75
     0
 76
     0
 77
     1
 78
     8
170
     0
171
     3
172
     1
173
     0
174
     0
175
     0
176
     0
177
     0
178
     0
270
     2
271
     2
272
     2
273
     2
274
     3
340
71
275
     0
280
     0
281
     0
282
     0
283
     0
284
     8
285
     0
286
     0
287
     3
288
     0
  0
ENDTAB
  0
TABLE
  2
BLOCK_RECORD
  5
A01
330
0
100
AcDbSymbolTable
  70
5
  0
BLOCK_RECORD
  5
A02
330
A01
100
AcDbSymbolTableRecord
100
AcDbBlockTableRecord
  2
*MODEL_SPACE
  0
BLOCK_RECORD
  5
A03
330
A01
100
AcDbSymbolTableRecord
100
AcDbBlockTableRecord
  2
*PAPER_SPACE
  0
BLOCK_RECORD
  5
F26
330
A01
100
AcDbSymbolTableRecord
100
AcDbBlockTableRecord
  2
*DimExtent061
  0
BLOCK_RECORD
  5
F30
330
A01
100
AcDbSymbolTableRecord
100
AcDbBlockTableRecord
  2
*DimExtent062
  0
BLOCK_RECORD
  5
F3A
330
A01
100
AcDbSymbolTableRecord
100
AcDbBlockTableRecord
  2
*DimExtent063
  0
BLOCK_RECORD
  5
F44
330
A01
100
AcDbSymbolTableRecord
100
AcDbBlockTableRecord
  2
*DimExtent064
  0
BLOCK_RECORD
  5
F4E
330
A01
100
AcDbSymbolTableRecord
100
AcDbBlockTableRecord
  2
*DimExtent065
  0
BLOCK_RECORD
  5
F58
330
A01
100
AcDbSymbolTableRecord
100
AcDbBlockTableRecord
  2
*DimExtent066
  0
BLOCK_RECORD
  5
F62
330
A01
100
AcDbSymbolTableRecord
100
AcDbBlockTableRecord
  2
*DimExtent067
  0
ENDTAB
  0
ENDSEC
  0
SECTION
  2
BLOCKS
  0
BLOCK
  5
A04
330
A02
100
AcDbEntity
  8
0
100
AcDbBlockBegin
  2
*MODEL_SPACE
 70
   0
 10
0
 20
0
 30
0
  3
*MODEL_SPACE
  1
 
  0
ENDBLK
  5
A05
330
A02
100
AcDbEntity
  8
0
100
AcDbBlockEnd
  0
BLOCK
  5
A06
330
A03
100
AcDbEntity
 67
1
  8
0
100
AcDbBlockBegin
  2
*PAPER_SPACE
 70
   0
 10
0
 20
0
 30
0
  3
*PAPER_SPACE
  1
 
  0
ENDBLK
  5
A07
330
A03
100
AcDbEntity
 67
    1
  8
0
100
AcDbBlockEnd
  0
BLOCK
  5
F27
330
F26
100
AcDbEntity
  8
DimExtent061
100
AcDbBlockBegin
  2
*DimExtent061
 70
   1
 10
0
 20
0
 30
0
  3
*DimExtent061
  1
 
  0
LINE
  5
F28
330
F26
100
AcDbEntity
  8
DimExtent061
100
AcDbLine
 10
212.5
 20
222.04
 30
0
 11
212.5
 21
267.004
 31
0
  0
LINE
  5
F29
330
F26
100
AcDbEntity
  8
DimExtent061
100
AcDbLine
 10
27.5
 20
214.755
 30
0
 11
27.5
 21
267.004
 31
0
  0
LINE
  5
F2A
330
F26
100
AcDbEntity
  8
DimExtent061
100
AcDbLine
 10
27.5
 20
267.004
 30
0
 11
212.5
 21
267.004
 31
0
  0
TEXT
  5
F2B
330
F26
100
AcDbEntity
  8
DimExtent061
100
AcDbText
 10
120.013
 20
272
 30
0
 40
3.5
  1
3700
  7
STANDARD
 72
1
 11
119.816
 21
267.004
 31
0
100
AcDbText
  0
SOLID
  5
F2C
330
F26
100
AcDbEntity
  8
0
 62
     0
100
AcDbTrace
 10
22.5
 20
267.421
 30
0
 11
22.5
 21
266.587
 31
0
 12
27.5
 22
267.004
 32
0
 13
27.5
 23
267.004
 33
0
  0
SOLID
  5
F2D
330
F26
100
AcDbEntity
  8
0
 62
     0
100
AcDbTrace
 10
217.5
 20
267.421
 30
0
 11
217.5
 21
266.587
 31
0
 12
212.5
 22
267.004
 32
0
 13
212.5
 23
267.004
 33
0
  0
ENDBLK
  5
F2E
330
F26
100
AcDbEntity
  8
DimExtent061
100
AcDbBlockEnd
  0
BLOCK
  5
F31
330
F30
100
AcDbEntity
  8
DimExtent062
100
AcDbBlockBegin
  2
*DimExtent062
 70
   1
 10
0
 20
0
 30
0
  3
*DimExtent062
  1
 
  0
LINE
  5
F32
330
F30
100
AcDbEntity
  8
DimExtent062
100
AcDbLine
 10
181.5
 20
185
 30
0
 11
25.513
 21
185
 31
0
  0
LINE
  5
F33
330
F30
100
AcDbEntity
  8
DimExtent062
100
AcDbLine
 10
181.5
 20
265
 30
0
 11
25.513
 21
265
 31
0
  0
LINE
  5
F34
330
F30
100
AcDbEntity
  8
DimExtent062
100
AcDbLine
 10
25.513
 20
265
 30
0
 11
25.513
 21
185
 31
0
  0
TEXT
  5
F35
330
F30
100
AcDbEntity
  8
DimExtent062
100
AcDbText
 10
20.513
 20
225
 30
0
 40
3.5
  1
1600
  7
STANDARD
 72
1
 11
25.513
 21
225
 31
0
100
AcDbText
  0
SOLID
  5
F36
330
F30
100
AcDbEntity
  8
0
 62
     0
100
AcDbTrace
 10
25.0963
 20
270
 30
0
 11
25.9296
 21
270
 31
0
 12
25.513
 22
265
 32
0
 13
25.513
 23
265
 33
0
  0
SOLID
  5
F37
330
F30
100
AcDbEntity
  8
0
 62
     0
100
AcDbTrace
 10
25.0963
 20
180
 30
0
 11
25.9296
 21
180
 31
0
 12
25.513
 22
185
 32
0
 13
25.513
 23
185
 33
0
  0
ENDBLK
  5
F38
330
F30
100
AcDbEntity
  8
DimExtent062
100
AcDbBlockEnd
  0
BLOCK
  5
F3B
330
F3A
100
AcDbEntity
  8
DimExtent063
100
AcDbBlockBegin
  2
*DimExtent063
 70
   1
 10
0
 20
0
 30
0
  3
*DimExtent063
  1
 
  0
LINE
  5
F3C
330
F3A
100
AcDbEntity
  8
DimExtent063
100
AcDbLine
 10
190
 20
117
 30
0
 11
23.1074
 21
117
 31
0
  0
LINE
  5
F3D
330
F3A
100
AcDbEntity
  8
DimExtent063
100
AcDbLine
 10
114.219
 20
163
 30
0
 11
23.1074
 21
163
 31
0
  0
LINE
  5
F3E
330
F3A
100
AcDbEntity
  8
DimExtent063
100
AcDbLine
 10
23.1074
 20
163
 30
0
 11
23.1074
 21
117
 31
0
  0
TEXT
  5
F3F
330
F3A
100
AcDbEntity
  8
DimExtent063
100
AcDbText
 10
20.513
 20
139.938
 30
0
 40
3.5
  1
920
  7
STANDARD
 72
1
 11
23.1074
 21
135.663
 31
0
100
AcDbText
  0
SOLID
  5
F40
330
F3A
100
AcDbEntity
  8
0
 62
     0
100
AcDbTrace
 10
22.6908
 20
168
 30
0
 11
23.5241
 21
168
 31
0
 12
23.1074
 22
163
 32
0
 13
23.1074
 23
163
 33
0
  0
SOLID
  5
F41
330
F3A
100
AcDbEntity
  8
0
 62
     0
100
AcDbTrace
 10
22.6908
 20
112
 30
0
 11
23.5241
 21
112
 31
0
 12
23.1074
 22
117
 32
0
 13
23.1074
 23
117
 33
0
  0
ENDBLK
  5
F42
330
F3A
100
AcDbEntity
  8
DimExtent063
100
AcDbBlockEnd
  0
BLOCK
  5
F45
330
F44
100
AcDbEntity
  8
DimExtent064
100
AcDbBlockBegin
  2
*DimExtent064
 70
   1
 10
0
 20
0
 30
0
  3
*DimExtent064
  1
 
  0
LINE
  5
F46
330
F44
100
AcDbEntity
  8
DimExtent064
100
AcDbLine
 10
340
 20
192
 30
0
 11
340
 21
239.938
 31
0
  0
LINE
  5
F47
330
F44
100
AcDbEntity
  8
DimExtent064
100
AcDbLine
 10
260
 20
192
 30
0
 11
260
 21
239.938
 31
0
  0
LINE
  5
F48
330
F44
100
AcDbEntity
  8
DimExtent064
100
AcDbLine
 10
260
 20
239.938
 30
0
 11
340
 21
239.938
 31
0
  0
TEXT
  5
F49
330
F44
100
AcDbEntity
  8
DimExtent064
100
AcDbText
 10
300
 20
244.938
 30
0
 40
3.5
  1
1600
  7
STANDARD
 72
1
 11
300
 21
239.938
 31
0
100
AcDbText
  0
SOLID
  5
F4A
330
F44
100
AcDbEntity
  8
0
 62
     0
100
AcDbTrace
 10
255
 20
240.354
 30
0
 11
255
 21
239.521
 31
0
 12
260
 22
239.938
 32
0
 13
260
 23
239.938
 33
0
  0
SOLID
  5
F4B
330
F44
100
AcDbEntity
  8
0
 62
     0
100
AcDbTrace
 10
345
 20
240.354
 30
0
 11
345
 21
239.521
 31
0
 12
340
 22
239.938
 32
0
 13
340
 23
239.938
 33
0
  0
ENDBLK
  5
F4C
330
F44
100
AcDbEntity
  8
DimExtent064
100
AcDbBlockEnd
  0
BLOCK
  5
F4F
330
F4E
100
AcDbEntity
  8
DimExtent065
100
AcDbBlockBegin
  2
*DimExtent065
 70
   1
 10
0
 20
0
 30
0
  3
*DimExtent065
  1
 
  0
LINE
  5
F50
330
F4E
100
AcDbEntity
  8
DimExtent065
100
AcDbLine
 10
340
 20
192
 30
0
 11
256.773
 21
192
 31
0
  0
LINE
  5
F51
330
F4E
100
AcDbEntity
  8
DimExtent065
100
AcDbLine
 10
300
 20
238
 30
0
 11
256.773
 21
238
 31
0
  0
LINE
  5
F52
330
F4E
100
AcDbEntity
  8
DimExtent065
100
AcDbLine
 10
256.773
 20
238
 30
0
 11
256.773
 21
192
 31
0
  0
TEXT
  5
F53
330
F4E
100
AcDbEntity
  8
DimExtent065
100
AcDbText
 10
253
 20
214.938
 30
0
 40
3.5
  1
920
  7
STANDARD
 72
1
 11
256.773
 21
211.657
 31
0
100
AcDbText
  0
SOLID
  5
F54
330
F4E
100
AcDbEntity
  8
0
 62
     0
100
AcDbTrace
 10
256.356
 20
243
 30
0
 11
257.19
 21
243
 31
0
 12
256.773
 22
238
 32
0
 13
256.773
 23
238
 33
0
  0
SOLID
  5
F55
330
F4E
100
AcDbEntity
  8
0
 62
     0
100
AcDbTrace
 10
256.356
 20
187
 30
0
 11
257.19
 21
187
 31
0
 12
256.773
 22
192
 32
0
 13
256.773
 23
192
 33
0
  0
ENDBLK
  5
F56
330
F4E
100
AcDbEntity
  8
DimExtent065
100
AcDbBlockEnd
  0
BLOCK
  5
F59
330
F58
100
AcDbEntity
  8
DimExtent066
100
AcDbBlockBegin
  2
*DimExtent066
 70
   1
 10
0
 20
0
 30
0
  3
*DimExtent066
  1
 
  0
LINE
  5
F5A
330
F58
100
AcDbEntity
  8
DimExtent066
100
AcDbLine
 10
340
 20
105.754
 30
0
 11
340
 21
149.938
 31
0
  0
LINE
  5
F5B
330
F58
100
AcDbEntity
  8
DimExtent066
100
AcDbLine
 10
260
 20
105.754
 30
0
 11
260
 21
149.938
 31
0
  0
LINE
  5
F5C
330
F58
100
AcDbEntity
  8
DimExtent066
100
AcDbLine
 10
260
 20
149.938
 30
0
 11
340
 21
149.938
 31
0
  0
TEXT
  5
F5D
330
F58
100
AcDbEntity
  8
DimExtent066
100
AcDbText
 10
300
 20
154.938
 30
0
 40
3.5
  1
1600
  7
STANDARD
 72
1
 11
300
 21
149.938
 31
0
100
AcDbText
  0
SOLID
  5
F5E
330
F58
100
AcDbEntity
  8
0
 62
     0
100
AcDbTrace
 10
255
 20
150.354
 30
0
 11
255
 21
149.521
 31
0
 12
260
 22
149.938
 32
0
 13
260
 23
149.938
 33
0
  0
SOLID
  5
F5F
330
F58
100
AcDbEntity
  8
0
 62
     0
100
AcDbTrace
 10
345
 20
150.354
 30
0
 11
345
 21
149.521
 31
0
 12
340
 22
149.938
 32
0
 13
340
 23
149.938
 33
0
  0
ENDBLK
  5
F60
330
F58
100
AcDbEntity
  8
DimExtent066
100
AcDbBlockEnd
  0
BLOCK
  5
F63
330
F62
100
AcDbEntity
  8
DimExtent067
100
AcDbBlockBegin
  2
*DimExtent067
 70
   1
 10
0
 20
0
 30
0
  3
*DimExtent067
  1
 
  0
LINE
  5
F64
330
F62
100
AcDbEntity
  8
DimExtent067
100
AcDbLine
 10
340
 20
105.754
 30
0
 11
256.461
 21
105.754
 31
0
  0
LINE
  5
F65
330
F62
100
AcDbEntity
  8
DimExtent067
100
AcDbLine
 10
299.861
 20
144.246
 30
0
 11
256.461
 21
144.246
 31
0
  0
LINE
  5
F66
330
F62
100
AcDbEntity
  8
DimExtent067
100
AcDbLine
 10
256.461
 20
144.246
 30
0
 11
256.461
 21
105.754
 31
0
  0
TEXT
  5
F67
330
F62
100
AcDbEntity
  8
DimExtent067
100
AcDbText
 10
253
 20
124.938
 30
0
 40
3.5
  1
770
  7
STANDARD
 72
1
 11
256.461
 21
121.329
 31
0
100
AcDbText
  0
SOLID
  5
F68
330
F62
100
AcDbEntity
  8
0
 62
     0
100
AcDbTrace
 10
256.044
 20
149.246
 30
0
 11
256.877
 21
149.246
 31
0
 12
256.461
 22
144.246
 32
0
 13
256.461
 23
144.246
 33
0
  0
SOLID
  5
F69
330
F62
100
AcDbEntity
  8
0
 62
     0
100
AcDbTrace
 10
256.044
 20
100.754
 30
0
 11
256.877
 21
100.754
 31
0
 12
256.461
 22
105.754
 32
0
 13
256.461
 23
105.754
 33
0
  0
ENDBLK
  5
F6A
330
F62
100
AcDbEntity
  8
DimExtent067
100
AcDbBlockEnd
  0
ENDSEC
  0
SECTION
  2
ENTITIES
  0
LINE
  5
A08
330
A02
100
AcDbEntity
  8
S06_Bodywork_Top
100
AcDbLine
 10
190.000000000
 20
233.041004674
 30
0.000000000
 11
190.000000000
 21
233.000238220
 31
0.000000000
  0
LINE
  5
A09
330
A02
100
AcDbEntity
  8
S06_Bodywork_Top
100
AcDbLine
 10
190.000000000
 20
233.169638794
 30
0.000000000
 11
190.000000000
 21
233.041004674
 31
0.000000000
  0
LINE
  5
A0A
330
A02
100
AcDbEntity
  8
S06_Bodywork_Top
100
AcDbLine
 10
190.000000000
 20
233.342539061
 30
0.000000000
 11
190.000000000
 21
233.169638794
 31
0.000000000
  0
LINE
  5
A0B
330
A02
100
AcDbEntity
  8
S06_Bodywork_Top
100
AcDbLine
 10
190.000000000
 20
233.593351981
 30
0.000000000
 11
190.000000000
 21
233.342539061
 31
0.000000000
  0
LINE
  5
A0C
330
A02
100
AcDbEntity
  8
S06_Bodywork_Top
100
AcDbLine
 10
190.000000000
 20
233.928806041
 30
0.000000000
 11
190.000000000
 21
233.593351981
 31
0.000000000
  0
LINE
  5
A0D
330
A02
100
AcDbEntity
  8
S06_Bodywork_Top
100
AcDbLine
 10
190.000000000
 20
234.346124263
 30
0.000000000
 11
190.000000000
 21
233.928806041
 31
0.000000000
  0
LINE
  5
A0E
330
A02
100
AcDbEntity
  8
S06_Bodywork_Top
100
AcDbLine
 10
190.000000000
 20
234.885255431
 30
0.000000000
 11
190.000000000
 21
234.346124263
 31
0.000000000
  0
LINE
  5
A0F
330
A02
100
AcDbEntity
  8
S06_Bodywork_Top
100
AcDbLine
 10
190.000000000
 20
235.502234487
 30
0.000000000
 11
190.000000000
 21
234.885255431
 31
0.000000000
  0
LINE
  5
A10
330
A02
100
AcDbEntity
  8
S06_Bodywork_Top
100
AcDbLine
 10
190.000000000
 20
236.302725806
 30
0.000000000
 11
190.000000000
 21
235.502234487
 31
0.000000000
  0
LINE
  5
A11
330
A02
100
AcDbEntity
  8
S06_Bodywork_Top
100
AcDbLine
 10
190.000000000
 20
236.886661717
 30
0.000000000
 11
190.000000000
 21
236.302725806
 31
0.000000000
  0
LINE
  5
A12
330
A02
100
AcDbEntity
  8
S06_Bodywork_Top
100
AcDbLine
 10
190.000000000
 20
237.441330650
 30
0.000000000
 11
190.000000000
 21
236.886661717
 31
0.000000000
  0
LINE
  5
A13
330
A02
100
AcDbEntity
  8
S06_Bodywork_Top
100
AcDbLine
 10
190.000000000
 20
237.931163824
 30
0.000000000
 11
190.000000000
 21
237.441330650
 31
0.000000000
  0
LINE
  5
A14
330
A02
100
AcDbEntity
  8
S06_Bodywork_Top
100
AcDbLine
 10
190.000000000
 20
238.355189025
 30
0.000000000
 11
190.000000000
 21
237.931163824
 31
0.000000000
  0
LINE
  5
A15
330
A02
100
AcDbEntity
  8
S06_Bodywork_Top
100
AcDbLine
 10
190.000000000
 20
238.679789354
 30
0.000000000
 11
190.000000000
 21
238.355189025
 31
0.000000000
  0
LINE
  5
A16
330
A02
100
AcDbEntity
  8
S06_Bodywork_Top
100
AcDbLine
 10
190.000000000
 20
238.940721515
 30
0.000000000
 11
190.000000000
 21
238.679789354
 31
0.000000000
  0
LINE
  5
A17
330
A02
100
AcDbEntity
  8
S06_Bodywork_Top
100
AcDbLine
 10
190.000000000
 20
239.000250046
 30
0.000000000
 11
190.000000000
 21
238.940721515
 31
0.000000000
  0
LINE
  5
A18
330
A02
100
AcDbEntity
  8
S06_Bodywork_Top
100
AcDbLine
 10
182.495178393
 20
242.123038433
 30
0.000000000
 11
184.125185504
 21
241.465041129
 31
0.000000000
  0
LINE
  5
A19
330
A02
100
AcDbEntity
  8
S06_Bodywork_Top
100
AcDbLine
 10
162.244337240
 20
249.785424806
 30
0.000000000
 11
166.231741669
 21
248.368095685
 31
0.000000000
  0
LINE
  5
A1A
330
A02
100
AcDbEntity
  8
S06_Bodywork_Top
100
AcDbLine
 10
167.384680065
 20
247.958281935
 30
0.000000000
 11
167.606165093
 21
247.879554736
 31
0.000000000
  0
LINE
  5
A1B
330
A02
100
AcDbEntity
  8
S06_Bodywork_Top
100
AcDbLine
 10
75.000000000
 20
260.533609857
 30
0.000000000
 11
75.000000000
 21
260.500000000
 31
0.000000000
  0
LINE
  5
A1C
330
A02
100
AcDbEntity
  8
S06_Bodywork_Top
100
AcDbLine
 10
75.000000000
 20
243.513484352
 30
0.000000000
 11
75.000000000
 21
243.498415909
 31
0.000000000
  0
LINE
  5
A1D
330
A02
100
AcDbEntity
  8
S06_Bodywork_Top
100
AcDbLine
 10
75.000000000
 20
243.614203770
 30
0.000000000
 11
75.000000000
 21
243.513484352
 31
0.000000000
  0
LINE
  5
A1E
330
A02
100
AcDbEntity
  8
S06_Bodywork_Top
100
AcDbLine
 10
75.000000000
 20
243.786858853
 30
0.000000000
 11
75.000000000
 21
243.614203770
 31
0.000000000
  0
LINE
  5
A1F
330
A02
100
AcDbEntity
  8
S06_Bodywork_Top
100
AcDbLine
 10
75.000000000
 20
244.014171621
 30
0.000000000
 11
75.000000000
 21
243.786858853
 31
0.000000000
  0
LINE
  5
A20
330
A02
100
AcDbEntity
  8
S06_Bodywork_Top
100
AcDbLine
 10
75.000000000
 20
244.350856358
 30
0.000000000
 11
75.000000000
 21
244.014171621
 31
0.000000000
  0
LINE
  5
A21
330
A02
100
AcDbEntity
  8
S06_Bodywork_Top
100
AcDbLine
 10
75.000000000
 20
244.842472106
 30
0.000000000
 11
75.000000000
 21
244.350856358
 31
0.000000000
  0
LINE
  5
A22
330
A02
100
AcDbEntity
  8
S06_Bodywork_Top
100
AcDbLine
 10
75.000000000
 20
245.327281163
 30
0.000000000
 11
75.000000000
 21
244.842472106
 31
0.000000000
  0
LINE
  5
A23
330
A02
100
AcDbEntity
  8
S06_Bodywork_Top
100
AcDbLine
 10
75.000000000
 20
246.384486338
 30
0.000000000
 11
75.000000000
 21
245.327281163
 31
0.000000000
  0
LINE
  5
A24
330
A02
100
AcDbEntity
  8
S06_Bodywork_Top
100
AcDbLine
 10
75.000000000
 20
248.100115762
 30
0.000000000
 11
75.000000000
 21
246.384486338
 31
0.000000000
  0
LINE
  5
A25
330
A02
100
AcDbEntity
  8
S06_Bodywork_Top
100
AcDbLine
 10
75.000000000
 20
254.322857595
 30
0.000000000
 11
75.000000000
 21
248.100115762
 31
0.000000000
  0
LINE
  5
A26
330
A02
100
AcDbEntity
  8
S06_Bodywork_Top
100
AcDbLine
 10
75.000000000
 20
255.926927890
 30
0.000000000
 11
75.000000000
 21
254.322857595
 31
0.000000000
  0
LINE
  5
A27
330
A02
100
AcDbEntity
  8
S06_Bodywork_Top
100
AcDbLine
 10
75.000000000
 20
257.078014240
 30
0.000000000
 11
75.000000000
 21
255.926927890
 31
0.000000000
  0
LINE
  5
A28
330
A02
100
AcDbEntity
  8
S06_Bodywork_Top
100
AcDbLine
 10
75.000000000
 20
257.976453850
 30
0.000000000
 11
75.000000000
 21
257.078014240
 31
0.000000000
  0
LINE
  5
A29
330
A02
100
AcDbEntity
  8
S06_Bodywork_Top
100
AcDbLine
 10
75.000000000
 20
258.615941648
 30
0.000000000
 11
75.000000000
 21
257.976453850
 31
0.000000000
  0
LINE
  5
A2A
330
A02
100
AcDbEntity
  8
S06_Bodywork_Top
100
AcDbLine
 10
75.000000000
 20
259.251567055
 30
0.000000000
 11
75.000000000
 21
258.615941648
 31
0.000000000
  0
LINE
  5
A2B
330
A02
100
AcDbEntity
  8
S06_Bodywork_Top
100
AcDbLine
 10
75.000000000
 20
259.640320714
 30
0.000000000
 11
75.000000000
 21
259.251567055
 31
0.000000000
  0
LINE
  5
A2C
330
A02
100
AcDbEntity
  8
S06_Bodywork_Top
100
AcDbLine
 10
75.000000000
 20
260.023365084
 30
0.000000000
 11
75.000000000
 21
259.640320714
 31
0.000000000
  0
LINE
  5
A2D
330
A02
100
AcDbEntity
  8
S06_Bodywork_Top
100
AcDbLine
 10
75.000000000
 20
260.317343266
 30
0.000000000
 11
75.000000000
 21
260.023365084
 31
0.000000000
  0
LINE
  5
A2E
330
A02
100
AcDbEntity
  8
S06_Bodywork_Top
100
AcDbLine
 10
75.000000000
 20
260.464628584
 30
0.000000000
 11
75.000000000
 21
260.317343266
 31
0.000000000
  0
LINE
  5
A2F
330
A02
100
AcDbEntity
  8
S06_Bodywork_Top
100
AcDbLine
 10
75.000000000
 20
260.500000000
 30
0.000000000
 11
75.000000000
 21
260.464628584
 31
0.000000000
  0
LINE
  5
A30
330
A02
100
AcDbEntity
  8
S06_Bodywork_Top
100
AcDbLine
 10
190.000000000
 20
211.041004674
 30
0.000000000
 11
190.000000000
 21
211.000233172
 31
0.000000000
  0
LINE
  5
A31
330
A02
100
AcDbEntity
  8
S06_Bodywork_Top
100
AcDbLine
 10
190.000000000
 20
211.169638794
 30
0.000000000
 11
190.000000000
 21
211.041004674
 31
0.000000000
  0
LINE
  5
A32
330
A02
100
AcDbEntity
  8
S06_Bodywork_Top
100
AcDbLine
 10
190.000000000
 20
211.342539061
 30
0.000000000
 11
190.000000000
 21
211.169638794
 31
0.000000000
  0
LINE
  5
A33
330
A02
100
AcDbEntity
  8
S06_Bodywork_Top
100
AcDbLine
 10
190.000000000
 20
211.593351981
 30
0.000000000
 11
190.000000000
 21
211.342539061
 31
0.000000000
  0
LINE
  5
A34
330
A02
100
AcDbEntity
  8
S06_Bodywork_Top
100
AcDbLine
 10
190.000000000
 20
211.928806041
 30
0.000000000
 11
190.000000000
 21
211.593351981
 31
0.000000000
  0
LINE
  5
A35
330
A02
100
AcDbEntity
  8
S06_Bodywork_Top
100
AcDbLine
 10
190.000000000
 20
212.346124263
 30
0.000000000
 11
190.000000000
 21
211.928806041
 31
0.000000000
  0
LINE
  5
A36
330
A02
100
AcDbEntity
  8
S06_Bodywork_Top
100
AcDbLine
 10
190.000000000
 20
212.885255431
 30
0.000000000
 11
190.000000000
 21
212.346124263
 31
0.000000000
  0
LINE
  5
A37
330
A02
100
AcDbEntity
  8
S06_Bodywork_Top
100
AcDbLine
 10
190.000000000
 20
213.502234487
 30
0.000000000
 11
190.000000000
 21
212.885255431
 31
0.000000000
  0
LINE
  5
A38
330
A02
100
AcDbEntity
  8
S06_Bodywork_Top
100
AcDbLine
 10
190.000000000
 20
214.302725806
 30
0.000000000
 11
190.000000000
 21
213.502234487
 31
0.000000000
  0
LINE
  5
A39
330
A02
100
AcDbEntity
  8
S06_Bodywork_Top
100
AcDbLine
 10
190.000000000
 20
214.886661717
 30
0.000000000
 11
190.000000000
 21
214.302725806
 31
0.000000000
  0
LINE
  5
A3A
330
A02
100
AcDbEntity
  8
S06_Bodywork_Top
100
AcDbLine
 10
190.000000000
 20
215.441330650
 30
0.000000000
 11
190.000000000
 21
214.886661717
 31
0.000000000
  0
LINE
  5
A3B
330
A02
100
AcDbEntity
  8
S06_Bodywork_Top
100
AcDbLine
 10
190.000000000
 20
215.931163824
 30
0.000000000
 11
190.000000000
 21
215.441330650
 31
0.000000000
  0
LINE
  5
A3C
330
A02
100
AcDbEntity
  8
S06_Bodywork_Top
100
AcDbLine
 10
190.000000000
 20
216.355189025
 30
0.000000000
 11
190.000000000
 21
215.931163824
 31
0.000000000
  0
LINE
  5
A3D
330
A02
100
AcDbEntity
  8
S06_Bodywork_Top
100
AcDbLine
 10
190.000000000
 20
216.679789354
 30
0.000000000
 11
190.000000000
 21
216.355189025
 31
0.000000000
  0
LINE
  5
A3E
330
A02
100
AcDbEntity
  8
S06_Bodywork_Top
100
AcDbLine
 10
190.000000000
 20
216.940721515
 30
0.000000000
 11
190.000000000
 21
216.679789354
 31
0.000000000
  0
LINE
  5
A3F
330
A02
100
AcDbEntity
  8
S06_Bodywork_Top
100
AcDbLine
 10
190.000000000
 20
217.000249635
 30
0.000000000
 11
190.000000000
 21
216.940721515
 31
0.000000000
  0
LINE
  5
A40
330
A02
100
AcDbEntity
  8
S06_Bodywork_Top
100
AcDbLine
 10
177.379193388
 20
215.625225767
 30
0.000000000
 11
179.342633700
 21
215.809377870
 31
0.000000000
  0
LINE
  5
A41
330
A02
100
AcDbEntity
  8
S06_Bodywork_Top
100
AcDbLine
 10
162.210228485
 20
214.293117724
 30
0.000000000
 11
164.945094861
 21
214.552407769
 31
0.000000000
  0
LINE
  5
A42
330
A02
100
AcDbEntity
  8
S06_Bodywork_Top
100
AcDbLine
 10
75.000000000
 20
206.533625601
 30
0.000000000
 11
75.000000000
 21
206.500000000
 31
0.000000000
  0
LINE
  5
A43
330
A02
100
AcDbEntity
  8
S06_Bodywork_Top
100
AcDbLine
 10
75.000000000
 20
189.513484352
 30
0.000000000
 11
75.000000000
 21
189.498416169
 31
0.000000000
  0
LINE
  5
A44
330
A02
100
AcDbEntity
  8
S06_Bodywork_Top
100
AcDbLine
 10
75.000000000
 20
189.614203770
 30
0.000000000
 11
75.000000000
 21
189.513484352
 31
0.000000000
  0
LINE
  5
A45
330
A02
100
AcDbEntity
  8
S06_Bodywork_Top
100
AcDbLine
 10
75.000000000
 20
189.786858853
 30
0.000000000
 11
75.000000000
 21
189.614203770
 31
0.000000000
  0
LINE
  5
A46
330
A02
100
AcDbEntity
  8
S06_Bodywork_Top
100
AcDbLine
 10
75.000000000
 20
190.014171621
 30
0.000000000
 11
75.000000000
 21
189.786858853
 31
0.000000000
  0
LINE
  5
A47
330
A02
100
AcDbEntity
  8
S06_Bodywork_Top
100
AcDbLine
 10
75.000000000
 20
190.350856358
 30
0.000000000
 11
75.000000000
 21
190.014171621
 31
0.000000000
  0
LINE
  5
A48
330
A02
100
AcDbEntity
  8
S06_Bodywork_Top
100
AcDbLine
 10
75.000000000
 20
190.842472106
 30
0.000000000
 11
75.000000000
 21
190.350856358
 31
0.000000000
  0
LINE
  5
A49
330
A02
100
AcDbEntity
  8
S06_Bodywork_Top
100
AcDbLine
 10
75.000000000
 20
191.327281163
 30
0.000000000
 11
75.000000000
 21
190.842472106
 31
0.000000000
  0
LINE
  5
A4A
330
A02
100
AcDbEntity
  8
S06_Bodywork_Top
100
AcDbLine
 10
75.000000000
 20
192.384486338
 30
0.000000000
 11
75.000000000
 21
191.327281163
 31
0.000000000
  0
LINE
  5
A4B
330
A02
100
AcDbEntity
  8
S06_Bodywork_Top
100
AcDbLine
 10
75.000000000
 20
194.100115762
 30
0.000000000
 11
75.000000000
 21
192.384486338
 31
0.000000000
  0
LINE
  5
A4C
330
A02
100
AcDbEntity
  8
S06_Bodywork_Top
100
AcDbLine
 10
75.000000000
 20
200.322857595
 30
0.000000000
 11
75.000000000
 21
194.100115762
 31
0.000000000
  0
LINE
  5
A4D
330
A02
100
AcDbEntity
  8
S06_Bodywork_Top
100
AcDbLine
 10
75.000000000
 20
201.926927890
 30
0.000000000
 11
75.000000000
 21
200.322857595
 31
0.000000000
  0
LINE
  5
A4E
330
A02
100
AcDbEntity
  8
S06_Bodywork_Top
100
AcDbLine
 10
75.000000000
 20
203.078014240
 30
0.000000000
 11
75.000000000
 21
201.926927890
 31
0.000000000
  0
LINE
  5
A4F
330
A02
100
AcDbEntity
  8
S06_Bodywork_Top
100
AcDbLine
 10
75.000000000
 20
203.976453850
 30
0.000000000
 11
75.000000000
 21
203.078014240
 31
0.000000000
  0
LINE
  5
A50
330
A02
100
AcDbEntity
  8
S06_Bodywork_Top
100
AcDbLine
 10
75.000000000
 20
204.615941648
 30
0.000000000
 11
75.000000000
 21
203.976453850
 31
0.000000000
  0
LINE
  5
A51
330
A02
100
AcDbEntity
  8
S06_Bodywork_Top
100
AcDbLine
 10
75.000000000
 20
205.251567055
 30
0.000000000
 11
75.000000000
 21
204.615941648
 31
0.000000000
  0
LINE
  5
A52
330
A02
100
AcDbEntity
  8
S06_Bodywork_Top
100
AcDbLine
 10
75.000000000
 20
205.640320714
 30
0.000000000
 11
75.000000000
 21
205.251567055
 31
0.000000000
  0
LINE
  5
A53
330
A02
100
AcDbEntity
  8
S06_Bodywork_Top
100
AcDbLine
 10
75.000000000
 20
206.023365084
 30
0.000000000
 11
75.000000000
 21
205.640320714
 31
0.000000000
  0
LINE
  5
A54
330
A02
100
AcDbEntity
  8
S06_Bodywork_Top
100
AcDbLine
 10
75.000000000
 20
206.317343266
 30
0.000000000
 11
75.000000000
 21
206.023365084
 31
0.000000000
  0
LINE
  5
A55
330
A02
100
AcDbEntity
  8
S06_Bodywork_Top
100
AcDbLine
 10
75.000000000
 20
206.464628584
 30
0.000000000
 11
75.000000000
 21
206.317343266
 31
0.000000000
  0
LINE
  5
A56
330
A02
100
AcDbEntity
  8
S06_Bodywork_Top
100
AcDbLine
 10
75.000000000
 20
206.500000000
 30
0.000000000
 11
75.000000000
 21
206.464628584
 31
0.000000000
  0
LINE
  5
A57
330
A02
100
AcDbEntity
  8
S06_Bodywork_Top
100
AcDbLine
 10
151.918840092
 20
225.200000000
 30
0.000000000
 11
202.500000000
 21
225.200000000
 31
0.000000000
  0
LINE
  5
A58
330
A02
100
AcDbEntity
  8
S06_Bodywork_Top
100
AcDbLine
 10
202.500000000
 20
224.800000000
 30
0.000000000
 11
202.500000000
 21
225.200000000
 31
0.000000000
  0
LINE
  5
A59
330
A02
100
AcDbEntity
  8
S06_Bodywork_Top
100
AcDbLine
 10
151.918840038
 20
224.800000000
 30
0.000000000
 11
202.500000000
 21
224.800000000
 31
0.000000000
  0
LINE
  5
A5A
330
A02
100
AcDbEntity
  8
S06_Bodywork_Top
100
AcDbLine
 10
106.500000000
 20
222.262398166
 30
0.000000000
 11
106.500000000
 21
222.250010875
 31
0.000000000
  0
LINE
  5
A5B
330
A02
100
AcDbEntity
  8
S06_Bodywork_Top
100
AcDbLine
 10
106.500000000
 20
222.322461046
 30
0.000000000
 11
106.500000000
 21
222.262398166
 31
0.000000000
  0
LINE
  5
A5C
330
A02
100
AcDbEntity
  8
S06_Bodywork_Top
100
AcDbLine
 10
106.500000000
 20
222.446112640
 30
0.000000000
 11
106.500000000
 21
222.322461046
 31
0.000000000
  0
LINE
  5
A5D
330
A02
100
AcDbEntity
  8
S06_Bodywork_Top
100
AcDbLine
 10
106.500000000
 20
222.637358747
 30
0.000000000
 11
106.500000000
 21
222.446112640
 31
0.000000000
  0
LINE
  5
A5E
330
A02
100
AcDbEntity
  8
S06_Bodywork_Top
100
AcDbLine
 10
106.500000000
 20
222.920996448
 30
0.000000000
 11
106.500000000
 21
222.637358747
 31
0.000000000
  0
LINE
  5
A5F
330
A02
100
AcDbEntity
  8
S06_Bodywork_Top
100
AcDbLine
 10
106.500000000
 20
223.334157056
 30
0.000000000
 11
106.500000000
 21
222.920996448
 31
0.000000000
  0
LINE
  5
A60
330
A02
100
AcDbEntity
  8
S06_Bodywork_Top
100
AcDbLine
 10
106.500000000
 20
223.954592423
 30
0.000000000
 11
106.500000000
 21
223.334157056
 31
0.000000000
  0
LINE
  5
A61
330
A02
100
AcDbEntity
  8
S06_Bodywork_Top
100
AcDbLine
 10
106.500000000
 20
224.608901669
 30
0.000000000
 11
106.500000000
 21
223.954592423
 31
0.000000000
  0
LINE
  5
A62
330
A02
100
AcDbEntity
  8
S06_Bodywork_Top
100
AcDbLine
 10
106.500000000
 20
225.483032629
 30
0.000000000
 11
106.500000000
 21
224.608901669
 31
0.000000000
  0
LINE
  5
A63
330
A02
100
AcDbEntity
  8
S06_Bodywork_Top
100
AcDbLine
 10
106.500000000
 20
226.019329088
 30
0.000000000
 11
106.500000000
 21
225.483032629
 31
0.000000000
  0
LINE
  5
A64
330
A02
100
AcDbEntity
  8
S06_Bodywork_Top
100
AcDbLine
 10
106.500000000
 20
226.480136227
 30
0.000000000
 11
106.500000000
 21
226.019329088
 31
0.000000000
  0
LINE
  5
A65
330
A02
100
AcDbEntity
  8
S06_Bodywork_Top
100
AcDbLine
 10
106.500000000
 20
226.804570140
 30
0.000000000
 11
106.500000000
 21
226.480136227
 31
0.000000000
  0
LINE
  5
A66
330
A02
100
AcDbEntity
  8
S06_Bodywork_Top
100
AcDbLine
 10
106.500000000
 20
227.098297245
 30
0.000000000
 11
106.500000000
 21
226.804570140
 31
0.000000000
  0
LINE
  5
A67
330
A02
100
AcDbEntity
  8
S06_Bodywork_Top
100
AcDbLine
 10
106.500000000
 20
227.347441807
 30
0.000000000
 11
106.500000000
 21
227.098297245
 31
0.000000000
  0
LINE
  5
A68
330
A02
100
AcDbEntity
  8
S06_Bodywork_Top
100
AcDbLine
 10
106.500000000
 20
227.556531480
 30
0.000000000
 11
106.500000000
 21
227.347441807
 31
0.000000000
  0
LINE
  5
A69
330
A02
100
AcDbEntity
  8
S06_Bodywork_Top
100
AcDbLine
 10
106.500000000
 20
227.702722971
 30
0.000000000
 11
106.500000000
 21
227.556531480
 31
0.000000000
  0
LINE
  5
A6A
330
A02
100
AcDbEntity
  8
S06_Bodywork_Top
100
AcDbLine
 10
106.500000000
 20
227.750527674
 30
0.000000000
 11
106.500000000
 21
227.702722971
 31
0.000000000
  0
LINE
  5
A6B
330
A02
100
AcDbEntity
  8
S06_Bodywork_Top
100
AcDbLine
 10
117.500000000
 20
223.399550947
 30
0.000000000
 11
117.500000000
 21
223.247268405
 31
0.000000000
  0
LINE
  5
A6C
330
A02
100
AcDbEntity
  8
S06_Bodywork_Top
100
AcDbLine
 10
117.500000000
 20
223.592887335
 30
0.000000000
 11
117.500000000
 21
223.399550947
 31
0.000000000
  0
LINE
  5
A6D
330
A02
100
AcDbEntity
  8
S06_Bodywork_Top
100
AcDbLine
 10
117.500000000
 20
223.877673618
 30
0.000000000
 11
117.500000000
 21
223.592887335
 31
0.000000000
  0
LINE
  5
A6E
330
A02
100
AcDbEntity
  8
S06_Bodywork_Top
100
AcDbLine
 10
117.500000000
 20
224.230398821
 30
0.000000000
 11
117.500000000
 21
223.877673618
 31
0.000000000
  0
LINE
  5
A6F
330
A02
100
AcDbEntity
  8
S06_Bodywork_Top
100
AcDbLine
 10
117.500000000
 20
224.661153533
 30
0.000000000
 11
117.500000000
 21
224.230398821
 31
0.000000000
  0
LINE
  5
A70
330
A02
100
AcDbEntity
  8
S06_Bodywork_Top
100
AcDbLine
 10
117.500000000
 20
225.222540764
 30
0.000000000
 11
117.500000000
 21
224.661153533
 31
0.000000000
  0
LINE
  5
A71
330
A02
100
AcDbEntity
  8
S06_Bodywork_Top
100
AcDbLine
 10
117.500000000
 20
225.572997616
 30
0.000000000
 11
117.500000000
 21
225.222540764
 31
0.000000000
  0
LINE
  5
A72
330
A02
100
AcDbEntity
  8
S06_Bodywork_Top
100
AcDbLine
 10
117.500000000
 20
225.911155484
 30
0.000000000
 11
117.500000000
 21
225.572997616
 31
0.000000000
  0
LINE
  5
A73
330
A02
100
AcDbEntity
  8
S06_Bodywork_Top
100
AcDbLine
 10
117.500000000
 20
226.221126637
 30
0.000000000
 11
117.500000000
 21
225.911155484
 31
0.000000000
  0
LINE
  5
A74
330
A02
100
AcDbEntity
  8
S06_Bodywork_Top
100
AcDbLine
 10
117.500000000
 20
226.512178685
 30
0.000000000
 11
117.500000000
 21
226.221126637
 31
0.000000000
  0
LINE
  5
A75
330
A02
100
AcDbEntity
  8
S06_Bodywork_Top
100
AcDbLine
 10
117.500000000
 20
226.642684660
 30
0.000000000
 11
117.500000000
 21
226.512178685
 31
0.000000000
  0
LINE
  5
A76
330
A02
100
AcDbEntity
  8
S06_Bodywork_Top
100
AcDbLine
 10
117.500000000
 20
226.752726776
 30
0.000000000
 11
117.500000000
 21
226.642684660
 31
0.000000000
  0
LINE
  5
A77
330
A02
100
AcDbEntity
  8
S06_Bodywork_Top
100
AcDbLine
 10
104.500000000
 20
221.315944197
 30
0.000000000
 11
104.500000000
 21
221.138397487
 31
0.000000000
  0
LINE
  5
A78
330
A02
100
AcDbEntity
  8
S06_Bodywork_Top
100
AcDbLine
 10
104.500000000
 20
221.696796155
 30
0.000000000
 11
104.500000000
 21
221.315944197
 31
0.000000000
  0
LINE
  5
A79
330
A02
100
AcDbEntity
  8
S06_Bodywork_Top
100
AcDbLine
 10
104.500000000
 20
222.019749197
 30
0.000000000
 11
104.500000000
 21
221.696796155
 31
0.000000000
  0
LINE
  5
A7A
330
A02
100
AcDbEntity
  8
S06_Bodywork_Top
100
AcDbLine
 10
104.500000000
 20
222.385683282
 30
0.000000000
 11
104.500000000
 21
222.019749197
 31
0.000000000
  0
LINE
  5
A7B
330
A02
100
AcDbEntity
  8
S06_Bodywork_Top
100
AcDbLine
 10
104.500000000
 20
223.086115555
 30
0.000000000
 11
104.500000000
 21
222.385683282
 31
0.000000000
  0
LINE
  5
A7C
330
A02
100
AcDbEntity
  8
S06_Bodywork_Top
100
AcDbLine
 10
104.500000000
 20
224.565054475
 30
0.000000000
 11
104.500000000
 21
223.086115555
 31
0.000000000
  0
LINE
  5
A7D
330
A02
100
AcDbEntity
  8
S06_Bodywork_Top
100
AcDbLine
 10
104.500000000
 20
225.896658587
 30
0.000000000
 11
104.500000000
 21
224.565054475
 31
0.000000000
  0
LINE
  5
A7E
330
A02
100
AcDbEntity
  8
S06_Bodywork_Top
100
AcDbLine
 10
104.500000000
 20
226.770800084
 30
0.000000000
 11
104.500000000
 21
225.896658587
 31
0.000000000
  0
LINE
  5
A7F
330
A02
100
AcDbEntity
  8
S06_Bodywork_Top
100
AcDbLine
 10
104.500000000
 20
227.402774629
 30
0.000000000
 11
104.500000000
 21
226.770800084
 31
0.000000000
  0
LINE
  5
A80
330
A02
100
AcDbEntity
  8
S06_Bodywork_Top
100
AcDbLine
 10
104.500000000
 20
227.930596946
 30
0.000000000
 11
104.500000000
 21
227.402774629
 31
0.000000000
  0
LINE
  5
A81
330
A02
100
AcDbEntity
  8
S06_Bodywork_Top
100
AcDbLine
 10
104.500000000
 20
228.291482139
 30
0.000000000
 11
104.500000000
 21
227.930596946
 31
0.000000000
  0
LINE
  5
A82
330
A02
100
AcDbEntity
  8
S06_Bodywork_Top
100
AcDbLine
 10
104.500000000
 20
228.606483706
 30
0.000000000
 11
104.500000000
 21
228.291482139
 31
0.000000000
  0
LINE
  5
A83
330
A02
100
AcDbEntity
  8
S06_Bodywork_Top
100
AcDbLine
 10
104.500000000
 20
228.856310242
 30
0.000000000
 11
104.500000000
 21
228.606483706
 31
0.000000000
  0
LINE
  5
A84
330
A02
100
AcDbEntity
  8
S06_Bodywork_Top
100
AcDbLine
 10
104.500000000
 20
228.861752072
 30
0.000000000
 11
104.500000000
 21
228.856310242
 31
0.000000000
  0
LINE
  5
A85
330
A02
100
AcDbEntity
  8
S06_Bodywork_Top
100
AcDbLine
 10
151.918840092
 20
225.200000000
 30
0.000000000
 11
151.918840038
 21
224.800000000
 31
0.000000000
  0
LINE
  5
A86
330
A02
100
AcDbEntity
  8
S06_Bodywork_Top
100
AcDbLine
 10
106.500000000
 20
226.804570140
 30
0.000000000
 11
106.500000000
 21
227.702722971
 31
0.000000000
  0
LINE
  5
A87
330
A02
100
AcDbEntity
  8
S06_Bodywork_Top
100
AcDbLine
 10
106.500000000
 20
225.483032629
 30
0.000000000
 11
106.500000000
 21
226.480136227
 31
0.000000000
  0
LINE
  5
A88
330
A02
100
AcDbEntity
  8
S06_Bodywork_Top
100
AcDbLine
 10
106.500000000
 20
223.954592423
 30
0.000000000
 11
106.500000000
 21
224.608901669
 31
0.000000000
  0
LINE
  5
A89
330
A02
100
AcDbEntity
  8
S06_Bodywork_Top
100
AcDbLine
 10
106.500000000
 20
222.262398166
 30
0.000000000
 11
106.500000000
 21
223.334157056
 31
0.000000000
  0
LINE
  5
A8A
330
A02
100
AcDbEntity
  8
S06_Bodywork_Top
100
AcDbLine
 10
115.768658807
 20
226.778668074
 30
0.000000000
 11
117.500000000
 21
226.752726776
 31
0.000000000
  0
LINE
  5
A8B
330
A02
100
AcDbEntity
  8
S06_Bodywork_Top
100
AcDbLine
 10
114.030365487
 20
226.852619852
 30
0.000000000
 11
115.768658807
 21
226.778668074
 31
0.000000000
  0
LINE
  5
A8C
330
A02
100
AcDbEntity
  8
S06_Bodywork_Top
100
AcDbLine
 10
111.264909876
 20
227.138436652
 30
0.000000000
 11
114.030365487
 21
226.852619852
 31
0.000000000
  0
LINE
  5
A8D
330
A02
100
AcDbEntity
  8
S06_Bodywork_Top
100
AcDbLine
 10
108.856912615
 20
227.498790842
 30
0.000000000
 11
111.264909876
 21
227.138436652
 31
0.000000000
  0
LINE
  5
A8E
330
A02
100
AcDbEntity
  8
S06_Bodywork_Top
100
AcDbLine
 10
106.719333841
 20
227.735579330
 30
0.000000000
 11
108.856912615
 21
227.498790842
 31
0.000000000
  0
LINE
  5
A8F
330
A02
100
AcDbEntity
  8
S06_Bodywork_Top
100
AcDbLine
 10
107.722390949
 20
222.355452745
 30
0.000000000
 11
106.556313594
 21
222.253851144
 31
0.000000000
  0
LINE
  5
A90
330
A02
100
AcDbEntity
  8
S06_Bodywork_Top
100
AcDbLine
 10
108.991317729
 20
222.520635126
 30
0.000000000
 11
107.722390949
 21
222.355452745
 31
0.000000000
  0
LINE
  5
A91
330
A02
100
AcDbEntity
  8
S06_Bodywork_Top
100
AcDbLine
 10
110.299624616
 20
222.719479098
 30
0.000000000
 11
108.991317729
 21
222.520635126
 31
0.000000000
  0
LINE
  5
A92
330
A02
100
AcDbEntity
  8
S06_Bodywork_Top
100
AcDbLine
 10
111.644263946
 20
222.912962836
 30
0.000000000
 11
110.299624616
 21
222.719479098
 31
0.000000000
  0
LINE
  5
A93
330
A02
100
AcDbEntity
  8
S06_Bodywork_Top
100
AcDbLine
 10
114.406840745
 20
223.169439914
 30
0.000000000
 11
111.644263946
 21
222.912962836
 31
0.000000000
  0
LINE
  5
A94
330
A02
100
AcDbEntity
  8
S06_Bodywork_Top
100
AcDbLine
 10
117.500000000
 20
223.247268405
 30
0.000000000
 11
114.406840745
 21
223.169439914
 31
0.000000000
  0
LINE
  5
A95
330
A02
100
AcDbEntity
  8
S06_Bodywork_Top
100
AcDbLine
 10
117.500000000
 20
223.399550947
 30
0.000000000
 11
117.500000000
 21
226.642684660
 31
0.000000000
  0
LINE
  5
A96
330
A02
100
AcDbEntity
  8
S06_Bodywork_Top
100
AcDbLine
 10
104.500000000
 20
218.109683088
 30
0.000000000
 11
104.500000000
 21
218.000020214
 31
0.000000000
  0
LINE
  5
A97
330
A02
100
AcDbEntity
  8
S06_Bodywork_Top
100
AcDbLine
 10
104.500000000
 20
218.407413188
 30
0.000000000
 11
104.500000000
 21
218.109683088
 31
0.000000000
  0
LINE
  5
A98
330
A02
100
AcDbEntity
  8
S06_Bodywork_Top
100
AcDbLine
 10
104.500000000
 20
218.808801657
 30
0.000000000
 11
104.500000000
 21
218.407413188
 31
0.000000000
  0
LINE
  5
A99
330
A02
100
AcDbEntity
  8
S06_Bodywork_Top
100
AcDbLine
 10
104.500000000
 20
219.395928182
 30
0.000000000
 11
104.500000000
 21
218.808801657
 31
0.000000000
  0
LINE
  5
A9A
330
A02
100
AcDbEntity
  8
S06_Bodywork_Top
100
AcDbLine
 10
104.500000000
 20
220.179846763
 30
0.000000000
 11
104.500000000
 21
219.395928182
 31
0.000000000
  0
LINE
  5
A9B
330
A02
100
AcDbEntity
  8
S06_Bodywork_Top
100
AcDbLine
 10
104.500000000
 20
221.138397487
 30
0.000000000
 11
104.500000000
 21
220.179846763
 31
0.000000000
  0
LINE
  5
A9C
330
A02
100
AcDbEntity
  8
S06_Bodywork_Top
100
AcDbLine
 10
212.500000000
 20
222.039804142
 30
0.000000000
 11
212.500000000
 21
222.000001646
 31
0.000000000
  0
LINE
  5
A9D
330
A02
100
AcDbEntity
  8
S06_Bodywork_Top
100
AcDbLine
 10
212.500000000
 20
222.148079425
 30
0.000000000
 11
212.500000000
 21
222.039804142
 31
0.000000000
  0
LINE
  5
A9E
330
A02
100
AcDbEntity
  8
S06_Bodywork_Top
100
AcDbLine
 10
212.500000000
 20
222.343674109
 30
0.000000000
 11
212.500000000
 21
222.148079425
 31
0.000000000
  0
LINE
  5
A9F
330
A02
100
AcDbEntity
  8
S06_Bodywork_Top
100
AcDbLine
 10
212.500000000
 20
222.633655039
 30
0.000000000
 11
212.500000000
 21
222.343674109
 31
0.000000000
  0
LINE
  5
AA0
330
A02
100
AcDbEntity
  8
S06_Bodywork_Top
100
AcDbLine
 10
212.500000000
 20
223.011249018
 30
0.000000000
 11
212.500000000
 21
222.633655039
 31
0.000000000
  0
LINE
  5
AA1
330
A02
100
AcDbEntity
  8
S06_Bodywork_Top
100
AcDbLine
 10
212.500000000
 20
223.509345578
 30
0.000000000
 11
212.500000000
 21
223.011249018
 31
0.000000000
  0
LINE
  5
AA2
330
A02
100
AcDbEntity
  8
S06_Bodywork_Top
100
AcDbLine
 10
212.500000000
 20
224.189377933
 30
0.000000000
 11
212.500000000
 21
223.509345578
 31
0.000000000
  0
LINE
  5
AA3
330
A02
100
AcDbEntity
  8
S06_Bodywork_Top
100
AcDbLine
 10
212.500000000
 20
225.671461487
 30
0.000000000
 11
212.500000000
 21
224.189377933
 31
0.000000000
  0
LINE
  5
AA4
330
A02
100
AcDbEntity
  8
S06_Bodywork_Top
100
AcDbLine
 10
212.500000000
 20
226.185156027
 30
0.000000000
 11
212.500000000
 21
225.671461487
 31
0.000000000
  0
LINE
  5
AA5
330
A02
100
AcDbEntity
  8
S06_Bodywork_Top
100
AcDbLine
 10
212.500000000
 20
226.672019271
 30
0.000000000
 11
212.500000000
 21
226.185156027
 31
0.000000000
  0
LINE
  5
AA6
330
A02
100
AcDbEntity
  8
S06_Bodywork_Top
100
AcDbLine
 10
212.500000000
 20
227.107544595
 30
0.000000000
 11
212.500000000
 21
226.672019271
 31
0.000000000
  0
LINE
  5
AA7
330
A02
100
AcDbEntity
  8
S06_Bodywork_Top
100
AcDbLine
 10
212.500000000
 20
227.465999838
 30
0.000000000
 11
212.500000000
 21
227.107544595
 31
0.000000000
  0
LINE
  5
AA8
330
A02
100
AcDbEntity
  8
S06_Bodywork_Top
100
AcDbLine
 10
212.500000000
 20
227.753552883
 30
0.000000000
 11
212.500000000
 21
227.465999838
 31
0.000000000
  0
LINE
  5
AA9
330
A02
100
AcDbEntity
  8
S06_Bodywork_Top
100
AcDbLine
 10
212.500000000
 20
227.947310277
 30
0.000000000
 11
212.500000000
 21
227.753552883
 31
0.000000000
  0
LINE
  5
AAA
330
A02
100
AcDbEntity
  8
S06_Bodywork_Top
100
AcDbLine
 10
212.500000000
 20
228.000389116
 30
0.000000000
 11
212.500000000
 21
227.947310277
 31
0.000000000
  0
LINE
  5
AAB
330
A02
100
AcDbEntity
  8
S06_Bodywork_Top
100
AcDbLine
 10
176.076573806
 20
233.395028973
 30
0.000000000
 11
184.941984559
 21
232.144567428
 31
0.000000000
  0
LINE
  5
AAC
330
A02
100
AcDbEntity
  8
S06_Bodywork_Top
100
AcDbLine
 10
161.825914829
 20
235.036235034
 30
0.000000000
 11
167.148322755
 21
234.500831094
 31
0.000000000
  0
LINE
  5
AAD
330
A02
100
AcDbEntity
  8
S06_Bodywork_Top
100
AcDbLine
 10
148.714534385
 20
236.103962227
 30
0.000000000
 11
157.625428017
 21
235.458780097
 31
0.000000000
  0
LINE
  5
AAE
330
A02
100
AcDbEntity
  8
S06_Bodywork_Top
100
AcDbLine
 10
140.509413269
 20
236.440454477
 30
0.000000000
 11
148.714534385
 21
236.103962227
 31
0.000000000
  0
LINE
  5
AAF
330
A02
100
AcDbEntity
  8
S06_Bodywork_Top
100
AcDbLine
 10
115.441426313
 20
235.076416065
 30
0.000000000
 11
117.441675431
 21
235.351308536
 31
0.000000000
  0
LINE
  5
AB0
330
A02
100
AcDbEntity
  8
S06_Bodywork_Top
100
AcDbLine
 10
111.064596841
 20
234.178485381
 30
0.000000000
 11
115.441426313
 21
235.076416065
 31
0.000000000
  0
LINE
  5
AB1
330
A02
100
AcDbEntity
  8
S06_Bodywork_Top
100
AcDbLine
 10
104.500000000
 20
229.475748759
 30
0.000000000
 11
104.500000000
 21
228.861752072
 31
0.000000000
  0
LINE
  5
AB2
330
A02
100
AcDbEntity
  8
S06_Bodywork_Top
100
AcDbLine
 10
104.500000000
 20
230.028520098
 30
0.000000000
 11
104.500000000
 21
229.475748759
 31
0.000000000
  0
LINE
  5
AB3
330
A02
100
AcDbEntity
  8
S06_Bodywork_Top
100
AcDbLine
 10
104.500000000
 20
230.827584081
 30
0.000000000
 11
104.500000000
 21
230.028520098
 31
0.000000000
  0
LINE
  5
AB4
330
A02
100
AcDbEntity
  8
S06_Bodywork_Top
100
AcDbLine
 10
104.500000000
 20
231.490261839
 30
0.000000000
 11
104.500000000
 21
230.827584081
 31
0.000000000
  0
LINE
  5
AB5
330
A02
100
AcDbEntity
  8
S06_Bodywork_Top
100
AcDbLine
 10
104.500000000
 20
231.867419807
 30
0.000000000
 11
104.500000000
 21
231.490261839
 31
0.000000000
  0
LINE
  5
AB6
330
A02
100
AcDbEntity
  8
S06_Bodywork_Top
100
AcDbLine
 10
104.500000000
 20
232.000457833
 30
0.000000000
 11
104.500000000
 21
231.867419807
 31
0.000000000
  0
LINE
  5
AB7
330
A02
100
AcDbEntity
  8
S06_Bodywork_Top
100
AcDbLine
 10
104.981403387
 20
221.506714782
 30
0.000000000
 11
104.500000000
 21
221.138397487
 31
0.000000000
  0
LINE
  5
AB8
330
A02
100
AcDbEntity
  8
S06_Bodywork_Top
100
AcDbLine
 10
105.360291857
 20
221.995722783
 30
0.000000000
 11
104.981403387
 21
221.506714782
 31
0.000000000
  0
LINE
  5
AB9
330
A02
100
AcDbEntity
  8
S06_Bodywork_Top
100
AcDbLine
 10
105.729524277
 20
222.767867099
 30
0.000000000
 11
105.360291857
 21
221.995722783
 31
0.000000000
  0
LINE
  5
ABA
330
A02
100
AcDbEntity
  8
S06_Bodywork_Top
100
AcDbLine
 10
106.002265061
 20
223.708127818
 30
0.000000000
 11
105.729524277
 21
222.767867099
 31
0.000000000
  0
LINE
  5
ABB
330
A02
100
AcDbEntity
  8
S06_Bodywork_Top
100
AcDbLine
 10
106.130219485
 20
224.684272286
 30
0.000000000
 11
106.002265061
 21
223.708127818
 31
0.000000000
  0
LINE
  5
ABC
330
A02
100
AcDbEntity
  8
S06_Bodywork_Top
100
AcDbLine
 10
106.113865163
 20
225.558443900
 30
0.000000000
 11
106.130219485
 21
224.684272286
 31
0.000000000
  0
LINE
  5
ABD
330
A02
100
AcDbEntity
  8
S06_Bodywork_Top
100
AcDbLine
 10
106.019533842
 20
226.208585602
 30
0.000000000
 11
106.113865163
 21
225.558443900
 31
0.000000000
  0
LINE
  5
ABE
330
A02
100
AcDbEntity
  8
S06_Bodywork_Top
100
AcDbLine
 10
105.859866053
 20
226.844506611
 30
0.000000000
 11
106.019533842
 21
226.208585602
 31
0.000000000
  0
LINE
  5
ABF
330
A02
100
AcDbEntity
  8
S06_Bodywork_Top
100
AcDbLine
 10
105.641213370
 20
227.453667145
 30
0.000000000
 11
105.859866053
 21
226.844506611
 31
0.000000000
  0
LINE
  5
AC0
330
A02
100
AcDbEntity
  8
S06_Bodywork_Top
100
AcDbLine
 10
105.353547024
 20
228.015181861
 30
0.000000000
 11
105.641213370
 21
227.453667145
 31
0.000000000
  0
LINE
  5
AC1
330
A02
100
AcDbEntity
  8
S06_Bodywork_Top
100
AcDbLine
 10
104.977737617
 20
228.496939757
 30
0.000000000
 11
105.353547024
 21
228.015181861
 31
0.000000000
  0
LINE
  5
AC2
330
A02
100
AcDbEntity
  8
S06_Bodywork_Top
100
AcDbLine
 10
104.500000000
 20
228.861752072
 30
0.000000000
 11
104.977737617
 21
228.496939757
 31
0.000000000
  0
LINE
  5
AC3
330
A02
100
AcDbEntity
  8
S06_Bodywork_Top
100
AcDbLine
 10
70.639216991
 20
216.381172144
 30
0.000000000
 11
68.500000000
 21
217.500301187
 31
0.000000000
  0
LINE
  5
AC4
330
A02
100
AcDbEntity
  8
S06_Bodywork_Top
100
AcDbLine
 10
72.835745567
 20
215.386304743
 30
0.000000000
 11
70.639216991
 21
216.381172144
 31
0.000000000
  0
LINE
  5
AC5
330
A02
100
AcDbEntity
  8
S06_Bodywork_Top
100
AcDbLine
 10
76.249965187
 20
214.129437150
 30
0.000000000
 11
72.835745567
 21
215.386304743
 31
0.000000000
  0
LINE
  5
AC6
330
A02
100
AcDbEntity
  8
S06_Bodywork_Top
100
AcDbLine
 10
80.085287812
 20
213.110295379
 30
0.000000000
 11
76.249965187
 21
214.129437150
 31
0.000000000
  0
LINE
  5
AC7
330
A02
100
AcDbEntity
  8
S06_Bodywork_Top
100
AcDbLine
 10
83.851468157
 20
212.490295929
 30
0.000000000
 11
80.085287812
 21
213.110295379
 31
0.000000000
  0
LINE
  5
AC8
330
A02
100
AcDbEntity
  8
S06_Bodywork_Top
100
AcDbLine
 10
87.564659019
 20
212.233252962
 30
0.000000000
 11
83.851468157
 21
212.490295929
 31
0.000000000
  0
LINE
  5
AC9
330
A02
100
AcDbEntity
  8
S06_Bodywork_Top
100
AcDbLine
 10
90.949549793
 20
212.299696532
 30
0.000000000
 11
87.564659019
 21
212.233252962
 31
0.000000000
  0
LINE
  5
ACA
330
A02
100
AcDbEntity
  8
S06_Bodywork_Top
100
AcDbLine
 10
94.438741933
 20
212.669983959
 30
0.000000000
 11
90.949549793
 21
212.299696532
 31
0.000000000
  0
LINE
  5
ACB
330
A02
100
AcDbEntity
  8
S06_Bodywork_Top
100
AcDbLine
 10
97.984283304
 20
213.368525504
 30
0.000000000
 11
94.438741933
 21
212.669983959
 31
0.000000000
  0
LINE
  5
ACC
330
A02
100
AcDbEntity
  8
S06_Bodywork_Top
100
AcDbLine
 10
101.803066720
 20
214.501547259
 30
0.000000000
 11
97.984283304
 21
213.368525504
 31
0.000000000
  0
LINE
  5
ACD
330
A02
100
AcDbEntity
  8
S06_Bodywork_Top
100
AcDbLine
 10
105.500000000
 20
216.000390056
 30
0.000000000
 11
101.803066720
 21
214.501547259
 31
0.000000000
  0
LINE
  5
ACE
330
A02
100
AcDbEntity
  8
S06_Bodywork_Top
100
AcDbLine
 10
68.500000000
 20
230.638139373
 30
0.000000000
 11
68.500000000
 21
232.502720566
 31
0.000000000
  0
LINE
  5
ACF
330
A02
100
AcDbEntity
  8
S06_Bodywork_Top
100
AcDbLine
 10
68.500000000
 20
228.370918401
 30
0.000000000
 11
68.500000000
 21
230.638139373
 31
0.000000000
  0
LINE
  5
AD0
330
A02
100
AcDbEntity
  8
S06_Bodywork_Top
100
AcDbLine
 10
68.500000000
 20
224.226310161
 30
0.000000000
 11
68.500000000
 21
228.370918401
 31
0.000000000
  0
LINE
  5
AD1
330
A02
100
AcDbEntity
  8
S06_Bodywork_Top
100
AcDbLine
 10
68.500000000
 20
220.376257224
 30
0.000000000
 11
68.500000000
 21
224.226310161
 31
0.000000000
  0
LINE
  5
AD2
330
A02
100
AcDbEntity
  8
S06_Bodywork_Top
100
AcDbLine
 10
68.500000000
 20
217.500301187
 30
0.000000000
 11
68.500000000
 21
220.376257224
 31
0.000000000
  0
LINE
  5
AD3
330
A02
100
AcDbEntity
  8
S06_Bodywork_Top
100
AcDbLine
 10
103.281284456
 20
234.952250571
 30
0.000000000
 11
105.500000000
 21
234.003006857
 31
0.000000000
  0
LINE
  5
AD4
330
A02
100
AcDbEntity
  8
S06_Bodywork_Top
100
AcDbLine
 10
101.014178892
 20
235.770272017
 30
0.000000000
 11
103.281284456
 21
234.952250571
 31
0.000000000
  0
LINE
  5
AD5
330
A02
100
AcDbEntity
  8
S06_Bodywork_Top
100
AcDbLine
 10
97.166408636
 20
236.826740572
 30
0.000000000
 11
101.014178892
 21
235.770272017
 31
0.000000000
  0
LINE
  5
AD6
330
A02
100
AcDbEntity
  8
S06_Bodywork_Top
100
AcDbLine
 10
93.379469284
 20
237.479871340
 30
0.000000000
 11
97.166408636
 21
236.826740572
 31
0.000000000
  0
LINE
  5
AD7
330
A02
100
AcDbEntity
  8
S06_Bodywork_Top
100
AcDbLine
 10
89.662211267
 20
237.763968035
 30
0.000000000
 11
93.379469284
 21
237.479871340
 31
0.000000000
  0
LINE
  5
AD8
330
A02
100
AcDbEntity
  8
S06_Bodywork_Top
100
AcDbLine
 10
86.291449532
 20
237.722309145
 30
0.000000000
 11
89.662211267
 21
237.763968035
 31
0.000000000
  0
LINE
  5
AD9
330
A02
100
AcDbEntity
  8
S06_Bodywork_Top
100
AcDbLine
 10
82.827609848
 20
237.382194980
 30
0.000000000
 11
86.291449532
 21
237.722309145
 31
0.000000000
  0
LINE
  5
ADA
330
A02
100
AcDbEntity
  8
S06_Bodywork_Top
100
AcDbLine
 10
79.292972890
 20
236.716629071
 30
0.000000000
 11
82.827609848
 21
237.382194980
 31
0.000000000
  0
LINE
  5
ADB
330
A02
100
AcDbEntity
  8
S06_Bodywork_Top
100
AcDbLine
 10
75.794591360
 20
235.726890736
 30
0.000000000
 11
79.292972890
 21
236.716629071
 31
0.000000000
  0
LINE
  5
ADC
330
A02
100
AcDbEntity
  8
S06_Bodywork_Top
100
AcDbLine
 10
72.074245899
 20
234.289638518
 30
0.000000000
 11
75.794591360
 21
235.726890736
 31
0.000000000
  0
LINE
  5
ADD
330
A02
100
AcDbEntity
  8
S06_Bodywork_Top
100
AcDbLine
 10
68.500000000
 20
232.502720566
 30
0.000000000
 11
72.074245899
 21
234.289638518
 31
0.000000000
  0
LINE
  5
ADE
330
A02
100
AcDbEntity
  8
S06_Bodywork_Top
100
AcDbLine
 10
105.500000000
 20
232.436058310
 30
0.000000000
 11
105.500000000
 21
234.003006857
 31
0.000000000
  0
LINE
  5
ADF
330
A02
100
AcDbEntity
  8
S06_Bodywork_Top
100
AcDbLine
 10
105.500000000
 20
232.413334668
 30
0.000000000
 11
105.500000000
 21
232.436058310
 31
0.000000000
  0
LINE
  5
AE0
330
A02
100
AcDbEntity
  8
S06_Bodywork_Top
100
AcDbLine
 10
105.500000000
 20
216.000390056
 30
0.000000000
 11
105.500000000
 21
217.602562170
 31
0.000000000
  0
LINE
  5
AE1
330
A02
100
AcDbEntity
  8
S06_Bodywork_Top
100
AcDbLine
 10
27.500000000
 20
214.755414417
 30
0.000000000
 11
27.500000000
 21
214.750085671
 31
0.000000000
  0
LINE
  5
AE2
330
A02
100
AcDbEntity
  8
S06_Bodywork_Top
100
AcDbLine
 10
27.500000000
 20
214.839565860
 30
0.000000000
 11
27.500000000
 21
214.755414417
 31
0.000000000
  0
LINE
  5
AE3
330
A02
100
AcDbEntity
  8
S06_Bodywork_Top
100
AcDbLine
 10
27.500000000
 20
215.044412382
 30
0.000000000
 11
27.500000000
 21
214.839565860
 31
0.000000000
  0
LINE
  5
AE4
330
A02
100
AcDbEntity
  8
S06_Bodywork_Top
100
AcDbLine
 10
27.500000000
 20
215.432045656
 30
0.000000000
 11
27.500000000
 21
215.044412382
 31
0.000000000
  0
LINE
  5
AE5
330
A02
100
AcDbEntity
  8
S06_Bodywork_Top
100
AcDbLine
 10
27.500000000
 20
216.027769727
 30
0.000000000
 11
27.500000000
 21
215.432045656
 31
0.000000000
  0
LINE
  5
AE6
330
A02
100
AcDbEntity
  8
S06_Bodywork_Top
100
AcDbLine
 10
27.500000000
 20
216.876709144
 30
0.000000000
 11
27.500000000
 21
216.027769727
 31
0.000000000
  0
LINE
  5
AE7
330
A02
100
AcDbEntity
  8
S06_Bodywork_Top
100
AcDbLine
 10
27.500000000
 20
217.527315149
 30
0.000000000
 11
27.500000000
 21
216.876709144
 31
0.000000000
  0
LINE
  5
AE8
330
A02
100
AcDbEntity
  8
S06_Bodywork_Top
100
AcDbLine
 10
27.500000000
 20
218.263890897
 30
0.000000000
 11
27.500000000
 21
217.527315149
 31
0.000000000
  0
LINE
  5
AE9
330
A02
100
AcDbEntity
  8
S06_Bodywork_Top
100
AcDbLine
 10
27.500000000
 20
220.011210335
 30
0.000000000
 11
27.500000000
 21
218.263890897
 31
0.000000000
  0
LINE
  5
AEA
330
A02
100
AcDbEntity
  8
S06_Bodywork_Top
100
AcDbLine
 10
27.500000000
 20
222.084854863
 30
0.000000000
 11
27.500000000
 21
220.011210335
 31
0.000000000
  0
LINE
  5
AEB
330
A02
100
AcDbEntity
  8
S06_Bodywork_Top
100
AcDbLine
 10
27.500000000
 20
226.833407621
 30
0.000000000
 11
27.500000000
 21
222.084854863
 31
0.000000000
  0
LINE
  5
AEC
330
A02
100
AcDbEntity
  8
S06_Bodywork_Top
100
AcDbLine
 10
27.500000000
 20
229.301207914
 30
0.000000000
 11
27.500000000
 21
226.833407621
 31
0.000000000
  0
LINE
  5
AED
330
A02
100
AcDbEntity
  8
S06_Bodywork_Top
100
AcDbLine
 10
27.500000000
 20
231.173809718
 30
0.000000000
 11
27.500000000
 21
229.301207914
 31
0.000000000
  0
LINE
  5
AEE
330
A02
100
AcDbEntity
  8
S06_Bodywork_Top
100
AcDbLine
 10
27.500000000
 20
232.359953000
 30
0.000000000
 11
27.500000000
 21
231.173809718
 31
0.000000000
  0
LINE
  5
AEF
330
A02
100
AcDbEntity
  8
S06_Bodywork_Top
100
AcDbLine
 10
27.500000000
 20
233.177594148
 30
0.000000000
 11
27.500000000
 21
232.359953000
 31
0.000000000
  0
LINE
  5
AF0
330
A02
100
AcDbEntity
  8
S06_Bodywork_Top
100
AcDbLine
 10
27.500000000
 20
233.891114348
 30
0.000000000
 11
27.500000000
 21
233.177594148
 31
0.000000000
  0
LINE
  5
AF1
330
A02
100
AcDbEntity
  8
S06_Bodywork_Top
100
AcDbLine
 10
27.500000000
 20
234.511312709
 30
0.000000000
 11
27.500000000
 21
233.891114348
 31
0.000000000
  0
LINE
  5
AF2
330
A02
100
AcDbEntity
  8
S06_Bodywork_Top
100
AcDbLine
 10
27.500000000
 20
234.980718949
 30
0.000000000
 11
27.500000000
 21
234.511312709
 31
0.000000000
  0
LINE
  5
AF3
330
A02
100
AcDbEntity
  8
S06_Bodywork_Top
100
AcDbLine
 10
27.500000000
 20
235.170570538
 30
0.000000000
 11
27.500000000
 21
234.980718949
 31
0.000000000
  0
LINE
  5
AF4
330
A02
100
AcDbEntity
  8
S06_Bodywork_Top
100
AcDbLine
 10
27.500000000
 20
235.250610146
 30
0.000000000
 11
27.500000000
 21
235.170570538
 31
0.000000000
  0
LINE
  5
AF5
330
A02
100
AcDbEntity
  8
S06_Bodywork_Top
100
AcDbLine
 10
130.000000000
 20
211.034507632
 30
0.000000000
 11
130.000000000
 21
210.975748798
 31
0.000000000
  0
LINE
  5
AF6
330
A02
100
AcDbEntity
  8
S06_Bodywork_Top
100
AcDbLine
 10
130.000000000
 20
211.252045681
 30
0.000000000
 11
130.000000000
 21
211.034507632
 31
0.000000000
  0
LINE
  5
AF7
330
A02
100
AcDbEntity
  8
S06_Bodywork_Top
100
AcDbLine
 10
130.000000000
 20
211.712842910
 30
0.000000000
 11
130.000000000
 21
211.252045681
 31
0.000000000
  0
LINE
  5
AF8
330
A02
100
AcDbEntity
  8
S06_Bodywork_Top
100
AcDbLine
 10
130.000000000
 20
212.287828982
 30
0.000000000
 11
130.000000000
 21
211.712842910
 31
0.000000000
  0
LINE
  5
AF9
330
A02
100
AcDbEntity
  8
S06_Bodywork_Top
100
AcDbLine
 10
130.000000000
 20
213.085361079
 30
0.000000000
 11
130.000000000
 21
212.287828982
 31
0.000000000
  0
LINE
  5
AFA
330
A02
100
AcDbEntity
  8
S06_Bodywork_Top
100
AcDbLine
 10
130.000000000
 20
213.587386690
 30
0.000000000
 11
130.000000000
 21
213.085361079
 31
0.000000000
  0
LINE
  5
AFB
330
A02
100
AcDbEntity
  8
S06_Bodywork_Top
100
AcDbLine
 10
130.000000000
 20
237.175991941
 30
0.000000000
 11
130.000000000
 21
236.385352012
 31
0.000000000
  0
LINE
  5
AFC
330
A02
100
AcDbEntity
  8
S06_Bodywork_Top
100
AcDbLine
 10
130.000000000
 20
236.380095556
 30
0.000000000
 11
130.000000000
 21
236.378576215
 31
0.000000000
  0
LINE
  5
AFD
330
A02
100
AcDbEntity
  8
S06_Bodywork_Top
100
AcDbLine
 10
130.000000000
 20
238.000750460
 30
0.000000000
 11
130.000000000
 21
237.175991941
 31
0.000000000
  0
LINE
  5
AFE
330
A02
100
AcDbEntity
  8
S06_Bodywork_Top
100
AcDbLine
 10
130.000000000
 20
238.606583266
 30
0.000000000
 11
130.000000000
 21
238.000750460
 31
0.000000000
  0
LINE
  5
AFF
330
A02
100
AcDbEntity
  8
S06_Bodywork_Top
100
AcDbLine
 10
130.000000000
 20
238.884410167
 30
0.000000000
 11
130.000000000
 21
238.606583266
 31
0.000000000
  0
LINE
  5
B00
330
A02
100
AcDbEntity
  8
S06_Bodywork_Top
100
AcDbLine
 10
130.000000000
 20
239.000000000
 30
0.000000000
 11
130.000000000
 21
238.884410167
 31
0.000000000
  0
LINE
  5
B01
330
A02
100
AcDbEntity
  8
S06_Bodywork_Top
100
AcDbLine
 10
34.302192345
 20
235.567180196
 30
0.000000000
 11
36.134490355
 21
235.817462554
 31
0.000000000
  0
LINE
  5
B02
330
A02
100
AcDbEntity
  8
S06_Bodywork_Top
100
AcDbLine
 10
34.115688942
 20
235.550560002
 30
0.000000000
 11
34.298570144
 21
235.566857405
 31
0.000000000
  0
LINE
  5
B03
330
A02
100
AcDbEntity
  8
S06_Bodywork_Top
100
AcDbLine
 10
180.500000000
 20
264.500000000
 30
0.000000000
 11
180.500000000
 21
264.900000000
 31
0.000000000
  0
LINE
  5
B04
330
A02
100
AcDbEntity
  8
S06_Bodywork_Top
100
AcDbLine
 10
180.500000000
 20
264.900000000
 30
0.000000000
 11
77.500000000
 21
264.900000000
 31
0.000000000
  0
LINE
  5
B05
330
A02
100
AcDbEntity
  8
S06_Bodywork_Top
100
AcDbLine
 10
180.500000000
 20
264.500000000
 30
0.000000000
 11
77.500000000
 21
264.500000000
 31
0.000000000
  0
LINE
  5
B06
330
A02
100
AcDbEntity
  8
S06_Bodywork_Top
100
AcDbLine
 10
77.500000000
 20
264.900000000
 30
0.000000000
 11
72.500000000
 21
264.900000000
 31
0.000000000
  0
LINE
  5
B07
330
A02
100
AcDbEntity
  8
S06_Bodywork_Top
100
AcDbLine
 10
77.500000000
 20
264.500000000
 30
0.000000000
 11
72.500000000
 21
264.500000000
 31
0.000000000
  0
LINE
  5
B08
330
A02
100
AcDbEntity
  8
S06_Bodywork_Top
100
AcDbLine
 10
77.500000000
 20
264.500000000
 30
0.000000000
 11
77.500000000
 21
264.900000000
 31
0.000000000
  0
LINE
  5
B09
330
A02
100
AcDbEntity
  8
S06_Bodywork_Top
100
AcDbLine
 10
180.500000000
 20
185.100000000
 30
0.000000000
 11
77.500000000
 21
185.100000000
 31
0.000000000
  0
LINE
  5
B0A
330
A02
100
AcDbEntity
  8
S06_Bodywork_Top
100
AcDbLine
 10
180.500000000
 20
185.100000000
 30
0.000000000
 11
180.500000000
 21
185.500000000
 31
0.000000000
  0
LINE
  5
B0B
330
A02
100
AcDbEntity
  8
S06_Bodywork_Top
100
AcDbLine
 10
180.500000000
 20
185.500000000
 30
0.000000000
 11
77.500000000
 21
185.500000000
 31
0.000000000
  0
LINE
  5
B0C
330
A02
100
AcDbEntity
  8
S06_Bodywork_Top
100
AcDbLine
 10
77.500000000
 20
185.500000000
 30
0.000000000
 11
72.500000000
 21
185.500000000
 31
0.000000000
  0
LINE
  5
B0D
330
A02
100
AcDbEntity
  8
S06_Bodywork_Top
100
AcDbLine
 10
77.500000000
 20
185.100000000
 30
0.000000000
 11
72.500000000
 21
185.100000000
 31
0.000000000
  0
LINE
  5
B0E
330
A02
100
AcDbEntity
  8
S06_Bodywork_Top
100
AcDbLine
 10
77.500000000
 20
185.100000000
 30
0.000000000
 11
77.500000000
 21
185.500000000
 31
0.000000000
  0
LINE
  5
B0F
330
A02
100
AcDbEntity
  8
S06_Bodywork_Top
100
AcDbLine
 10
72.500000000
 20
264.500000000
 30
0.000000000
 11
72.500000000
 21
264.900000000
 31
0.000000000
  0
LINE
  5
B10
330
A02
100
AcDbEntity
  8
S06_Bodywork_Top
100
AcDbLine
 10
72.500000000
 20
185.100000000
 30
0.000000000
 11
72.500000000
 21
185.500000000
 31
0.000000000
  0
LINE
  5
B11
330
A02
100
AcDbEntity
  8
S06_Bodywork_Top
100
AcDbLine
 10
190.000000000
 20
252.000000000
 30
0.000000000
 11
190.000000000
 21
231.377667278
 31
0.000000000
  0
LINE
  5
B12
330
A02
100
AcDbEntity
  8
S06_Bodywork_Top
100
AcDbLine
 10
190.000000000
 20
218.616894690
 30
0.000000000
 11
190.000000000
 21
198.000000000
 31
0.000000000
  0
LINE
  5
B13
330
A02
100
AcDbEntity
  8
S06_Bodywork_Top
100
AcDbLine
 10
190.000000000
 20
198.000000000
 30
0.000000000
 11
189.000000000
 21
190.500000000
 31
0.000000000
  0
LINE
  5
B14
330
A02
100
AcDbEntity
  8
S06_Bodywork_Top
100
AcDbLine
 10
189.000000000
 20
259.500000000
 30
0.000000000
 11
190.000000000
 21
252.000000000
 31
0.000000000
  0
LINE
  5
B15
330
A02
100
AcDbEntity
  8
S06_Bodywork_Top
100
AcDbLine
 10
189.000000000
 20
190.500000000
 30
0.000000000
 11
181.500000000
 21
185.000000000
 31
0.000000000
  0
LINE
  5
B16
330
A02
100
AcDbEntity
  8
S06_Bodywork_Top
100
AcDbLine
 10
181.500000000
 20
265.000000000
 30
0.000000000
 11
189.000000000
 21
259.500000000
 31
0.000000000
  0
LINE
  5
B17
330
A02
100
AcDbEntity
  8
S06_Bodywork_Top
100
AcDbLine
 10
181.500000000
 20
185.000000000
 30
0.000000000
 11
71.500000000
 21
185.000000000
 31
0.000000000
  0
LINE
  5
B18
330
A02
100
AcDbEntity
  8
S06_Bodywork_Top
100
AcDbLine
 10
71.500000000
 20
265.000000000
 30
0.000000000
 11
181.500000000
 21
265.000000000
 31
0.000000000
  0
LINE
  5
B19
330
A02
100
AcDbEntity
  8
S06_Bodywork_Top
100
AcDbLine
 10
71.500000000
 20
185.000000000
 30
0.000000000
 11
58.500000000
 21
190.000000000
 31
0.000000000
  0
LINE
  5
B1A
330
A02
100
AcDbEntity
  8
S06_Bodywork_Top
100
AcDbLine
 10
58.500000000
 20
260.000000000
 30
0.000000000
 11
71.500000000
 21
265.000000000
 31
0.000000000
  0
LINE
  5
B1B
330
A02
100
AcDbEntity
  8
S06_Bodywork_Top
100
AcDbLine
 10
58.500000000
 20
190.000000000
 30
0.000000000
 11
49.000000000
 21
209.000000000
 31
0.000000000
  0
LINE
  5
B1C
330
A02
100
AcDbEntity
  8
S06_Bodywork_Top
100
AcDbLine
 10
49.000000000
 20
209.000000000
 30
0.000000000
 11
49.000000000
 21
211.685143820
 31
0.000000000
  0
LINE
  5
B1D
330
A02
100
AcDbEntity
  8
S06_Bodywork_Top
100
AcDbLine
 10
49.000000000
 20
238.308323048
 30
0.000000000
 11
49.000000000
 21
241.000000000
 31
0.000000000
  0
LINE
  5
B1E
330
A02
100
AcDbEntity
  8
S06_Bodywork_Top
100
AcDbLine
 10
49.000000000
 20
241.000000000
 30
0.000000000
 11
58.500000000
 21
260.000000000
 31
0.000000000
  0
LINE
  5
B1F
330
A02
100
AcDbEntity
  8
S06_Bodywork_Top
100
AcDbLine
 10
90.429487812
 20
242.643867394
 30
0.000000000
 11
86.523996422
 21
242.707925784
 31
0.000000000
  0
LINE
  5
B20
330
A02
100
AcDbEntity
  8
S06_Bodywork_Top
100
AcDbLine
 10
90.429836692
 20
242.644678166
 30
0.000000000
 11
90.429487812
 21
242.643867394
 31
0.000000000
  0
LINE
  5
B21
330
A02
100
AcDbEntity
  8
S06_Bodywork_Top
100
AcDbLine
 10
161.073861056
 20
235.818725074
 30
0.000000000
 11
157.923389014
 21
236.143099742
 31
0.000000000
  0
LINE
  5
B22
330
A02
100
AcDbEntity
  8
S06_Bodywork_Top
100
AcDbLine
 10
171.217121904
 20
234.896660227
 30
0.000000000
 11
171.166900143
 21
234.900823815
 31
0.000000000
  0
LINE
  5
B23
330
A02
100
AcDbEntity
  8
S06_Bodywork_Top
100
AcDbLine
 10
127.657968008
 20
239.923726583
 30
0.000000000
 11
130.647606328
 21
239.550717732
 31
0.000000000
  0
LINE
  5
B24
330
A02
100
AcDbEntity
  8
S06_Bodywork_Top
100
AcDbLine
 10
161.073861056
 20
235.818725074
 30
0.000000000
 11
163.174211556
 21
235.613758632
 31
0.000000000
  0
LINE
  5
B25
330
A02
100
AcDbEntity
  8
S06_Bodywork_Top
100
AcDbLine
 10
80.297572325
 20
243.076998150
 30
0.000000000
 11
81.045425215
 21
243.036295929
 31
0.000000000
  0
LINE
  5
B26
330
A02
100
AcDbEntity
  8
S06_Bodywork_Top
100
AcDbLine
 10
102.352265408
 20
242.170436984
 30
0.000000000
 11
106.079451478
 21
241.959029112
 31
0.000000000
  0
LINE
  5
B27
330
A02
100
AcDbEntity
  8
S06_Bodywork_Top
100
AcDbLine
 10
102.352265408
 20
242.170436984
 30
0.000000000
 11
98.268809647
 21
242.361455194
 31
0.000000000
  0
LINE
  5
B28
330
A02
100
AcDbEntity
  8
S06_Bodywork_Top
100
AcDbLine
 10
153.286677033
 20
236.658125862
 30
0.000000000
 11
155.418092969
 21
236.416463260
 31
0.000000000
  0
LINE
  5
B29
330
A02
100
AcDbEntity
  8
S06_Bodywork_Top
100
AcDbLine
 10
155.418092969
 20
236.416463260
 30
0.000000000
 11
157.923389014
 21
236.143099742
 31
0.000000000
  0
LINE
  5
B2A
330
A02
100
AcDbEntity
  8
S06_Bodywork_Top
100
AcDbLine
 10
146.538739331
 20
237.479151031
 30
0.000000000
 11
144.226527943
 21
237.775243329
 31
0.000000000
  0
LINE
  5
B2B
330
A02
100
AcDbEntity
  8
S06_Bodywork_Top
100
AcDbLine
 10
90.429836692
 20
242.644678166
 30
0.000000000
 11
92.973455262
 21
242.559565081
 31
0.000000000
  0
LINE
  5
B2C
330
A02
100
AcDbEntity
  8
S06_Bodywork_Top
100
AcDbLine
 10
95.696470584
 20
242.462876107
 30
0.000000000
 11
98.268809647
 21
242.361455194
 31
0.000000000
  0
LINE
  5
B2D
330
A02
100
AcDbEntity
  8
S06_Bodywork_Top
100
AcDbLine
 10
182.510884342
 20
233.903559431
 30
0.000000000
 11
185.695464872
 21
233.562827775
 31
0.000000000
  0
LINE
  5
B2E
330
A02
100
AcDbEntity
  8
S06_Bodywork_Top
100
AcDbLine
 10
187.285012680
 20
233.371432460
 30
0.000000000
 11
185.695464872
 21
233.562827775
 31
0.000000000
  0
LINE
  5
B2F
330
A02
100
AcDbEntity
  8
S06_Bodywork_Top
100
AcDbLine
 10
92.973455262
 20
242.559565081
 30
0.000000000
 11
94.331356259
 21
242.512641914
 31
0.000000000
  0
LINE
  5
B30
330
A02
100
AcDbEntity
  8
S06_Bodywork_Top
100
AcDbLine
 10
94.331356259
 20
242.512641914
 30
0.000000000
 11
95.696470584
 21
242.462876107
 31
0.000000000
  0
LINE
  5
B31
330
A02
100
AcDbEntity
  8
S06_Bodywork_Top
100
AcDbLine
 10
85.647256626
 20
242.761400334
 30
0.000000000
 11
86.523996422
 21
242.707925784
 31
0.000000000
  0
LINE
  5
B32
330
A02
100
AcDbEntity
  8
S06_Bodywork_Top
100
AcDbLine
 10
82.645320549
 20
242.952704867
 30
0.000000000
 11
85.647256626
 21
242.761400334
 31
0.000000000
  0
LINE
  5
B33
330
A02
100
AcDbEntity
  8
S06_Bodywork_Top
100
AcDbLine
 10
75.845395826
 20
260.822008135
 30
0.000000000
 11
75.000000000
 21
260.533609857
 31
0.000000000
  0
LINE
  5
B34
330
A02
100
AcDbEntity
  8
S06_Bodywork_Top
100
AcDbLine
 10
75.845395826
 20
260.822008135
 30
0.000000000
 11
77.052858618
 21
261.204327729
 31
0.000000000
  0
LINE
  5
B35
330
A02
100
AcDbEntity
  8
S06_Bodywork_Top
100
AcDbLine
 10
79.121620751
 20
261.782217949
 30
0.000000000
 11
77.052858618
 21
261.204327729
 31
0.000000000
  0
LINE
  5
B36
330
A02
100
AcDbEntity
  8
S06_Bodywork_Top
100
AcDbLine
 10
96.999344440
 20
263.746182210
 30
0.000000000
 11
95.083810252
 21
263.742586323
 31
0.000000000
  0
LINE
  5
B37
330
A02
100
AcDbEntity
  8
S06_Bodywork_Top
100
AcDbLine
 10
93.365442606
 20
263.703268019
 30
0.000000000
 11
95.083810252
 21
263.742586323
 31
0.000000000
  0
LINE
  5
B38
330
A02
100
AcDbEntity
  8
S06_Bodywork_Top
100
AcDbLine
 10
98.701135799
 20
263.716402510
 30
0.000000000
 11
96.999344440
 21
263.746182210
 31
0.000000000
  0
LINE
  5
B39
330
A02
100
AcDbEntity
  8
S06_Bodywork_Top
100
AcDbLine
 10
99.936958625
 20
263.676377815
 30
0.000000000
 11
98.701135799
 21
263.716402510
 31
0.000000000
  0
LINE
  5
B3A
330
A02
100
AcDbEntity
  8
S06_Bodywork_Top
100
AcDbLine
 10
99.936958625
 20
263.676377815
 30
0.000000000
 11
100.925849785
 21
263.634224353
 31
0.000000000
  0
LINE
  5
B3B
330
A02
100
AcDbEntity
  8
S06_Bodywork_Top
100
AcDbLine
 10
103.298542375
 20
263.495464643
 30
0.000000000
 11
100.925849785
 21
263.634224353
 31
0.000000000
  0
LINE
  5
B3C
330
A02
100
AcDbEntity
  8
S06_Bodywork_Top
100
AcDbLine
 10
119.031160131
 20
261.486393574
 30
0.000000000
 11
116.059953424
 21
261.990962221
 31
0.000000000
  0
LINE
  5
B3D
330
A02
100
AcDbEntity
  8
S06_Bodywork_Top
100
AcDbLine
 10
120.510425152
 20
261.216570267
 30
0.000000000
 11
119.031160131
 21
261.486393574
 31
0.000000000
  0
LINE
  5
B3E
330
A02
100
AcDbEntity
  8
S06_Bodywork_Top
100
AcDbLine
 10
120.776737609
 20
261.166730057
 30
0.000000000
 11
120.510425152
 21
261.216570267
 31
0.000000000
  0
LINE
  5
B3F
330
A02
100
AcDbEntity
  8
S06_Bodywork_Top
100
AcDbLine
 10
122.611457955
 20
260.813523140
 30
0.000000000
 11
120.776737609
 21
261.166730057
 31
0.000000000
  0
LINE
  5
B40
330
A02
100
AcDbEntity
  8
S06_Bodywork_Top
100
AcDbLine
 10
127.230835992
 20
259.849256038
 30
0.000000000
 11
122.611457955
 21
260.813523140
 31
0.000000000
  0
LINE
  5
B41
330
A02
100
AcDbEntity
  8
S06_Bodywork_Top
100
AcDbLine
 10
189.865158547
 20
239.057820777
 30
0.000000000
 11
184.358857920
 21
241.369546667
 31
0.000000000
  0
LINE
  5
B42
330
A02
100
AcDbEntity
  8
S06_Bodywork_Top
100
AcDbLine
 10
189.865158547
 20
239.057820777
 30
0.000000000
 11
190.000000000
 21
239.000250046
 31
0.000000000
  0
LINE
  5
B43
330
A02
100
AcDbEntity
  8
S06_Bodywork_Top
100
AcDbLine
 10
178.738637573
 20
234.256882381
 30
0.000000000
 11
182.510884342
 21
233.903559431
 31
0.000000000
  0
LINE
  5
B44
330
A02
100
AcDbEntity
  8
S06_Bodywork_Top
100
AcDbLine
 10
178.738637573
 20
234.256882381
 30
0.000000000
 11
176.898861257
 21
234.417362852
 31
0.000000000
  0
LINE
  5
B45
330
A02
100
AcDbEntity
  8
S06_Bodywork_Top
100
AcDbLine
 10
158.656261051
 20
251.010556188
 30
0.000000000
 11
162.244337240
 21
249.785424806
 31
0.000000000
  0
LINE
  5
B46
330
A02
100
AcDbEntity
  8
S06_Bodywork_Top
100
AcDbLine
 10
80.334058443
 20
262.079288643
 30
0.000000000
 11
79.121620751
 21
261.782217949
 31
0.000000000
  0
LINE
  5
B47
330
A02
100
AcDbEntity
  8
S06_Bodywork_Top
100
AcDbLine
 10
82.382918940
 20
262.516951323
 30
0.000000000
 11
80.334058443
 21
262.079288643
 31
0.000000000
  0
LINE
  5
B48
330
A02
100
AcDbEntity
  8
S06_Bodywork_Top
100
AcDbLine
 10
83.003522934
 20
262.634025767
 30
0.000000000
 11
82.382918940
 21
262.516951323
 31
0.000000000
  0
LINE
  5
B49
330
A02
100
AcDbEntity
  8
S06_Bodywork_Top
100
AcDbLine
 10
84.114987302
 20
262.828362110
 30
0.000000000
 11
83.003522934
 21
262.634025767
 31
0.000000000
  0
LINE
  5
B4A
330
A02
100
AcDbEntity
  8
S06_Bodywork_Top
100
AcDbLine
 10
85.717623581
 20
263.070531435
 30
0.000000000
 11
84.114987302
 21
262.828362110
 31
0.000000000
  0
LINE
  5
B4B
330
A02
100
AcDbEntity
  8
S06_Bodywork_Top
100
AcDbLine
 10
91.202392546
 20
263.605223383
 30
0.000000000
 11
90.267700741
 21
263.543907895
 31
0.000000000
  0
LINE
  5
B4C
330
A02
100
AcDbEntity
  8
S06_Bodywork_Top
100
AcDbLine
 10
92.425210329
 20
263.667896738
 30
0.000000000
 11
93.365442606
 21
263.703268019
 31
0.000000000
  0
LINE
  5
B4D
330
A02
100
AcDbEntity
  8
S06_Bodywork_Top
100
AcDbLine
 10
92.425210329
 20
263.667896738
 30
0.000000000
 11
91.202392546
 21
263.605223383
 31
0.000000000
  0
LINE
  5
B4E
330
A02
100
AcDbEntity
  8
S06_Bodywork_Top
100
AcDbLine
 10
107.358885510
 20
263.146642384
 30
0.000000000
 11
105.561074029
 21
263.317591239
 31
0.000000000
  0
LINE
  5
B4F
330
A02
100
AcDbEntity
  8
S06_Bodywork_Top
100
AcDbLine
 10
109.090037768
 20
262.958575912
 30
0.000000000
 11
107.358885510
 21
263.146642384
 31
0.000000000
  0
LINE
  5
B50
330
A02
100
AcDbEntity
  8
S06_Bodywork_Top
100
AcDbLine
 10
110.844488590
 20
262.745702600
 30
0.000000000
 11
109.090037768
 21
262.958575912
 31
0.000000000
  0
LINE
  5
B51
330
A02
100
AcDbEntity
  8
S06_Bodywork_Top
100
AcDbLine
 10
113.794089787
 20
262.340313332
 30
0.000000000
 11
116.059953424
 21
261.990962221
 31
0.000000000
  0
LINE
  5
B52
330
A02
100
AcDbEntity
  8
S06_Bodywork_Top
100
AcDbLine
 10
128.416530071
 20
259.585237793
 30
0.000000000
 11
127.230835992
 21
259.849256038
 31
0.000000000
  0
LINE
  5
B53
330
A02
100
AcDbEntity
  8
S06_Bodywork_Top
100
AcDbLine
 10
128.813362013
 20
259.495676421
 30
0.000000000
 11
128.416530071
 21
259.585237793
 31
0.000000000
  0
LINE
  5
B54
330
A02
100
AcDbEntity
  8
S06_Bodywork_Top
100
AcDbLine
 10
130.511682491
 20
259.104507742
 30
0.000000000
 11
128.813362013
 21
259.495676421
 31
0.000000000
  0
LINE
  5
B55
330
A02
100
AcDbEntity
  8
S06_Bodywork_Top
100
AcDbLine
 10
135.457123746
 20
257.894269478
 30
0.000000000
 11
130.511682491
 21
259.104507742
 31
0.000000000
  0
LINE
  5
B56
330
A02
100
AcDbEntity
  8
S06_Bodywork_Top
100
AcDbLine
 10
137.090470802
 20
257.472308760
 30
0.000000000
 11
135.457123746
 21
257.894269478
 31
0.000000000
  0
LINE
  5
B57
330
A02
100
AcDbEntity
  8
S06_Bodywork_Top
100
AcDbLine
 10
177.878538660
 20
243.984731341
 30
0.000000000
 11
178.415651344
 21
243.772404647
 31
0.000000000
  0
LINE
  5
B58
330
A02
100
AcDbEntity
  8
S06_Bodywork_Top
100
AcDbLine
 10
177.878538660
 20
243.984731341
 30
0.000000000
 11
177.264417697
 21
244.226435094
 31
0.000000000
  0
LINE
  5
B59
330
A02
100
AcDbEntity
  8
S06_Bodywork_Top
100
AcDbLine
 10
171.166900143
 20
234.900823815
 30
0.000000000
 11
171.120472401
 21
234.904778485
 31
0.000000000
  0
LINE
  5
B5A
330
A02
100
AcDbEntity
  8
S06_Bodywork_Top
100
AcDbLine
 10
157.965732281
 20
251.241534160
 30
0.000000000
 11
149.347313576
 21
253.995206094
 31
0.000000000
  0
LINE
  5
B5B
330
A02
100
AcDbEntity
  8
S06_Bodywork_Top
100
AcDbLine
 10
174.191263234
 20
234.646793729
 30
0.000000000
 11
176.898861257
 21
234.417362852
 31
0.000000000
  0
LINE
  5
B5C
330
A02
100
AcDbEntity
  8
S06_Bodywork_Top
100
AcDbLine
 10
158.114950152
 20
251.191667114
 30
0.000000000
 11
157.965732281
 21
251.241534160
 31
0.000000000
  0
LINE
  5
B5D
330
A02
100
AcDbEntity
  8
S06_Bodywork_Top
100
AcDbLine
 10
158.145605269
 20
251.181425784
 30
0.000000000
 11
158.114950152
 21
251.191667114
 31
0.000000000
  0
LINE
  5
B5E
330
A02
100
AcDbEntity
  8
S06_Bodywork_Top
100
AcDbLine
 10
158.145605269
 20
251.181425784
 30
0.000000000
 11
158.656261051
 21
251.010556188
 31
0.000000000
  0
LINE
  5
B5F
330
A02
100
AcDbEntity
  8
S06_Bodywork_Top
100
AcDbLine
 10
87.554724102
 20
263.297121253
 30
0.000000000
 11
85.717623581
 21
263.070531435
 31
0.000000000
  0
LINE
  5
B60
330
A02
100
AcDbEntity
  8
S06_Bodywork_Top
100
AcDbLine
 10
88.009721771
 20
263.345656397
 30
0.000000000
 11
87.554724102
 21
263.297121253
 31
0.000000000
  0
LINE
  5
B61
330
A02
100
AcDbEntity
  8
S06_Bodywork_Top
100
AcDbLine
 10
88.471046563
 20
263.391699289
 30
0.000000000
 11
88.009721771
 21
263.345656397
 31
0.000000000
  0
LINE
  5
B62
330
A02
100
AcDbEntity
  8
S06_Bodywork_Top
100
AcDbLine
 10
88.471046563
 20
263.391699289
 30
0.000000000
 11
90.267700741
 21
263.543907895
 31
0.000000000
  0
LINE
  5
B63
330
A02
100
AcDbEntity
  8
S06_Bodywork_Top
100
AcDbLine
 10
105.038439217
 20
263.362460421
 30
0.000000000
 11
103.298542375
 21
263.495464643
 31
0.000000000
  0
LINE
  5
B64
330
A02
100
AcDbEntity
  8
S06_Bodywork_Top
100
AcDbLine
 10
105.038439217
 20
263.362460421
 30
0.000000000
 11
105.561074029
 21
263.317591239
 31
0.000000000
  0
LINE
  5
B65
330
A02
100
AcDbEntity
  8
S06_Bodywork_Top
100
AcDbLine
 10
127.140487639
 20
239.986305160
 30
0.000000000
 11
127.657968008
 21
239.923726583
 31
0.000000000
  0
LINE
  5
B66
330
A02
100
AcDbEntity
  8
S06_Bodywork_Top
100
AcDbLine
 10
111.964828040
 20
262.598547806
 30
0.000000000
 11
110.844488590
 21
262.745702600
 31
0.000000000
  0
LINE
  5
B67
330
A02
100
AcDbEntity
  8
S06_Bodywork_Top
100
AcDbLine
 10
112.399610317
 20
262.539153028
 30
0.000000000
 11
111.964828040
 21
262.598547806
 31
0.000000000
  0
LINE
  5
B68
330
A02
100
AcDbEntity
  8
S06_Bodywork_Top
100
AcDbLine
 10
112.734672353
 20
262.492525923
 30
0.000000000
 11
112.399610317
 21
262.539153028
 31
0.000000000
  0
LINE
  5
B69
330
A02
100
AcDbEntity
  8
S06_Bodywork_Top
100
AcDbLine
 10
112.734672353
 20
262.492525923
 30
0.000000000
 11
113.794089787
 21
262.340313332
 31
0.000000000
  0
LINE
  5
B6A
330
A02
100
AcDbEntity
  8
S06_Bodywork_Top
100
AcDbLine
 10
139.720868915
 20
238.365031710
 30
0.000000000
 11
140.832101458
 21
238.218842090
 31
0.000000000
  0
LINE
  5
B6B
330
A02
100
AcDbEntity
  8
S06_Bodywork_Top
100
AcDbLine
 10
137.715790794
 20
257.308179513
 30
0.000000000
 11
137.090470802
 21
257.472308760
 31
0.000000000
  0
LINE
  5
B6C
330
A02
100
AcDbEntity
  8
S06_Bodywork_Top
100
AcDbLine
 10
137.997383292
 20
257.233771284
 30
0.000000000
 11
137.715790794
 21
257.308179513
 31
0.000000000
  0
LINE
  5
B6D
330
A02
100
AcDbEntity
  8
S06_Bodywork_Top
100
AcDbLine
 10
138.209247598
 20
257.177366447
 30
0.000000000
 11
137.997383292
 21
257.233771284
 31
0.000000000
  0
LINE
  5
B6E
330
A02
100
AcDbEntity
  8
S06_Bodywork_Top
100
AcDbLine
 10
138.451805180
 20
257.112271380
 30
0.000000000
 11
138.209247598
 21
257.177366447
 31
0.000000000
  0
LINE
  5
B6F
330
A02
100
AcDbEntity
  8
S06_Bodywork_Top
100
AcDbLine
 10
139.071007086
 20
256.947133966
 30
0.000000000
 11
138.451805180
 21
257.112271380
 31
0.000000000
  0
LINE
  5
B70
330
A02
100
AcDbEntity
  8
S06_Bodywork_Top
100
AcDbLine
 10
148.008911089
 20
254.400413354
 30
0.000000000
 11
139.071007086
 21
256.947133966
 31
0.000000000
  0
LINE
  5
B71
330
A02
100
AcDbEntity
  8
S06_Bodywork_Top
100
AcDbLine
 10
164.224385447
 20
235.514468885
 30
0.000000000
 11
163.174211556
 21
235.613758632
 31
0.000000000
  0
LINE
  5
B72
330
A02
100
AcDbEntity
  8
S06_Bodywork_Top
100
AcDbLine
 10
164.224385447
 20
235.514468885
 30
0.000000000
 11
167.374728505
 21
235.228034154
 31
0.000000000
  0
LINE
  5
B73
330
A02
100
AcDbEntity
  8
S06_Bodywork_Top
100
AcDbLine
 10
148.101659509
 20
254.372631766
 30
0.000000000
 11
148.008911089
 21
254.400413354
 31
0.000000000
  0
LINE
  5
B74
330
A02
100
AcDbEntity
  8
S06_Bodywork_Top
100
AcDbLine
 10
169.718533198
 20
235.024420209
 30
0.000000000
 11
171.120472401
 21
234.904778485
 31
0.000000000
  0
LINE
  5
B75
330
A02
100
AcDbEntity
  8
S06_Bodywork_Top
100
AcDbLine
 10
169.718533198
 20
235.024420209
 30
0.000000000
 11
167.374728505
 21
235.228034154
 31
0.000000000
  0
LINE
  5
B76
330
A02
100
AcDbEntity
  8
S06_Bodywork_Top
100
AcDbLine
 10
173.391750903
 20
234.713700975
 30
0.000000000
 11
174.191263234
 21
234.646793729
 31
0.000000000
  0
LINE
  5
B77
330
A02
100
AcDbEntity
  8
S06_Bodywork_Top
100
AcDbLine
 10
173.391750903
 20
234.713700975
 30
0.000000000
 11
171.217121904
 21
234.896660227
 31
0.000000000
  0
LINE
  5
B78
330
A02
100
AcDbEntity
  8
S06_Bodywork_Top
100
AcDbLine
 10
148.772341843
 20
254.169865693
 30
0.000000000
 11
149.347313576
 21
253.995206094
 31
0.000000000
  0
LINE
  5
B79
330
A02
100
AcDbEntity
  8
S06_Bodywork_Top
100
AcDbLine
 10
148.745667725
 20
254.178092243
 30
0.000000000
 11
148.772341843
 21
254.169865693
 31
0.000000000
  0
LINE
  5
B7A
330
A02
100
AcDbEntity
  8
S06_Bodywork_Top
100
AcDbLine
 10
77.919413310
 20
243.239699207
 30
0.000000000
 11
75.000000000
 21
243.498415909
 31
0.000000000
  0
LINE
  5
B7B
330
A02
100
AcDbEntity
  8
S06_Bodywork_Top
100
AcDbLine
 10
77.919413310
 20
243.239699207
 30
0.000000000
 11
78.992304617
 21
243.161251019
 31
0.000000000
  0
LINE
  5
B7C
330
A02
100
AcDbEntity
  8
S06_Bodywork_Top
100
AcDbLine
 10
80.060630232
 20
243.091718579
 30
0.000000000
 11
80.297572325
 21
243.076998150
 31
0.000000000
  0
LINE
  5
B7D
330
A02
100
AcDbEntity
  8
S06_Bodywork_Top
100
AcDbLine
 10
80.060630232
 20
243.091718579
 30
0.000000000
 11
78.992304617
 21
243.161251019
 31
0.000000000
  0
LINE
  5
B7E
330
A02
100
AcDbEntity
  8
S06_Bodywork_Top
100
AcDbLine
 10
81.045425215
 20
243.036295929
 30
0.000000000
 11
82.645320549
 21
242.952704867
 31
0.000000000
  0
LINE
  5
B7F
330
A02
100
AcDbEntity
  8
S06_Bodywork_Top
100
AcDbLine
 10
141.712314375
 20
238.103079964
 30
0.000000000
 11
140.832101458
 21
238.218842090
 31
0.000000000
  0
LINE
  5
B80
330
A02
100
AcDbEntity
  8
S06_Bodywork_Top
100
AcDbLine
 10
141.712314375
 20
238.103079964
 30
0.000000000
 11
144.226527943
 21
237.775243329
 31
0.000000000
  0
LINE
  5
B81
330
A02
100
AcDbEntity
  8
S06_Bodywork_Top
100
AcDbLine
 10
149.493138275
 20
237.110487408
 30
0.000000000
 11
150.124460675
 21
237.033740242
 31
0.000000000
  0
LINE
  5
B82
330
A02
100
AcDbEntity
  8
S06_Bodywork_Top
100
AcDbLine
 10
149.493138275
 20
237.110487408
 30
0.000000000
 11
146.538739331
 21
237.479151031
 31
0.000000000
  0
LINE
  5
B83
330
A02
100
AcDbEntity
  8
S06_Bodywork_Top
100
AcDbLine
 10
150.973376311
 20
236.930951848
 30
0.000000000
 11
150.124460675
 21
237.033740242
 31
0.000000000
  0
LINE
  5
B84
330
A02
100
AcDbEntity
  8
S06_Bodywork_Top
100
AcDbLine
 10
152.224007296
 20
236.782236599
 30
0.000000000
 11
150.973376311
 21
236.930951848
 31
0.000000000
  0
LINE
  5
B85
330
A02
100
AcDbEntity
  8
S06_Bodywork_Top
100
AcDbLine
 10
152.224007296
 20
236.782236599
 30
0.000000000
 11
153.286677033
 21
236.658125862
 31
0.000000000
  0
LINE
  5
B86
330
A02
100
AcDbEntity
  8
S06_Bodywork_Top
100
AcDbLine
 10
148.434694736
 20
254.272358855
 30
0.000000000
 11
148.101659509
 21
254.372631766
 31
0.000000000
  0
LINE
  5
B87
330
A02
100
AcDbEntity
  8
S06_Bodywork_Top
100
AcDbLine
 10
148.554911030
 20
254.235963207
 30
0.000000000
 11
148.745667725
 21
254.178092243
 31
0.000000000
  0
LINE
  5
B88
330
A02
100
AcDbEntity
  8
S06_Bodywork_Top
100
AcDbLine
 10
148.554911030
 20
254.235963207
 30
0.000000000
 11
148.434694736
 21
254.272358855
 31
0.000000000
  0
LINE
  5
B89
330
A02
100
AcDbEntity
  8
S06_Bodywork_Top
100
AcDbLine
 10
132.598396446
 20
239.300283514
 30
0.000000000
 11
135.119319914
 21
238.972222408
 31
0.000000000
  0
LINE
  5
B8A
330
A02
100
AcDbEntity
  8
S06_Bodywork_Top
100
AcDbLine
 10
132.598396446
 20
239.300283514
 30
0.000000000
 11
130.647606328
 21
239.550717732
 31
0.000000000
  0
LINE
  5
B8B
330
A02
100
AcDbEntity
  8
S06_Bodywork_Top
100
AcDbLine
 10
137.263538140
 20
238.689458022
 30
0.000000000
 11
135.119319914
 21
238.972222408
 31
0.000000000
  0
LINE
  5
B8C
330
A02
100
AcDbEntity
  8
S06_Bodywork_Top
100
AcDbLine
 10
138.166426381
 20
238.570584602
 30
0.000000000
 11
139.720868915
 21
238.365031710
 31
0.000000000
  0
LINE
  5
B8D
330
A02
100
AcDbEntity
  8
S06_Bodywork_Top
100
AcDbLine
 10
138.166426381
 20
238.570584602
 30
0.000000000
 11
137.263538140
 21
238.689458022
 31
0.000000000
  0
LINE
  5
B8E
330
A02
100
AcDbEntity
  8
S06_Bodywork_Top
100
AcDbLine
 10
189.243793005
 20
233.079958981
 30
0.000000000
 11
187.285012680
 21
233.371432460
 31
0.000000000
  0
LINE
  5
B8F
330
A02
100
AcDbEntity
  8
S06_Bodywork_Top
100
AcDbLine
 10
189.243793005
 20
233.079958981
 30
0.000000000
 11
190.000000000
 21
233.000238220
 31
0.000000000
  0
LINE
  5
B90
330
A02
100
AcDbEntity
  8
S06_Bodywork_Top
100
AcDbLine
 10
74.956118372
 20
259.202945751
 30
0.000000000
 11
75.000000000
 21
252.460403635
 31
0.000000000
  0
LINE
  5
B91
330
A02
100
AcDbEntity
  8
S06_Bodywork_Top
100
AcDbLine
 10
74.956118372
 20
259.202945751
 30
0.000000000
 11
75.000000000
 21
259.199911504
 31
0.000000000
  0
LINE
  5
B92
330
A02
100
AcDbEntity
  8
S06_Bodywork_Top
100
AcDbLine
 10
86.518730348
 20
186.786490599
 30
0.000000000
 11
90.427964695
 21
186.482509746
 31
0.000000000
  0
LINE
  5
B93
330
A02
100
AcDbEntity
  8
S06_Bodywork_Top
100
AcDbLine
 10
106.100407157
 20
186.759327217
 30
0.000000000
 11
110.005797040
 21
187.177240112
 31
0.000000000
  0
LINE
  5
B94
330
A02
100
AcDbEntity
  8
S06_Bodywork_Top
100
AcDbLine
 10
78.904086490
 20
188.308875926
 30
0.000000000
 11
78.799100014
 21
188.336395180
 31
0.000000000
  0
LINE
  5
B95
330
A02
100
AcDbEntity
  8
S06_Bodywork_Top
100
AcDbLine
 10
80.076609459
 20
188.020233586
 30
0.000000000
 11
78.904086490
 21
188.308875926
 31
0.000000000
  0
LINE
  5
B96
330
A02
100
AcDbEntity
  8
S06_Bodywork_Top
100
AcDbLine
 10
129.338161099
 20
190.635155986
 30
0.000000000
 11
129.337719871
 21
190.636227241
 31
0.000000000
  0
LINE
  5
B97
330
A02
100
AcDbEntity
  8
S06_Bodywork_Top
100
AcDbLine
 10
131.891269277
 20
191.233502497
 30
0.000000000
 11
129.337719871
 21
190.636227241
 31
0.000000000
  0
LINE
  5
B98
330
A02
100
AcDbEntity
  8
S06_Bodywork_Top
100
AcDbLine
 10
144.596047885
 20
194.596727428
 30
0.000000000
 11
146.936404511
 21
195.281419026
 31
0.000000000
  0
LINE
  5
B99
330
A02
100
AcDbEntity
  8
S06_Bodywork_Top
100
AcDbLine
 10
146.936404511
 20
195.281419026
 30
0.000000000
 11
148.106074931
 21
195.630768094
 31
0.000000000
  0
LINE
  5
B9A
330
A02
100
AcDbEntity
  8
S06_Bodywork_Top
100
AcDbLine
 10
148.106074931
 20
195.630768094
 30
0.000000000
 11
149.523032435
 21
196.060239580
 31
0.000000000
  0
LINE
  5
B9B
330
A02
100
AcDbEntity
  8
S06_Bodywork_Top
100
AcDbLine
 10
162.891537313
 20
200.439814948
 30
0.000000000
 11
161.790462136
 21
200.057291682
 31
0.000000000
  0
LINE
  5
B9C
330
A02
100
AcDbEntity
  8
S06_Bodywork_Top
100
AcDbLine
 10
162.891537313
 20
200.439814948
 30
0.000000000
 11
163.558175984
 21
200.673210626
 31
0.000000000
  0
LINE
  5
B9D
330
A02
100
AcDbEntity
  8
S06_Bodywork_Top
100
AcDbLine
 10
164.352855970
 20
200.953336263
 30
0.000000000
 11
167.367032093
 21
202.033511073
 31
0.000000000
  0
LINE
  5
B9E
330
A02
100
AcDbEntity
  8
S06_Bodywork_Top
100
AcDbLine
 10
163.558175984
 20
200.673210626
 30
0.000000000
 11
164.352855970
 21
200.953336263
 31
0.000000000
  0
LINE
  5
B9F
330
A02
100
AcDbEntity
  8
S06_Bodywork_Top
100
AcDbLine
 10
98.265198353
 20
186.310113070
 30
0.000000000
 11
100.813912157
 21
186.395094641
 31
0.000000000
  0
LINE
  5
BA0
330
A02
100
AcDbEntity
  8
S06_Bodywork_Top
100
AcDbLine
 10
103.566487758
 20
186.554704147
 30
0.000000000
 11
106.100407157
 21
186.759327217
 31
0.000000000
  0
LINE
  5
BA1
330
A02
100
AcDbEntity
  8
S06_Bodywork_Top
100
AcDbLine
 10
117.787895569
 20
188.316007970
 30
0.000000000
 11
116.474533528
 21
188.096500332
 31
0.000000000
  0
LINE
  5
BA2
330
A02
100
AcDbEntity
  8
S06_Bodywork_Top
100
AcDbLine
 10
119.130379528
 20
188.550369399
 30
0.000000000
 11
121.645970920
 21
189.016089446
 31
0.000000000
  0
LINE
  5
BA3
330
A02
100
AcDbEntity
  8
S06_Bodywork_Top
100
AcDbLine
 10
100.813912157
 20
186.395094641
 30
0.000000000
 11
102.157282399
 21
186.464601208
 31
0.000000000
  0
LINE
  5
BA4
330
A02
100
AcDbEntity
  8
S06_Bodywork_Top
100
AcDbLine
 10
102.157282399
 20
186.464601208
 30
0.000000000
 11
103.566487758
 21
186.554704147
 31
0.000000000
  0
LINE
  5
BA5
330
A02
100
AcDbEntity
  8
S06_Bodywork_Top
100
AcDbLine
 10
117.787895569
 20
188.316007970
 30
0.000000000
 11
119.130379528
 21
188.550369399
 31
0.000000000
  0
LINE
  5
BA6
330
A02
100
AcDbEntity
  8
S06_Bodywork_Top
100
AcDbLine
 10
85.636978911
 20
186.940510210
 30
0.000000000
 11
86.518730348
 21
186.786490599
 31
0.000000000
  0
LINE
  5
BA7
330
A02
100
AcDbEntity
  8
S06_Bodywork_Top
100
AcDbLine
 10
82.645238118
 20
187.472909014
 30
0.000000000
 11
85.636978911
 21
186.940510210
 31
0.000000000
  0
LINE
  5
BA8
330
A02
100
AcDbEntity
  8
S06_Bodywork_Top
100
AcDbLine
 10
75.937970137
 20
206.625545863
 30
0.000000000
 11
75.000000000
 21
206.533625601
 31
0.000000000
  0
LINE
  5
BA9
330
A02
100
AcDbEntity
  8
S06_Bodywork_Top
100
AcDbLine
 10
75.937970137
 20
206.625545863
 30
0.000000000
 11
77.915328915
 21
206.795250501
 31
0.000000000
  0
LINE
  5
BAA
330
A02
100
AcDbEntity
  8
S06_Bodywork_Top
100
AcDbLine
 10
78.881491349
 20
206.866129592
 30
0.000000000
 11
77.915328915
 21
206.795250501
 31
0.000000000
  0
LINE
  5
BAB
330
A02
100
AcDbEntity
  8
S06_Bodywork_Top
100
AcDbLine
 10
79.201963440
 20
206.887878102
 30
0.000000000
 11
78.881491349
 21
206.866129592
 31
0.000000000
  0
LINE
  5
BAC
330
A02
100
AcDbEntity
  8
S06_Bodywork_Top
100
AcDbLine
 10
81.131686367
 20
207.006297280
 30
0.000000000
 11
79.201963440
 21
206.887878102
 31
0.000000000
  0
LINE
  5
BAD
330
A02
100
AcDbEntity
  8
S06_Bodywork_Top
100
AcDbLine
 10
99.976466665
 20
207.748792781
 30
0.000000000
 11
97.253455877
 21
207.634963597
 31
0.000000000
  0
LINE
  5
BAE
330
A02
100
AcDbEntity
  8
S06_Bodywork_Top
100
AcDbLine
 10
91.682864593
 20
207.435689817
 30
0.000000000
 11
97.253455877
 21
207.634963597
 31
0.000000000
  0
LINE
  5
BAF
330
A02
100
AcDbEntity
  8
S06_Bodywork_Top
100
AcDbLine
 10
113.899358821
 20
187.699287590
 30
0.000000000
 11
110.005797040
 21
187.177240112
 31
0.000000000
  0
LINE
  5
BB0
330
A02
100
AcDbEntity
  8
S06_Bodywork_Top
100
AcDbLine
 10
100.955150241
 20
207.793630181
 30
0.000000000
 11
99.976466665
 21
207.748792781
 31
0.000000000
  0
LINE
  5
BB1
330
A02
100
AcDbEntity
  8
S06_Bodywork_Top
100
AcDbLine
 10
132.382001883
 20
210.781961109
 30
0.000000000
 11
127.808750211
 21
210.233727147
 31
0.000000000
  0
LINE
  5
BB2
330
A02
100
AcDbEntity
  8
S06_Bodywork_Top
100
AcDbLine
 10
175.999318494
 20
215.512947525
 30
0.000000000
 11
164.993370251
 21
214.556922203
 31
0.000000000
  0
LINE
  5
BB3
330
A02
100
AcDbEntity
  8
S06_Bodywork_Top
100
AcDbLine
 10
189.847724572
 20
217.042939629
 30
0.000000000
 11
190.000000000
 21
217.000249635
 31
0.000000000
  0
LINE
  5
BB4
330
A02
100
AcDbEntity
  8
S06_Bodywork_Top
100
AcDbLine
 10
189.847724572
 20
217.042939629
 30
0.000000000
 11
183.904362884
 21
216.240946895
 31
0.000000000
  0
LINE
  5
BB5
330
A02
100
AcDbEntity
  8
S06_Bodywork_Top
100
AcDbLine
 10
174.950091641
 20
204.873802621
 30
0.000000000
 11
178.100071772
 21
206.103859259
 31
0.000000000
  0
LINE
  5
BB6
330
A02
100
AcDbEntity
  8
S06_Bodywork_Top
100
AcDbLine
 10
174.950091641
 20
204.873802621
 30
0.000000000
 11
173.180963179
 21
204.195760105
 31
0.000000000
  0
LINE
  5
BB7
330
A02
100
AcDbEntity
  8
S06_Bodywork_Top
100
AcDbLine
 10
178.733997904
 20
206.354817382
 30
0.000000000
 11
178.100071772
 21
206.103859259
 31
0.000000000
  0
LINE
  5
BB8
330
A02
100
AcDbEntity
  8
S06_Bodywork_Top
100
AcDbLine
 10
180.660293977
 20
207.124486634
 30
0.000000000
 11
182.507572358
 21
207.872650787
 31
0.000000000
  0
LINE
  5
BB9
330
A02
100
AcDbEntity
  8
S06_Bodywork_Top
100
AcDbLine
 10
180.660293977
 20
207.124486634
 30
0.000000000
 11
178.733997904
 21
206.354817382
 31
0.000000000
  0
LINE
  5
BBA
330
A02
100
AcDbEntity
  8
S06_Bodywork_Top
100
AcDbLine
 10
77.526800215
 20
188.691970734
 30
0.000000000
 11
75.000000000
 21
189.498416169
 31
0.000000000
  0
LINE
  5
BBB
330
A02
100
AcDbEntity
  8
S06_Bodywork_Top
100
AcDbLine
 10
77.526800215
 20
188.691970734
 30
0.000000000
 11
78.765617632
 21
188.346480814
 31
0.000000000
  0
LINE
  5
BBC
330
A02
100
AcDbEntity
  8
S06_Bodywork_Top
100
AcDbLine
 10
80.431125187
 20
187.936860762
 30
0.000000000
 11
80.076609459
 21
188.020233586
 31
0.000000000
  0
LINE
  5
BBD
330
A02
100
AcDbEntity
  8
S06_Bodywork_Top
100
AcDbLine
 10
80.431125187
 20
187.936860762
 30
0.000000000
 11
82.645238118
 21
187.472909014
 31
0.000000000
  0
LINE
  5
BBE
330
A02
100
AcDbEntity
  8
S06_Bodywork_Top
100
AcDbLine
 10
82.411131534
 20
207.075206376
 30
0.000000000
 11
81.131686367
 21
207.006297280
 31
0.000000000
  0
LINE
  5
BBF
330
A02
100
AcDbEntity
  8
S06_Bodywork_Top
100
AcDbLine
 10
83.941767042
 20
207.149608413
 30
0.000000000
 11
82.411131534
 21
207.075206376
 31
0.000000000
  0
LINE
  5
BC0
330
A02
100
AcDbEntity
  8
S06_Bodywork_Top
100
AcDbLine
 10
86.224426980
 20
207.244419352
 30
0.000000000
 11
83.941767042
 21
207.149608413
 31
0.000000000
  0
LINE
  5
BC1
330
A02
100
AcDbEntity
  8
S06_Bodywork_Top
100
AcDbLine
 10
90.352070027
 20
207.391080643
 30
0.000000000
 11
91.682864593
 21
207.435689817
 31
0.000000000
  0
LINE
  5
BC2
330
A02
100
AcDbEntity
  8
S06_Bodywork_Top
100
AcDbLine
 10
126.779822225
 20
190.065886832
 30
0.000000000
 11
121.645970920
 21
189.016089446
 31
0.000000000
  0
LINE
  5
BC3
330
A02
100
AcDbEntity
  8
S06_Bodywork_Top
100
AcDbLine
 10
103.463938254
 20
207.983289137
 30
0.000000000
 11
102.866416695
 21
207.927662549
 31
0.000000000
  0
LINE
  5
BC4
330
A02
100
AcDbEntity
  8
S06_Bodywork_Top
100
AcDbLine
 10
128.525721197
 20
190.450788379
 30
0.000000000
 11
129.338161099
 21
190.635155986
 31
0.000000000
  0
LINE
  5
BC5
330
A02
100
AcDbEntity
  8
S06_Bodywork_Top
100
AcDbLine
 10
128.525721197
 20
190.450788379
 30
0.000000000
 11
126.779822225
 21
190.065886832
 31
0.000000000
  0
LINE
  5
BC6
330
A02
100
AcDbEntity
  8
S06_Bodywork_Top
100
AcDbLine
 10
133.179187778
 20
210.853634727
 30
0.000000000
 11
132.382001883
 21
210.781961109
 31
0.000000000
  0
LINE
  5
BC7
330
A02
100
AcDbEntity
  8
S06_Bodywork_Top
100
AcDbLine
 10
176.983640158
 20
215.591059872
 30
0.000000000
 11
177.573814573
 21
215.642036164
 31
0.000000000
  0
LINE
  5
BC8
330
A02
100
AcDbEntity
  8
S06_Bodywork_Top
100
AcDbLine
 10
176.983640158
 20
215.591059872
 30
0.000000000
 11
175.999318494
 21
215.512947525
 31
0.000000000
  0
LINE
  5
BC9
330
A02
100
AcDbEntity
  8
S06_Bodywork_Top
100
AcDbLine
 10
153.726151286
 20
213.393269793
 30
0.000000000
 11
162.210228485
 21
214.293117724
 31
0.000000000
  0
LINE
  5
BCA
330
A02
100
AcDbEntity
  8
S06_Bodywork_Top
100
AcDbLine
 10
94.343872663
 20
186.309226281
 30
0.000000000
 11
94.900437862
 21
186.296735488
 31
0.000000000
  0
LINE
  5
BCB
330
A02
100
AcDbEntity
  8
S06_Bodywork_Top
100
AcDbLine
 10
94.343872663
 20
186.309226281
 30
0.000000000
 11
90.435038016
 21
186.483004526
 31
0.000000000
  0
LINE
  5
BCC
330
A02
100
AcDbEntity
  8
S06_Bodywork_Top
100
AcDbLine
 10
96.304284501
 20
186.288885700
 30
0.000000000
 11
98.265198353
 21
186.310113070
 31
0.000000000
  0
LINE
  5
BCD
330
A02
100
AcDbEntity
  8
S06_Bodywork_Top
100
AcDbLine
 10
96.304284501
 20
186.288885700
 30
0.000000000
 11
94.900437862
 21
186.296735488
 31
0.000000000
  0
LINE
  5
BCE
330
A02
100
AcDbEntity
  8
S06_Bodywork_Top
100
AcDbLine
 10
88.099547652
 20
207.312749329
 30
0.000000000
 11
86.224426980
 21
207.244419352
 31
0.000000000
  0
LINE
  5
BCF
330
A02
100
AcDbEntity
  8
S06_Bodywork_Top
100
AcDbLine
 10
88.623609452
 20
207.331100706
 30
0.000000000
 11
88.099547652
 21
207.312749329
 31
0.000000000
  0
LINE
  5
BD0
330
A02
100
AcDbEntity
  8
S06_Bodywork_Top
100
AcDbLine
 10
89.075005023
 20
207.346681535
 30
0.000000000
 11
88.623609452
 21
207.331100706
 31
0.000000000
  0
LINE
  5
BD1
330
A02
100
AcDbEntity
  8
S06_Bodywork_Top
100
AcDbLine
 10
89.075005023
 20
207.346681535
 30
0.000000000
 11
90.352070027
 21
207.391080643
 31
0.000000000
  0
LINE
  5
BD2
330
A02
100
AcDbEntity
  8
S06_Bodywork_Top
100
AcDbLine
 10
102.095782284
 20
207.848809485
 30
0.000000000
 11
100.955150241
 21
207.793630181
 31
0.000000000
  0
LINE
  5
BD3
330
A02
100
AcDbEntity
  8
S06_Bodywork_Top
100
AcDbLine
 10
102.095782284
 20
207.848809485
 30
0.000000000
 11
102.866416695
 21
207.927662549
 31
0.000000000
  0
LINE
  5
BD4
330
A02
100
AcDbEntity
  8
S06_Bodywork_Top
100
AcDbLine
 10
134.506714481
 20
191.874350440
 30
0.000000000
 11
131.891269277
 21
191.233502497
 31
0.000000000
  0
LINE
  5
BD5
330
A02
100
AcDbEntity
  8
S06_Bodywork_Top
100
AcDbLine
 10
134.506714481
 20
191.874350440
 30
0.000000000
 11
136.900701144
 21
192.484799304
 31
0.000000000
  0
LINE
  5
BD6
330
A02
100
AcDbEntity
  8
S06_Bodywork_Top
100
AcDbLine
 10
140.437041352
 20
193.428258347
 30
0.000000000
 11
144.596047885
 21
194.596727428
 31
0.000000000
  0
LINE
  5
BD7
330
A02
100
AcDbEntity
  8
S06_Bodywork_Top
100
AcDbLine
 10
140.437041352
 20
193.428258347
 30
0.000000000
 11
136.900701144
 21
192.484799304
 31
0.000000000
  0
LINE
  5
BD8
330
A02
100
AcDbEntity
  8
S06_Bodywork_Top
100
AcDbLine
 10
151.580699694
 20
196.696101291
 30
0.000000000
 11
149.523032435
 21
196.060239580
 31
0.000000000
  0
LINE
  5
BD9
330
A02
100
AcDbEntity
  8
S06_Bodywork_Top
100
AcDbLine
 10
152.190232020
 20
196.887192915
 30
0.000000000
 11
151.580699694
 21
196.696101291
 31
0.000000000
  0
LINE
  5
BDA
330
A02
100
AcDbEntity
  8
S06_Bodywork_Top
100
AcDbLine
 10
133.782427399
 20
210.893174839
 30
0.000000000
 11
133.179187778
 21
210.853634727
 31
0.000000000
  0
LINE
  5
BDB
330
A02
100
AcDbEntity
  8
S06_Bodywork_Top
100
AcDbLine
 10
133.999469247
 20
210.901932677
 30
0.000000000
 11
133.782427399
 21
210.893174839
 31
0.000000000
  0
LINE
  5
BDC
330
A02
100
AcDbEntity
  8
S06_Bodywork_Top
100
AcDbLine
 10
134.310542006
 20
210.930452359
 30
0.000000000
 11
133.999469247
 21
210.901932677
 31
0.000000000
  0
LINE
  5
BDD
330
A02
100
AcDbEntity
  8
S06_Bodywork_Top
100
AcDbLine
 10
134.781656502
 20
210.991566675
 30
0.000000000
 11
134.310542006
 21
210.930452359
 31
0.000000000
  0
LINE
  5
BDE
330
A02
100
AcDbEntity
  8
S06_Bodywork_Top
100
AcDbLine
 10
135.297093617
 20
211.058206975
 30
0.000000000
 11
134.781656502
 21
210.991566675
 31
0.000000000
  0
LINE
  5
BDF
330
A02
100
AcDbEntity
  8
S06_Bodywork_Top
100
AcDbLine
 10
136.666842723
 20
211.238230356
 30
0.000000000
 11
135.297093617
 21
211.058206975
 31
0.000000000
  0
LINE
  5
BE0
330
A02
100
AcDbEntity
  8
S06_Bodywork_Top
100
AcDbLine
 10
152.893353577
 20
213.296960431
 30
0.000000000
 11
136.666842723
 21
211.238230356
 31
0.000000000
  0
LINE
  5
BE1
330
A02
100
AcDbEntity
  8
S06_Bodywork_Top
100
AcDbLine
 10
153.028870493
 20
213.312761469
 30
0.000000000
 11
152.893353577
 21
213.296960431
 31
0.000000000
  0
LINE
  5
BE2
330
A02
100
AcDbEntity
  8
S06_Bodywork_Top
100
AcDbLine
 10
153.540344282
 20
213.371879681
 30
0.000000000
 11
153.726151286
 21
213.393269793
 31
0.000000000
  0
LINE
  5
BE3
330
A02
100
AcDbEntity
  8
S06_Bodywork_Top
100
AcDbLine
 10
159.778669709
 20
199.368612212
 30
0.000000000
 11
156.472837263
 21
198.264411051
 31
0.000000000
  0
LINE
  5
BE4
330
A02
100
AcDbEntity
  8
S06_Bodywork_Top
100
AcDbLine
 10
160.069308682
 20
199.467224399
 30
0.000000000
 11
159.778669709
 21
199.368612212
 31
0.000000000
  0
LINE
  5
BE5
330
A02
100
AcDbEntity
  8
S06_Bodywork_Top
100
AcDbLine
 10
160.069308682
 20
199.467224399
 30
0.000000000
 11
161.790462136
 21
200.057291682
 31
0.000000000
  0
LINE
  5
BE6
330
A02
100
AcDbEntity
  8
S06_Bodywork_Top
100
AcDbLine
 10
153.243246555
 20
213.337566860
 30
0.000000000
 11
153.028870493
 21
213.312761469
 31
0.000000000
  0
LINE
  5
BE7
330
A02
100
AcDbEntity
  8
S06_Bodywork_Top
100
AcDbLine
 10
153.336271898
 20
213.348301796
 30
0.000000000
 11
153.243246555
 21
213.337566860
 31
0.000000000
  0
LINE
  5
BE8
330
A02
100
AcDbEntity
  8
S06_Bodywork_Top
100
AcDbLine
 10
153.396743430
 20
213.355251850
 30
0.000000000
 11
153.336271898
 21
213.348301796
 31
0.000000000
  0
LINE
  5
BE9
330
A02
100
AcDbEntity
  8
S06_Bodywork_Top
100
AcDbLine
 10
153.433468115
 20
213.359483813
 30
0.000000000
 11
153.540344282
 21
213.371879681
 31
0.000000000
  0
LINE
  5
BEA
330
A02
100
AcDbEntity
  8
S06_Bodywork_Top
100
AcDbLine
 10
153.433468115
 20
213.359483813
 30
0.000000000
 11
153.396743430
 21
213.355251850
 31
0.000000000
  0
LINE
  5
BEB
330
A02
100
AcDbEntity
  8
S06_Bodywork_Top
100
AcDbLine
 10
189.398646139
 20
210.743722954
 30
0.000000000
 11
190.000000000
 21
211.000233172
 31
0.000000000
  0
LINE
  5
BEC
330
A02
100
AcDbEntity
  8
S06_Bodywork_Top
100
AcDbLine
 10
153.269602189
 20
197.228647255
 30
0.000000000
 11
156.472837263
 21
198.264411051
 31
0.000000000
  0
LINE
  5
BED
330
A02
100
AcDbEntity
  8
S06_Bodywork_Top
100
AcDbLine
 10
153.269602189
 20
197.228647255
 30
0.000000000
 11
152.190232020
 21
196.887192915
 31
0.000000000
  0
LINE
  5
BEE
330
A02
100
AcDbEntity
  8
S06_Bodywork_Top
100
AcDbLine
 10
169.559817026
 20
202.837522522
 30
0.000000000
 11
167.367032093
 21
202.033511073
 31
0.000000000
  0
LINE
  5
BEF
330
A02
100
AcDbEntity
  8
S06_Bodywork_Top
100
AcDbLine
 10
169.744558400
 20
202.906128016
 30
0.000000000
 11
170.268799058
 21
203.100281829
 31
0.000000000
  0
LINE
  5
BF0
330
A02
100
AcDbEntity
  8
S06_Bodywork_Top
100
AcDbLine
 10
169.744558400
 20
202.906128016
 30
0.000000000
 11
169.559817026
 21
202.837522522
 31
0.000000000
  0
LINE
  5
BF1
330
A02
100
AcDbEntity
  8
S06_Bodywork_Top
100
AcDbLine
 10
171.160090642
 20
203.433143191
 30
0.000000000
 11
170.268799058
 21
203.100281829
 31
0.000000000
  0
LINE
  5
BF2
330
A02
100
AcDbEntity
  8
S06_Bodywork_Top
100
AcDbLine
 10
171.703091468
 20
203.636978512
 30
0.000000000
 11
171.160090642
 21
203.433143191
 31
0.000000000
  0
LINE
  5
BF3
330
A02
100
AcDbEntity
  8
S06_Bodywork_Top
100
AcDbLine
 10
171.703091468
 20
203.636978512
 30
0.000000000
 11
173.180963179
 21
204.195760105
 31
0.000000000
  0
LINE
  5
BF4
330
A02
100
AcDbEntity
  8
S06_Bodywork_Top
100
AcDbLine
 10
115.139055655
 20
187.885871670
 30
0.000000000
 11
116.474533528
 21
188.096500332
 31
0.000000000
  0
LINE
  5
BF5
330
A02
100
AcDbEntity
  8
S06_Bodywork_Top
100
AcDbLine
 10
115.139055655
 20
187.885871670
 30
0.000000000
 11
113.899358821
 21
187.699287590
 31
0.000000000
  0
LINE
  5
BF6
330
A02
100
AcDbEntity
  8
S06_Bodywork_Top
100
AcDbLine
 10
187.624722397
 20
209.992672329
 30
0.000000000
 11
189.398646139
 21
210.743722954
 31
0.000000000
  0
LINE
  5
BF7
330
A02
100
AcDbEntity
  8
S06_Bodywork_Top
100
AcDbLine
 10
185.057679949
 20
208.920551821
 30
0.000000000
 11
182.507572358
 21
207.872650787
 31
0.000000000
  0
LINE
  5
BF8
330
A02
100
AcDbEntity
  8
S06_Bodywork_Top
100
AcDbLine
 10
186.097540746
 20
209.352641834
 30
0.000000000
 11
185.057679949
 21
208.920551821
 31
0.000000000
  0
LINE
  5
BF9
330
A02
100
AcDbEntity
  8
S06_Bodywork_Top
100
AcDbLine
 10
186.963468449
 20
209.714789070
 30
0.000000000
 11
187.624722397
 21
209.992672329
 31
0.000000000
  0
LINE
  5
BFA
330
A02
100
AcDbEntity
  8
S06_Bodywork_Top
100
AcDbLine
 10
186.963468449
 20
209.714789070
 30
0.000000000
 11
186.097540746
 21
209.352641834
 31
0.000000000
  0
LINE
  5
BFB
330
A02
100
AcDbEntity
  8
S06_Bodywork_Top
100
AcDbLine
 10
74.990438503
 20
203.101931243
 30
0.000000000
 11
75.000000000
 21
196.361009657
 31
0.000000000
  0
LINE
  5
BFC
330
A02
100
AcDbEntity
  8
S06_Bodywork_Top
100
AcDbLine
 10
74.990438503
 20
203.101931243
 30
0.000000000
 11
75.000000000
 21
203.100886709
 31
0.000000000
  0
LINE
  5
BFD
330
A02
100
AcDbEntity
  8
S06_Bodywork_Top
100
AcDbLine
 10
140.581446453
 20
236.440849188
 30
0.000000000
 11
140.039543488
 21
236.453897785
 31
0.000000000
  0
LINE
  5
BFE
330
A02
100
AcDbEntity
  8
S06_Bodywork_Top
100
AcDbLine
 10
137.863974617
 20
213.512821929
 30
0.000000000
 11
135.158584720
 21
213.499588979
 31
0.000000000
  0
LINE
  5
BFF
330
A02
100
AcDbEntity
  8
S06_Bodywork_Top
100
AcDbLine
 10
144.881975983
 20
213.705123640
 30
0.000000000
 11
143.390878428
 21
213.646678203
 31
0.000000000
  0
LINE
  5
C00
330
A02
100
AcDbEntity
  8
S06_Bodywork_Top
100
AcDbLine
 10
160.005756606
 20
214.756678830
 30
0.000000000
 11
158.631621794
 21
214.630189817
 31
0.000000000
  0
LINE
  5
C01
330
A02
100
AcDbEntity
  8
S06_Bodywork_Top
100
AcDbLine
 10
168.174151208
 20
215.616852663
 30
0.000000000
 11
165.311739744
 21
215.295241520
 31
0.000000000
  0
LINE
  5
C02
330
A02
100
AcDbEntity
  8
S06_Bodywork_Top
100
AcDbLine
 10
190.316453947
 20
218.664465093
 30
0.000000000
 11
194.150510897
 21
219.255512477
 31
0.000000000
  0
LINE
  5
C03
330
A02
100
AcDbEntity
  8
S06_Bodywork_Top
100
AcDbLine
 10
144.881975983
 20
213.705123640
 30
0.000000000
 11
147.316635340
 21
213.820013068
 31
0.000000000
  0
LINE
  5
C04
330
A02
100
AcDbEntity
  8
S06_Bodywork_Top
100
AcDbLine
 10
156.260859024
 20
214.425624996
 30
0.000000000
 11
158.631621794
 21
214.630189817
 31
0.000000000
  0
LINE
  5
C05
330
A02
100
AcDbEntity
  8
S06_Bodywork_Top
100
AcDbLine
 10
104.698118120
 20
232.087911490
 30
0.000000000
 11
107.536613102
 21
233.169469062
 31
0.000000000
  0
LINE
  5
C06
330
A02
100
AcDbEntity
  8
S06_Bodywork_Top
100
AcDbLine
 10
104.553696954
 20
232.024351021
 30
0.000000000
 11
104.500000000
 21
232.000457833
 31
0.000000000
  0
LINE
  5
C07
330
A02
100
AcDbEntity
  8
S06_Bodywork_Top
100
AcDbLine
 10
104.553696954
 20
232.024351021
 30
0.000000000
 11
104.698118120
 21
232.087911490
 31
0.000000000
  0
LINE
  5
C08
330
A02
100
AcDbEntity
  8
S06_Bodywork_Top
100
AcDbLine
 10
128.326542742
 20
213.651082001
 30
0.000000000
 11
129.648326037
 21
213.597460990
 31
0.000000000
  0
LINE
  5
C09
330
A02
100
AcDbEntity
  8
S06_Bodywork_Top
100
AcDbLine
 10
131.480876570
 20
213.544964457
 30
0.000000000
 11
129.648326037
 21
213.597460990
 31
0.000000000
  0
LINE
  5
C0A
330
A02
100
AcDbEntity
  8
S06_Bodywork_Top
100
AcDbLine
 10
131.480876570
 20
213.544964457
 30
0.000000000
 11
135.158584720
 21
213.499588979
 31
0.000000000
  0
LINE
  5
C0B
330
A02
100
AcDbEntity
  8
S06_Bodywork_Top
100
AcDbLine
 10
132.703543906
 20
236.481068114
 30
0.000000000
 11
129.579856052
 21
236.370477262
 31
0.000000000
  0
LINE
  5
C0C
330
A02
100
AcDbEntity
  8
S06_Bodywork_Top
100
AcDbLine
 10
133.192609088
 20
236.487756743
 30
0.000000000
 11
132.703543906
 21
236.481068114
 31
0.000000000
  0
LINE
  5
C0D
330
A02
100
AcDbEntity
  8
S06_Bodywork_Top
100
AcDbLine
 10
133.335290573
 20
236.489584136
 30
0.000000000
 11
133.192609088
 21
236.487756743
 31
0.000000000
  0
LINE
  5
C0E
330
A02
100
AcDbEntity
  8
S06_Bodywork_Top
100
AcDbLine
 10
133.807013387
 20
236.494815379
 30
0.000000000
 11
133.335290573
 21
236.489584136
 31
0.000000000
  0
LINE
  5
C0F
330
A02
100
AcDbEntity
  8
S06_Bodywork_Top
100
AcDbLine
 10
140.039543488
 20
236.453897785
 30
0.000000000
 11
133.807013387
 21
236.494815379
 31
0.000000000
  0
LINE
  5
C10
330
A02
100
AcDbEntity
  8
S06_Bodywork_Top
100
AcDbLine
 10
193.014889326
 20
230.920547465
 30
0.000000000
 11
193.111306731
 21
230.905641461
 31
0.000000000
  0
LINE
  5
C11
330
A02
100
AcDbEntity
  8
S06_Bodywork_Top
100
AcDbLine
 10
193.014889326
 20
230.920547465
 30
0.000000000
 11
184.941984559
 21
232.144567428
 31
0.000000000
  0
LINE
  5
C12
330
A02
100
AcDbEntity
  8
S06_Bodywork_Top
100
AcDbLine
 10
193.145108612
 20
230.900414717
 30
0.000000000
 11
193.111306731
 21
230.905641461
 31
0.000000000
  0
LINE
  5
C13
330
A02
100
AcDbEntity
  8
S06_Bodywork_Top
100
AcDbLine
 10
193.208804324
 20
230.890570291
 30
0.000000000
 11
193.145108612
 21
230.900414717
 31
0.000000000
  0
LINE
  5
C14
330
A02
100
AcDbEntity
  8
S06_Bodywork_Top
100
AcDbLine
 10
173.669064764
 20
216.290506492
 30
0.000000000
 11
179.187932956
 21
217.029122277
 31
0.000000000
  0
LINE
  5
C15
330
A02
100
AcDbEntity
  8
S06_Bodywork_Top
100
AcDbLine
 10
212.255184423
 20
228.063818531
 30
0.000000000
 11
212.500000000
 21
228.000389116
 31
0.000000000
  0
LINE
  5
C16
330
A02
100
AcDbEntity
  8
S06_Bodywork_Top
100
AcDbLine
 10
209.556444390
 20
228.406979268
 30
0.000000000
 11
212.255184423
 21
228.063818531
 31
0.000000000
  0
LINE
  5
C17
330
A02
100
AcDbEntity
  8
S06_Bodywork_Top
100
AcDbLine
 10
206.727708984
 20
228.847551205
 30
0.000000000
 11
209.556444390
 21
228.406979268
 31
0.000000000
  0
LINE
  5
C18
330
A02
100
AcDbEntity
  8
S06_Bodywork_Top
100
AcDbLine
 10
184.737300436
 20
217.825788295
 30
0.000000000
 11
179.187932956
 21
217.029122277
 31
0.000000000
  0
LINE
  5
C19
330
A02
100
AcDbEntity
  8
S06_Bodywork_Top
100
AcDbLine
 10
184.737300436
 20
217.825788295
 30
0.000000000
 11
190.316453947
 21
218.664465093
 31
0.000000000
  0
LINE
  5
C1A
330
A02
100
AcDbEntity
  8
S06_Bodywork_Top
100
AcDbLine
 10
107.694981410
 20
233.221776421
 30
0.000000000
 11
107.536613102
 21
233.169469062
 31
0.000000000
  0
LINE
  5
C1B
330
A02
100
AcDbEntity
  8
S06_Bodywork_Top
100
AcDbLine
 10
107.822194007
 20
233.263301124
 30
0.000000000
 11
107.694981410
 21
233.221776421
 31
0.000000000
  0
LINE
  5
C1C
330
A02
100
AcDbEntity
  8
S06_Bodywork_Top
100
AcDbLine
 10
107.822194007
 20
233.263301124
 30
0.000000000
 11
111.064596841
 21
234.178485381
 31
0.000000000
  0
LINE
  5
C1D
330
A02
100
AcDbEntity
  8
S06_Bodywork_Top
100
AcDbLine
 10
106.836302878
 20
217.071437842
 30
0.000000000
 11
104.500000000
 21
218.000020214
 31
0.000000000
  0
LINE
  5
C1E
330
A02
100
AcDbEntity
  8
S06_Bodywork_Top
100
AcDbLine
 10
110.047010002
 20
216.082355793
 30
0.000000000
 11
109.633677620
 21
216.194272536
 31
0.000000000
  0
LINE
  5
C1F
330
A02
100
AcDbEntity
  8
S06_Bodywork_Top
100
AcDbLine
 10
107.640727269
 20
216.796517179
 30
0.000000000
 11
109.633677620
 21
216.194272536
 31
0.000000000
  0
LINE
  5
C20
330
A02
100
AcDbEntity
  8
S06_Bodywork_Top
100
AcDbLine
 10
107.305451643
 20
216.908586866
 30
0.000000000
 11
107.640727269
 21
216.796517179
 31
0.000000000
  0
LINE
  5
C21
330
A02
100
AcDbEntity
  8
S06_Bodywork_Top
100
AcDbLine
 10
107.305451643
 20
216.908586866
 30
0.000000000
 11
106.836302878
 21
217.071437842
 31
0.000000000
  0
LINE
  5
C22
330
A02
100
AcDbEntity
  8
S06_Bodywork_Top
100
AcDbLine
 10
111.228400634
 20
215.781749631
 30
0.000000000
 11
110.047010002
 21
216.082355793
 31
0.000000000
  0
LINE
  5
C23
330
A02
100
AcDbEntity
  8
S06_Bodywork_Top
100
AcDbLine
 10
112.977062595
 20
215.388633272
 30
0.000000000
 11
113.727548342
 21
215.236759796
 31
0.000000000
  0
LINE
  5
C24
330
A02
100
AcDbEntity
  8
S06_Bodywork_Top
100
AcDbLine
 10
111.906339075
 20
215.622713903
 30
0.000000000
 11
112.977062595
 21
215.388633272
 31
0.000000000
  0
LINE
  5
C25
330
A02
100
AcDbEntity
  8
S06_Bodywork_Top
100
AcDbLine
 10
111.906339075
 20
215.622713903
 30
0.000000000
 11
111.228400634
 21
215.781749631
 31
0.000000000
  0
LINE
  5
C26
330
A02
100
AcDbEntity
  8
S06_Bodywork_Top
100
AcDbLine
 10
114.136976288
 20
215.157815597
 30
0.000000000
 11
113.727548342
 21
215.236759796
 31
0.000000000
  0
LINE
  5
C27
330
A02
100
AcDbEntity
  8
S06_Bodywork_Top
100
AcDbLine
 10
116.139579871
 20
214.810667639
 30
0.000000000
 11
114.136976288
 21
215.157815597
 31
0.000000000
  0
LINE
  5
C28
330
A02
100
AcDbEntity
  8
S06_Bodywork_Top
100
AcDbLine
 10
120.680999759
 20
214.208049986
 30
0.000000000
 11
120.984085676
 21
214.180654615
 31
0.000000000
  0
LINE
  5
C29
330
A02
100
AcDbEntity
  8
S06_Bodywork_Top
100
AcDbLine
 10
120.680999759
 20
214.208049986
 30
0.000000000
 11
120.450849735
 21
214.237114557
 31
0.000000000
  0
LINE
  5
C2A
330
A02
100
AcDbEntity
  8
S06_Bodywork_Top
100
AcDbLine
 10
140.739583681
 20
213.565282783
 30
0.000000000
 11
143.390878428
 21
213.646678203
 31
0.000000000
  0
LINE
  5
C2B
330
A02
100
AcDbEntity
  8
S06_Bodywork_Top
100
AcDbLine
 10
138.339030248
 20
213.527998281
 30
0.000000000
 11
137.863974617
 21
213.512821929
 31
0.000000000
  0
LINE
  5
C2C
330
A02
100
AcDbEntity
  8
S06_Bodywork_Top
100
AcDbLine
 10
138.339030248
 20
213.527998281
 30
0.000000000
 11
140.739583681
 21
213.565282783
 31
0.000000000
  0
LINE
  5
C2D
330
A02
100
AcDbEntity
  8
S06_Bodywork_Top
100
AcDbLine
 10
150.396241844
 20
213.997081690
 30
0.000000000
 11
151.768652068
 21
214.086967529
 31
0.000000000
  0
LINE
  5
C2E
330
A02
100
AcDbEntity
  8
S06_Bodywork_Top
100
AcDbLine
 10
153.015278495
 20
214.174231151
 30
0.000000000
 11
151.768652068
 21
214.086967529
 31
0.000000000
  0
LINE
  5
C2F
330
A02
100
AcDbEntity
  8
S06_Bodywork_Top
100
AcDbLine
 10
162.744167153
 20
215.024969385
 30
0.000000000
 11
160.005756606
 21
214.756678830
 31
0.000000000
  0
LINE
  5
C30
330
A02
100
AcDbEntity
  8
S06_Bodywork_Top
100
AcDbLine
 10
162.744167153
 20
215.024969385
 30
0.000000000
 11
165.311739744
 21
215.295241520
 31
0.000000000
  0
LINE
  5
C31
330
A02
100
AcDbEntity
  8
S06_Bodywork_Top
100
AcDbLine
 10
193.340688892
 20
230.870181545
 30
0.000000000
 11
193.208804324
 21
230.890570291
 31
0.000000000
  0
LINE
  5
C32
330
A02
100
AcDbEntity
  8
S06_Bodywork_Top
100
AcDbLine
 10
200.169871974
 20
229.811405461
 30
0.000000000
 11
193.340688892
 21
230.870181545
 31
0.000000000
  0
LINE
  5
C33
330
A02
100
AcDbEntity
  8
S06_Bodywork_Top
100
AcDbLine
 10
200.195416049
 20
229.807455759
 30
0.000000000
 11
200.169871974
 21
229.811405461
 31
0.000000000
  0
LINE
  5
C34
330
A02
100
AcDbEntity
  8
S06_Bodywork_Top
100
AcDbLine
 10
200.379576667
 20
229.778961223
 30
0.000000000
 11
200.195416049
 21
229.807455759
 31
0.000000000
  0
LINE
  5
C35
330
A02
100
AcDbEntity
  8
S06_Bodywork_Top
100
AcDbLine
 10
200.437808728
 20
229.790406092
 30
0.000000000
 11
200.379576667
 21
229.778961223
 31
0.000000000
  0
LINE
  5
C36
330
A02
100
AcDbEntity
  8
S06_Bodywork_Top
100
AcDbLine
 10
200.552796511
 20
229.815785227
 30
0.000000000
 11
200.437808728
 21
229.790406092
 31
0.000000000
  0
LINE
  5
C37
330
A02
100
AcDbEntity
  8
S06_Bodywork_Top
100
AcDbLine
 10
206.482764177
 20
228.915922386
 30
0.000000000
 11
200.552796511
 21
229.815785227
 31
0.000000000
  0
LINE
  5
C38
330
A02
100
AcDbEntity
  8
S06_Bodywork_Top
100
AcDbLine
 10
206.590268364
 20
228.851740889
 30
0.000000000
 11
206.482764177
 21
228.915922386
 31
0.000000000
  0
LINE
  5
C39
330
A02
100
AcDbEntity
  8
S06_Bodywork_Top
100
AcDbLine
 10
206.611028518
 20
228.858713787
 30
0.000000000
 11
206.590268364
 21
228.851740889
 31
0.000000000
  0
LINE
  5
C3A
330
A02
100
AcDbEntity
  8
S06_Bodywork_Top
100
AcDbLine
 10
206.611028518
 20
228.858713787
 30
0.000000000
 11
206.727708984
 21
228.847551205
 31
0.000000000
  0
LINE
  5
C3B
330
A02
100
AcDbEntity
  8
S06_Bodywork_Top
100
AcDbLine
 10
195.805132275
 20
219.512305271
 30
0.000000000
 11
194.150510897
 21
219.255512477
 31
0.000000000
  0
LINE
  5
C3C
330
A02
100
AcDbEntity
  8
S06_Bodywork_Top
100
AcDbLine
 10
200.954396599
 20
220.309909431
 30
0.000000000
 11
201.507551173
 21
220.394892373
 31
0.000000000
  0
LINE
  5
C3D
330
A02
100
AcDbEntity
  8
S06_Bodywork_Top
100
AcDbLine
 10
198.261400770
 20
219.893580741
 30
0.000000000
 11
200.954396599
 21
220.309909431
 31
0.000000000
  0
LINE
  5
C3E
330
A02
100
AcDbEntity
  8
S06_Bodywork_Top
100
AcDbLine
 10
201.872359101
 20
220.451076351
 30
0.000000000
 11
201.507551173
 21
220.394892373
 31
0.000000000
  0
LINE
  5
C3F
330
A02
100
AcDbEntity
  8
S06_Bodywork_Top
100
AcDbLine
 10
204.650699007
 20
220.873582329
 30
0.000000000
 11
201.872359101
 21
220.451076351
 31
0.000000000
  0
LINE
  5
C40
330
A02
100
AcDbEntity
  8
S06_Bodywork_Top
100
AcDbLine
 10
204.919157048
 20
220.914080614
 30
0.000000000
 11
204.650699007
 21
220.873582329
 31
0.000000000
  0
LINE
  5
C41
330
A02
100
AcDbEntity
  8
S06_Bodywork_Top
100
AcDbLine
 10
207.593486346
 20
221.310650627
 30
0.000000000
 11
208.950219749
 21
221.506888889
 31
0.000000000
  0
LINE
  5
C42
330
A02
100
AcDbEntity
  8
S06_Bodywork_Top
100
AcDbLine
 10
209.365275871
 20
221.566324006
 30
0.000000000
 11
208.950219749
 21
221.506888889
 31
0.000000000
  0
LINE
  5
C43
330
A02
100
AcDbEntity
  8
S06_Bodywork_Top
100
AcDbLine
 10
211.052043157
 20
221.803226505
 30
0.000000000
 11
209.365275871
 21
221.566324006
 31
0.000000000
  0
LINE
  5
C44
330
A02
100
AcDbEntity
  8
S06_Bodywork_Top
100
AcDbLine
 10
211.052043157
 20
221.803226505
 30
0.000000000
 11
212.500000000
 21
222.000001646
 31
0.000000000
  0
LINE
  5
C45
330
A02
100
AcDbEntity
  8
S06_Bodywork_Top
100
AcDbLine
 10
149.143706146
 20
213.921857508
 30
0.000000000
 11
150.396241844
 21
213.997081690
 31
0.000000000
  0
LINE
  5
C46
330
A02
100
AcDbEntity
  8
S06_Bodywork_Top
100
AcDbLine
 10
149.143706146
 20
213.921857508
 30
0.000000000
 11
147.316635340
 21
213.820013068
 31
0.000000000
  0
LINE
  5
C47
330
A02
100
AcDbEntity
  8
S06_Bodywork_Top
100
AcDbLine
 10
154.358894112
 20
214.274990462
 30
0.000000000
 11
153.015278495
 21
214.174231151
 31
0.000000000
  0
LINE
  5
C48
330
A02
100
AcDbEntity
  8
S06_Bodywork_Top
100
AcDbLine
 10
154.358894112
 20
214.274990462
 30
0.000000000
 11
156.260859024
 21
214.425624996
 31
0.000000000
  0
LINE
  5
C49
330
A02
100
AcDbEntity
  8
S06_Bodywork_Top
100
AcDbLine
 10
197.694671192
 20
219.805601815
 30
0.000000000
 11
198.261400770
 21
219.893580741
 31
0.000000000
  0
LINE
  5
C4A
330
A02
100
AcDbEntity
  8
S06_Bodywork_Top
100
AcDbLine
 10
196.223029186
 20
219.577123447
 30
0.000000000
 11
195.805132275
 21
219.512305271
 31
0.000000000
  0
LINE
  5
C4B
330
A02
100
AcDbEntity
  8
S06_Bodywork_Top
100
AcDbLine
 10
196.223029186
 20
219.577123447
 30
0.000000000
 11
197.694671192
 21
219.805601815
 31
0.000000000
  0
LINE
  5
C4C
330
A02
100
AcDbEntity
  8
S06_Bodywork_Top
100
AcDbLine
 10
206.793216773
 20
221.193023844
 30
0.000000000
 11
207.593486346
 21
221.310650627
 31
0.000000000
  0
LINE
  5
C4D
330
A02
100
AcDbEntity
  8
S06_Bodywork_Top
100
AcDbLine
 10
205.531432376
 20
221.005688519
 30
0.000000000
 11
206.793216773
 21
221.193023844
 31
0.000000000
  0
LINE
  5
C4E
330
A02
100
AcDbEntity
  8
S06_Bodywork_Top
100
AcDbLine
 10
205.314151260
 20
220.973457329
 30
0.000000000
 11
205.531432376
 21
221.005688519
 31
0.000000000
  0
LINE
  5
C4F
330
A02
100
AcDbEntity
  8
S06_Bodywork_Top
100
AcDbLine
 10
205.314151260
 20
220.973457329
 30
0.000000000
 11
204.919157048
 21
220.914080614
 31
0.000000000
  0
LINE
  5
C50
330
A02
100
AcDbEntity
  8
S06_Bodywork_Top
100
AcDbLine
 10
172.807229353
 20
216.179572627
 30
0.000000000
 11
173.669064764
 21
216.290506492
 31
0.000000000
  0
LINE
  5
C51
330
A02
100
AcDbEntity
  8
S06_Bodywork_Top
100
AcDbLine
 10
171.479962826
 20
216.014116964
 30
0.000000000
 11
172.807229353
 21
216.179572627
 31
0.000000000
  0
LINE
  5
C52
330
A02
100
AcDbEntity
  8
S06_Bodywork_Top
100
AcDbLine
 10
171.479962826
 20
216.014116964
 30
0.000000000
 11
168.174151208
 21
215.616852663
 31
0.000000000
  0
LINE
  5
C53
330
A02
100
AcDbEntity
  8
S06_Bodywork_Top
100
AcDbLine
 10
106.500000000
 20
222.250010875
 30
0.000000000
 11
106.556313594
 21
222.253851144
 31
0.000000000
  0
LINE
  5
C54
330
A02
100
AcDbEntity
  8
S06_Bodywork_Top
100
AcDbLine
 10
106.577919249
 20
227.745212350
 30
0.000000000
 11
106.500000000
 21
227.750527674
 31
0.000000000
  0
LINE
  5
C55
330
A02
100
AcDbEntity
  8
S06_Bodywork_Top
100
AcDbLine
 10
106.620338365
 20
227.742312050
 30
0.000000000
 11
106.719333841
 21
227.735579330
 31
0.000000000
  0
LINE
  5
C56
330
A02
100
AcDbEntity
  8
S06_Bodywork_Top
100
AcDbLine
 10
106.620338365
 20
227.742312050
 30
0.000000000
 11
106.577919249
 21
227.745212350
 31
0.000000000
  0
LINE
  5
C57
330
A02
100
AcDbEntity
  8
S06_Bodywork_Top
100
AcDbLine
 10
37.456868679
 20
213.961893565
 30
0.000000000
 11
34.197651356
 21
214.439215592
 31
0.000000000
  0
LINE
  5
C58
330
A02
100
AcDbEntity
  8
S06_Bodywork_Top
100
AcDbLine
 10
73.254173584
 20
208.449899174
 30
0.000000000
 11
74.550959010
 21
208.352045232
 31
0.000000000
  0
LINE
  5
C59
330
A02
100
AcDbEntity
  8
S06_Bodywork_Top
100
AcDbLine
 10
98.566310020
 20
208.007618627
 30
0.000000000
 11
102.202088230
 21
207.960552625
 31
0.000000000
  0
LINE
  5
C5A
330
A02
100
AcDbEntity
  8
S06_Bodywork_Top
100
AcDbLine
 10
77.906526108
 20
208.248555149
 30
0.000000000
 11
81.947992893
 21
208.142629898
 31
0.000000000
  0
LINE
  5
C5B
330
A02
100
AcDbEntity
  8
S06_Bodywork_Top
100
AcDbLine
 10
84.037636255
 20
208.105409975
 30
0.000000000
 11
85.917998660
 21
208.070231984
 31
0.000000000
  0
LINE
  5
C5C
330
A02
100
AcDbEntity
  8
S06_Bodywork_Top
100
AcDbLine
 10
84.037636255
 20
208.105409975
 30
0.000000000
 11
81.947992893
 21
208.142629898
 31
0.000000000
  0
LINE
  5
C5D
330
A02
100
AcDbEntity
  8
S06_Bodywork_Top
100
AcDbLine
 10
100.124425026
 20
242.062152876
 30
0.000000000
 11
94.958915590
 21
242.044015779
 31
0.000000000
  0
LINE
  5
C5E
330
A02
100
AcDbEntity
  8
S06_Bodywork_Top
100
AcDbLine
 10
98.566310020
 20
208.007618627
 30
0.000000000
 11
93.718513826
 21
208.025850000
 31
0.000000000
  0
LINE
  5
C5F
330
A02
100
AcDbEntity
  8
S06_Bodywork_Top
100
AcDbLine
 10
88.404953915
 20
208.016691619
 30
0.000000000
 11
93.718513826
 21
208.025850000
 31
0.000000000
  0
LINE
  5
C60
330
A02
100
AcDbEntity
  8
S06_Bodywork_Top
100
AcDbLine
 10
27.500000000
 20
235.250610146
 30
0.000000000
 11
30.771619770
 21
235.257387285
 31
0.000000000
  0
LINE
  5
C61
330
A02
100
AcDbEntity
  8
S06_Bodywork_Top
100
AcDbLine
 10
27.500000000
 20
214.750085671
 30
0.000000000
 11
29.629488603
 21
214.779045638
 31
0.000000000
  0
LINE
  5
C62
330
A02
100
AcDbEntity
  8
S06_Bodywork_Top
100
AcDbLine
 10
66.878936047
 20
241.104286508
 30
0.000000000
 11
66.362025481
 21
241.058437322
 31
0.000000000
  0
LINE
  5
C63
330
A02
100
AcDbEntity
  8
S06_Bodywork_Top
100
AcDbLine
 10
69.450597095
 20
241.331320545
 30
0.000000000
 11
66.878936047
 21
241.104286508
 31
0.000000000
  0
LINE
  5
C64
330
A02
100
AcDbEntity
  8
S06_Bodywork_Top
100
AcDbLine
 10
40.971384491
 20
213.326463422
 30
0.000000000
 11
44.859684542
 21
212.533925316
 31
0.000000000
  0
LINE
  5
C65
330
A02
100
AcDbEntity
  8
S06_Bodywork_Top
100
AcDbLine
 10
40.971384491
 20
213.326463422
 30
0.000000000
 11
37.456868679
 21
213.961893565
 31
0.000000000
  0
LINE
  5
C66
330
A02
100
AcDbEntity
  8
S06_Bodywork_Top
100
AcDbLine
 10
47.780290136
 20
211.934681802
 30
0.000000000
 11
44.859684542
 21
212.533925316
 31
0.000000000
  0
LINE
  5
C67
330
A02
100
AcDbEntity
  8
S06_Bodywork_Top
100
AcDbLine
 10
47.780290136
 20
211.934681802
 30
0.000000000
 11
51.022547381
 21
211.271354929
 31
0.000000000
  0
LINE
  5
C68
330
A02
100
AcDbEntity
  8
S06_Bodywork_Top
100
AcDbLine
 10
52.895773899
 20
210.921731092
 30
0.000000000
 11
54.843350594
 21
210.557283943
 31
0.000000000
  0
LINE
  5
C69
330
A02
100
AcDbEntity
  8
S06_Bodywork_Top
100
AcDbLine
 10
52.895773899
 20
210.921731092
 30
0.000000000
 11
51.022547381
 21
211.271354929
 31
0.000000000
  0
LINE
  5
C6A
330
A02
100
AcDbEntity
  8
S06_Bodywork_Top
100
AcDbLine
 10
56.905671380
 20
210.209522111
 30
0.000000000
 11
58.013709343
 21
210.036842976
 31
0.000000000
  0
LINE
  5
C6B
330
A02
100
AcDbEntity
  8
S06_Bodywork_Top
100
AcDbLine
 10
56.905671380
 20
210.209522111
 30
0.000000000
 11
54.843350594
 21
210.557283943
 31
0.000000000
  0
LINE
  5
C6C
330
A02
100
AcDbEntity
  8
S06_Bodywork_Top
100
AcDbLine
 10
59.190325209
 20
209.850073205
 30
0.000000000
 11
61.426558581
 21
209.548121640
 31
0.000000000
  0
LINE
  5
C6D
330
A02
100
AcDbEntity
  8
S06_Bodywork_Top
100
AcDbLine
 10
59.190325209
 20
209.850073205
 30
0.000000000
 11
58.013709343
 21
210.036842976
 31
0.000000000
  0
LINE
  5
C6E
330
A02
100
AcDbEntity
  8
S06_Bodywork_Top
100
AcDbLine
 10
63.133379140
 20
209.318218823
 30
0.000000000
 11
65.122371679
 21
209.080048046
 31
0.000000000
  0
LINE
  5
C6F
330
A02
100
AcDbEntity
  8
S06_Bodywork_Top
100
AcDbLine
 10
62.844252923
 20
209.346705656
 30
0.000000000
 11
63.133379140
 21
209.318218823
 31
0.000000000
  0
LINE
  5
C70
330
A02
100
AcDbEntity
  8
S06_Bodywork_Top
100
AcDbLine
 10
62.844252923
 20
209.346705656
 30
0.000000000
 11
61.426558581
 21
209.548121640
 31
0.000000000
  0
LINE
  5
C71
330
A02
100
AcDbEntity
  8
S06_Bodywork_Top
100
AcDbLine
 10
68.256619022
 20
208.790638481
 30
0.000000000
 11
65.122371679
 21
209.080048046
 31
0.000000000
  0
LINE
  5
C72
330
A02
100
AcDbEntity
  8
S06_Bodywork_Top
100
AcDbLine
 10
45.077108301
 20
237.629217953
 30
0.000000000
 11
48.251478043
 21
238.160987942
 31
0.000000000
  0
LINE
  5
C73
330
A02
100
AcDbEntity
  8
S06_Bodywork_Top
100
AcDbLine
 10
43.587909798
 20
237.211792523
 30
0.000000000
 11
45.077108301
 21
237.629217953
 31
0.000000000
  0
LINE
  5
C74
330
A02
100
AcDbEntity
  8
S06_Bodywork_Top
100
AcDbLine
 10
49.247744519
 20
238.357087769
 30
0.000000000
 11
48.251478043
 21
238.160987942
 31
0.000000000
  0
LINE
  5
C75
330
A02
100
AcDbEntity
  8
S06_Bodywork_Top
100
AcDbLine
 10
56.349500489
 20
239.690487550
 30
0.000000000
 11
49.247744519
 21
238.357087769
 31
0.000000000
  0
LINE
  5
C76
330
A02
100
AcDbEntity
  8
S06_Bodywork_Top
100
AcDbLine
 10
57.762376608
 20
239.936515676
 30
0.000000000
 11
61.240441213
 21
240.456174617
 31
0.000000000
  0
LINE
  5
C77
330
A02
100
AcDbEntity
  8
S06_Bodywork_Top
100
AcDbLine
 10
64.085003967
 20
240.802332006
 30
0.000000000
 11
61.240441213
 21
240.456174617
 31
0.000000000
  0
LINE
  5
C78
330
A02
100
AcDbEntity
  8
S06_Bodywork_Top
100
AcDbLine
 10
64.085003967
 20
240.802332006
 30
0.000000000
 11
66.362025481
 21
241.058437322
 31
0.000000000
  0
LINE
  5
C79
330
A02
100
AcDbEntity
  8
S06_Bodywork_Top
100
AcDbLine
 10
70.550586249
 20
241.416261624
 30
0.000000000
 11
69.450597095
 21
241.331320545
 31
0.000000000
  0
LINE
  5
C7A
330
A02
100
AcDbEntity
  8
S06_Bodywork_Top
100
AcDbLine
 10
70.550586249
 20
241.416261624
 30
0.000000000
 11
73.403393220
 21
241.600730441
 31
0.000000000
  0
LINE
  5
C7B
330
A02
100
AcDbEntity
  8
S06_Bodywork_Top
100
AcDbLine
 10
100.897097481
 20
242.063680735
 30
0.000000000
 11
100.124425026
 21
242.062152876
 31
0.000000000
  0
LINE
  5
C7C
330
A02
100
AcDbEntity
  8
S06_Bodywork_Top
100
AcDbLine
 10
103.116666988
 20
242.064733011
 30
0.000000000
 11
100.897097481
 21
242.063680735
 31
0.000000000
  0
LINE
  5
C7D
330
A02
100
AcDbEntity
  8
S06_Bodywork_Top
100
AcDbLine
 10
103.116666988
 20
242.064733011
 30
0.000000000
 11
104.320366977
 21
242.058805271
 31
0.000000000
  0
LINE
  5
C7E
330
A02
100
AcDbEntity
  8
S06_Bodywork_Top
100
AcDbLine
 10
127.286149165
 20
239.960496456
 30
0.000000000
 11
127.228882274
 21
239.975615652
 31
0.000000000
  0
LINE
  5
C7F
330
A02
100
AcDbEntity
  8
S06_Bodywork_Top
100
AcDbLine
 10
127.777521372
 20
239.810182574
 30
0.000000000
 11
130.000000000
 21
239.000000000
 31
0.000000000
  0
LINE
  5
C80
330
A02
100
AcDbEntity
  8
S06_Bodywork_Top
100
AcDbLine
 10
127.777521372
 20
239.810182574
 30
0.000000000
 11
127.286149165
 21
239.960496456
 31
0.000000000
  0
LINE
  5
C81
330
A02
100
AcDbEntity
  8
S06_Bodywork_Top
100
AcDbLine
 10
31.344790622
 20
214.707998844
 30
0.000000000
 11
34.197651356
 21
214.439215592
 31
0.000000000
  0
LINE
  5
C82
330
A02
100
AcDbEntity
  8
S06_Bodywork_Top
100
AcDbLine
 10
30.835940911
 20
214.737045455
 30
0.000000000
 11
31.344790622
 21
214.707998844
 31
0.000000000
  0
LINE
  5
C83
330
A02
100
AcDbEntity
  8
S06_Bodywork_Top
100
AcDbLine
 10
30.835940911
 20
214.737045455
 30
0.000000000
 11
29.629488603
 21
214.779045638
 31
0.000000000
  0
LINE
  5
C84
330
A02
100
AcDbEntity
  8
S06_Bodywork_Top
100
AcDbLine
 10
68.549608861
 20
208.765570457
 30
0.000000000
 11
68.256619022
 21
208.790638481
 31
0.000000000
  0
LINE
  5
C85
330
A02
100
AcDbEntity
  8
S06_Bodywork_Top
100
AcDbLine
 10
68.763730348
 20
208.746737601
 30
0.000000000
 11
68.549608861
 21
208.765570457
 31
0.000000000
  0
LINE
  5
C86
330
A02
100
AcDbEntity
  8
S06_Bodywork_Top
100
AcDbLine
 10
68.763730348
 20
208.746737601
 30
0.000000000
 11
73.254173584
 21
208.449899174
 31
0.000000000
  0
LINE
  5
C87
330
A02
100
AcDbEntity
  8
S06_Bodywork_Top
100
AcDbLine
 10
39.143448796
 20
236.320591372
 30
0.000000000
 11
36.134490355
 21
235.817462554
 31
0.000000000
  0
LINE
  5
C88
330
A02
100
AcDbEntity
  8
S06_Bodywork_Top
100
AcDbLine
 10
39.143448796
 20
236.320591372
 30
0.000000000
 11
39.403002878
 21
236.371666266
 31
0.000000000
  0
LINE
  5
C89
330
A02
100
AcDbEntity
  8
S06_Bodywork_Top
100
AcDbLine
 10
75.561584970
 20
208.306031409
 30
0.000000000
 11
77.906526108
 21
208.248555149
 31
0.000000000
  0
LINE
  5
C8A
330
A02
100
AcDbEntity
  8
S06_Bodywork_Top
100
AcDbLine
 10
75.561584970
 20
208.306031409
 30
0.000000000
 11
74.550959010
 21
208.352045232
 31
0.000000000
  0
LINE
  5
C8B
330
A02
100
AcDbEntity
  8
S06_Bodywork_Top
100
AcDbLine
 10
85.917998660
 20
208.070231984
 30
0.000000000
 11
88.404953915
 21
208.016691619
 31
0.000000000
  0
LINE
  5
C8C
330
A02
100
AcDbEntity
  8
S06_Bodywork_Top
100
AcDbLine
 10
57.204205433
 20
239.828706484
 30
0.000000000
 11
56.349500489
 21
239.690487550
 31
0.000000000
  0
LINE
  5
C8D
330
A02
100
AcDbEntity
  8
S06_Bodywork_Top
100
AcDbLine
 10
57.204205433
 20
239.828706484
 30
0.000000000
 11
57.762376608
 21
239.936515676
 31
0.000000000
  0
LINE
  5
C8E
330
A02
100
AcDbEntity
  8
S06_Bodywork_Top
100
AcDbLine
 10
79.967802705
 20
241.866297452
 30
0.000000000
 11
73.403393220
 21
241.600730441
 31
0.000000000
  0
LINE
  5
C8F
330
A02
100
AcDbEntity
  8
S06_Bodywork_Top
100
AcDbLine
 10
80.942192270
 20
241.892045075
 30
0.000000000
 11
79.967802705
 21
241.866297452
 31
0.000000000
  0
LINE
  5
C90
330
A02
100
AcDbEntity
  8
S06_Bodywork_Top
100
AcDbLine
 10
85.953180564
 20
241.978964618
 30
0.000000000
 11
84.632137962
 21
241.961945657
 31
0.000000000
  0
LINE
  5
C91
330
A02
100
AcDbEntity
  8
S06_Bodywork_Top
100
AcDbLine
 10
127.682564247
 20
210.190996867
 30
0.000000000
 11
130.000000000
 21
210.975748798
 31
0.000000000
  0
LINE
  5
C92
330
A02
100
AcDbEntity
  8
S06_Bodywork_Top
100
AcDbLine
 10
103.258605573
 20
207.964173582
 30
0.000000000
 11
102.202088230
 21
207.960552625
 31
0.000000000
  0
LINE
  5
C93
330
A02
100
AcDbEntity
  8
S06_Bodywork_Top
100
AcDbLine
 10
89.331416060
 20
242.008442404
 30
0.000000000
 11
85.953180564
 21
241.978964618
 31
0.000000000
  0
LINE
  5
C94
330
A02
100
AcDbEntity
  8
S06_Bodywork_Top
100
AcDbLine
 10
90.431336528
 20
242.014353546
 30
0.000000000
 11
89.331416060
 21
242.008442404
 31
0.000000000
  0
LINE
  5
C95
330
A02
100
AcDbEntity
  8
S06_Bodywork_Top
100
AcDbLine
 10
91.331995109
 20
242.019829994
 30
0.000000000
 11
94.958915590
 21
242.044015779
 31
0.000000000
  0
LINE
  5
C96
330
A02
100
AcDbEntity
  8
S06_Bodywork_Top
100
AcDbLine
 10
91.331995109
 20
242.019829994
 30
0.000000000
 11
90.431336528
 21
242.014353546
 31
0.000000000
  0
LINE
  5
C97
330
A02
100
AcDbEntity
  8
S06_Bodywork_Top
100
AcDbLine
 10
83.256863921
 20
241.939121638
 30
0.000000000
 11
80.942192270
 21
241.892045075
 31
0.000000000
  0
LINE
  5
C98
330
A02
100
AcDbEntity
  8
S06_Bodywork_Top
100
AcDbLine
 10
83.426779351
 20
241.942237861
 30
0.000000000
 11
83.256863921
 21
241.939121638
 31
0.000000000
  0
LINE
  5
C99
330
A02
100
AcDbEntity
  8
S06_Bodywork_Top
100
AcDbLine
 10
83.566764719
 20
241.944872228
 30
0.000000000
 11
83.426779351
 21
241.942237861
 31
0.000000000
  0
LINE
  5
C9A
330
A02
100
AcDbEntity
  8
S06_Bodywork_Top
100
AcDbLine
 10
83.566764719
 20
241.944872228
 30
0.000000000
 11
84.632137962
 21
241.961945657
 31
0.000000000
  0
LINE
  5
C9B
330
A02
100
AcDbEntity
  8
S06_Bodywork_Top
100
AcDbLine
 10
158.116239583
 20
251.191097043
 30
0.000000000
 11
162.244337240
 21
249.785424806
 31
0.000000000
  0
LINE
  5
C9C
330
A02
100
AcDbEntity
  8
S06_Bodywork_Top
100
AcDbLine
 10
148.469730542
 20
254.259598664
 30
0.000000000
 11
158.116239583
 21
251.191097043
 31
0.000000000
  0
LINE
  5
C9D
330
A02
100
AcDbEntity
  8
S06_Bodywork_Top
100
AcDbLine
 10
138.102651879
 20
257.199649132
 30
0.000000000
 11
148.469730542
 21
254.259598664
 31
0.000000000
  0
LINE
  5
C9E
330
A02
100
AcDbEntity
  8
S06_Bodywork_Top
100
AcDbLine
 10
128.681692196
 20
259.513358612
 30
0.000000000
 11
138.102651879
 21
257.199649132
 31
0.000000000
  0
LINE
  5
C9F
330
A02
100
AcDbEntity
  8
S06_Bodywork_Top
100
AcDbLine
 10
115.913747191
 20
261.948855845
 30
0.000000000
 11
120.217552198
 21
261.252253287
 31
0.000000000
  0
LINE
  5
CA0
330
A02
100
AcDbEntity
  8
S06_Bodywork_Top
100
AcDbLine
 10
105.589732139
 20
263.283770460
 30
0.000000000
 11
112.558577962
 21
262.491914712
 31
0.000000000
  0
LINE
  5
CA1
330
A02
100
AcDbEntity
  8
S06_Bodywork_Top
100
AcDbLine
 10
83.297700077
 20
262.646809572
 30
0.000000000
 11
88.144451185
 21
263.318418747
 31
0.000000000
  0
LINE
  5
CA2
330
A02
100
AcDbEntity
  8
S06_Bodywork_Top
100
AcDbLine
 10
79.115465589
 20
261.758196654
 30
0.000000000
 11
83.297700077
 21
262.646809572
 31
0.000000000
  0
LINE
  5
CA3
330
A02
100
AcDbEntity
  8
S06_Bodywork_Top
100
AcDbLine
 10
153.390389605
 20
213.353721232
 30
0.000000000
 11
162.210228485
 21
214.293117724
 31
0.000000000
  0
LINE
  5
CA4
330
A02
100
AcDbEntity
  8
S06_Bodywork_Top
100
AcDbLine
 10
134.156371155
 20
210.901817654
 30
0.000000000
 11
153.390389605
 21
213.353721232
 31
0.000000000
  0
LINE
  5
CA5
330
A02
100
AcDbEntity
  8
S06_Bodywork_Top
100
AcDbLine
 10
127.210610884
 20
210.050496046
 30
0.000000000
 11
134.156371155
 21
210.901817654
 31
0.000000000
  0
LINE
  5
CA6
330
A02
100
AcDbEntity
  8
S06_Bodywork_Top
100
AcDbLine
 10
101.991143848
 20
207.809336591
 30
0.000000000
 11
105.026920486
 21
208.006633043
 31
0.000000000
  0
LINE
  5
CA7
330
A02
100
AcDbEntity
  8
S06_Bodywork_Top
100
AcDbLine
 10
88.813479056
 20
207.296772167
 30
0.000000000
 11
101.991143848
 21
207.809336591
 31
0.000000000
  0
LINE
  5
CA8
330
A02
100
AcDbEntity
  8
S06_Bodywork_Top
100
AcDbLine
 10
80.858478878
 20
206.970161759
 30
0.000000000
 11
88.813479056
 21
207.296772167
 31
0.000000000
  0
LINE
  5
CA9
330
A02
100
AcDbEntity
  8
S06_Bodywork_Top
100
AcDbLine
 10
75.000000000
 20
206.500000000
 30
0.000000000
 11
80.858478878
 21
206.970161759
 31
0.000000000
  0
LINE
  5
CAA
330
A02
100
AcDbEntity
  8
S06_Bodywork_Top
100
AcDbLine
 10
133.064224960
 20
236.483968767
 30
0.000000000
 11
140.509413269
 21
236.440454477
 31
0.000000000
  0
LINE
  5
CAB
330
A02
100
AcDbEntity
  8
S06_Bodywork_Top
100
AcDbLine
 10
128.403081680
 20
236.323650973
 30
0.000000000
 11
133.064224960
 21
236.483968767
 31
0.000000000
  0
LINE
  5
CAC
330
A02
100
AcDbEntity
  8
S06_Bodywork_Top
100
AcDbLine
 10
127.286149165
 20
239.930551120
 30
0.000000000
 11
130.000000000
 21
239.000000000
 31
0.000000000
  0
LINE
  5
CAD
330
A02
100
AcDbEntity
  8
S06_Bodywork_Top
100
AcDbLine
 10
126.848980380
 20
240.040001182
 30
0.000000000
 11
127.286149165
 21
239.930551120
 31
0.000000000
  0
LINE
  5
CAE
330
A02
100
AcDbEntity
  8
S06_Bodywork_Top
100
AcDbLine
 10
90.587710270
 20
241.961377647
 30
0.000000000
 11
106.023509569
 21
241.962202165
 31
0.000000000
  0
LINE
  5
CAF
330
A02
100
AcDbEntity
  8
S06_Bodywork_Top
100
AcDbLine
 10
80.187556038
 20
241.820277179
 30
0.000000000
 11
90.587710270
 21
241.961377647
 31
0.000000000
  0
LINE
  5
CB0
330
A02
100
AcDbEntity
  8
S06_Bodywork_Top
100
AcDbLine
 10
71.985302619
 20
241.468145162
 30
0.000000000
 11
80.187556038
 21
241.820277179
 31
0.000000000
  0
LINE
  5
CB1
330
A02
100
AcDbEntity
  8
S06_Bodywork_Top
100
AcDbLine
 10
64.468188719
 20
240.814637066
 30
0.000000000
 11
71.985302619
 21
241.468145162
 31
0.000000000
  0
LINE
  5
CB2
330
A02
100
AcDbEntity
  8
S06_Bodywork_Top
100
AcDbLine
 10
48.542277345
 20
238.206389140
 30
0.000000000
 11
57.376202642
 21
239.843427591
 31
0.000000000
  0
LINE
  5
CB3
330
A02
100
AcDbEntity
  8
S06_Bodywork_Top
100
AcDbLine
 10
39.172493732
 20
236.325391214
 30
0.000000000
 11
48.542277345
 21
238.206389140
 31
0.000000000
  0
LINE
  5
CB4
330
A02
100
AcDbEntity
  8
S06_Bodywork_Top
100
AcDbLine
 10
36.134490355
 20
235.817462554
 30
0.000000000
 11
39.172493732
 21
236.325391214
 31
0.000000000
  0
LINE
  5
CB5
330
A02
100
AcDbEntity
  8
S06_Bodywork_Side
100
AcDbLine
 10
190.000000000
 20
121.500056930
 30
0.000000000
 11
190.000000000
 21
121.500056067
 31
0.000000000
  0
LINE
  5
CB6
330
A02
100
AcDbEntity
  8
S06_Bodywork_Side
100
AcDbLine
 10
190.000000000
 20
121.506905803
 30
0.000000000
 11
190.000000000
 21
121.500056930
 31
0.000000000
  0
LINE
  5
CB7
330
A02
100
AcDbEntity
  8
S06_Bodywork_Side
100
AcDbLine
 10
190.000000000
 20
121.576633904
 30
0.000000000
 11
190.000000000
 21
121.506905803
 31
0.000000000
  0
LINE
  5
CB8
330
A02
100
AcDbEntity
  8
S06_Bodywork_Side
100
AcDbLine
 10
190.000000000
 20
121.750576010
 30
0.000000000
 11
190.000000000
 21
121.576633904
 31
0.000000000
  0
LINE
  5
CB9
330
A02
100
AcDbEntity
  8
S06_Bodywork_Side
100
AcDbLine
 10
190.000000000
 20
122.037264765
 30
0.000000000
 11
190.000000000
 21
121.750576010
 31
0.000000000
  0
LINE
  5
CBA
330
A02
100
AcDbEntity
  8
S06_Bodywork_Side
100
AcDbLine
 10
190.000000000
 20
122.471628011
 30
0.000000000
 11
190.000000000
 21
122.037264765
 31
0.000000000
  0
LINE
  5
CBB
330
A02
100
AcDbEntity
  8
S06_Bodywork_Side
100
AcDbLine
 10
190.000000000
 20
123.036926318
 30
0.000000000
 11
190.000000000
 21
122.471628011
 31
0.000000000
  0
LINE
  5
CBC
330
A02
100
AcDbEntity
  8
S06_Bodywork_Side
100
AcDbLine
 10
190.000000000
 20
123.874259262
 30
0.000000000
 11
190.000000000
 21
123.036926318
 31
0.000000000
  0
LINE
  5
CBD
330
A02
100
AcDbEntity
  8
S06_Bodywork_Side
100
AcDbLine
 10
190.000000000
 20
124.863721419
 30
0.000000000
 11
190.000000000
 21
123.874259262
 31
0.000000000
  0
LINE
  5
CBE
330
A02
100
AcDbEntity
  8
S06_Bodywork_Side
100
AcDbLine
 10
190.000000000
 20
126.149941487
 30
0.000000000
 11
190.000000000
 21
124.863721419
 31
0.000000000
  0
LINE
  5
CBF
330
A02
100
AcDbEntity
  8
S06_Bodywork_Side
100
AcDbLine
 10
190.000000000
 20
126.854546187
 30
0.000000000
 11
190.000000000
 21
126.149941487
 31
0.000000000
  0
LINE
  5
CC0
330
A02
100
AcDbEntity
  8
S06_Bodywork_Side
100
AcDbLine
 10
190.000000000
 20
127.363255665
 30
0.000000000
 11
190.000000000
 21
126.854546187
 31
0.000000000
  0
LINE
  5
CC1
330
A02
100
AcDbEntity
  8
S06_Bodywork_Side
100
AcDbLine
 10
190.000000000
 20
127.838326773
 30
0.000000000
 11
190.000000000
 21
127.363255665
 31
0.000000000
  0
LINE
  5
CC2
330
A02
100
AcDbEntity
  8
S06_Bodywork_Side
100
AcDbLine
 10
190.000000000
 20
128.257758434
 30
0.000000000
 11
190.000000000
 21
127.838326773
 31
0.000000000
  0
LINE
  5
CC3
330
A02
100
AcDbEntity
  8
S06_Bodywork_Side
100
AcDbLine
 10
190.000000000
 20
128.595691572
 30
0.000000000
 11
190.000000000
 21
128.257758434
 31
0.000000000
  0
LINE
  5
CC4
330
A02
100
AcDbEntity
  8
S06_Bodywork_Side
100
AcDbLine
 10
190.000000000
 20
128.850669082
 30
0.000000000
 11
190.000000000
 21
128.595691572
 31
0.000000000
  0
LINE
  5
CC5
330
A02
100
AcDbEntity
  8
S06_Bodywork_Side
100
AcDbLine
 10
190.000000000
 20
128.978681045
 30
0.000000000
 11
190.000000000
 21
128.850669082
 31
0.000000000
  0
LINE
  5
CC6
330
A02
100
AcDbEntity
  8
S06_Bodywork_Side
100
AcDbLine
 10
190.000000000
 20
128.999939788
 30
0.000000000
 11
190.000000000
 21
128.978681045
 31
0.000000000
  0
LINE
  5
CC7
330
A02
100
AcDbEntity
  8
S06_Bodywork_Side
100
AcDbLine
 10
75.000000000
 20
128.007003065
 30
0.000000000
 11
75.000000000
 21
127.997558708
 31
0.000000000
  0
LINE
  5
CC8
330
A02
100
AcDbEntity
  8
S06_Bodywork_Side
100
AcDbLine
 10
75.000000000
 20
128.083037243
 30
0.000000000
 11
75.000000000
 21
128.007003065
 31
0.000000000
  0
LINE
  5
CC9
330
A02
100
AcDbEntity
  8
S06_Bodywork_Side
100
AcDbLine
 10
75.000000000
 20
128.239208391
 30
0.000000000
 11
75.000000000
 21
128.083037243
 31
0.000000000
  0
LINE
  5
CCA
330
A02
100
AcDbEntity
  8
S06_Bodywork_Side
100
AcDbLine
 10
75.000000000
 20
128.474264357
 30
0.000000000
 11
75.000000000
 21
128.239208391
 31
0.000000000
  0
LINE
  5
CCB
330
A02
100
AcDbEntity
  8
S06_Bodywork_Side
100
AcDbLine
 10
75.000000000
 20
128.749199251
 30
0.000000000
 11
75.000000000
 21
128.474264357
 31
0.000000000
  0
LINE
  5
CCC
330
A02
100
AcDbEntity
  8
S06_Bodywork_Side
100
AcDbLine
 10
75.000000000
 20
129.130701815
 30
0.000000000
 11
75.000000000
 21
128.749199251
 31
0.000000000
  0
LINE
  5
CCD
330
A02
100
AcDbEntity
  8
S06_Bodywork_Side
100
AcDbLine
 10
75.000000000
 20
129.664301642
 30
0.000000000
 11
75.000000000
 21
129.130701815
 31
0.000000000
  0
LINE
  5
CCE
330
A02
100
AcDbEntity
  8
S06_Bodywork_Side
100
AcDbLine
 10
75.000000000
 20
130.177382568
 30
0.000000000
 11
75.000000000
 21
129.664301642
 31
0.000000000
  0
LINE
  5
CCF
330
A02
100
AcDbEntity
  8
S06_Bodywork_Side
100
AcDbLine
 10
75.000000000
 20
130.920331024
 30
0.000000000
 11
75.000000000
 21
130.177382568
 31
0.000000000
  0
LINE
  5
CD0
330
A02
100
AcDbEntity
  8
S06_Bodywork_Side
100
AcDbLine
 10
75.000000000
 20
131.953053810
 30
0.000000000
 11
75.000000000
 21
130.920331024
 31
0.000000000
  0
LINE
  5
CD1
330
A02
100
AcDbEntity
  8
S06_Bodywork_Side
100
AcDbLine
 10
75.000000000
 20
135.604502695
 30
0.000000000
 11
75.000000000
 21
131.953053810
 31
0.000000000
  0
LINE
  5
CD2
330
A02
100
AcDbEntity
  8
S06_Bodywork_Side
100
AcDbLine
 10
75.000000000
 20
137.563291626
 30
0.000000000
 11
75.000000000
 21
135.604502695
 31
0.000000000
  0
LINE
  5
CD3
330
A02
100
AcDbEntity
  8
S06_Bodywork_Side
100
AcDbLine
 10
75.000000000
 20
138.886212091
 30
0.000000000
 11
75.000000000
 21
137.563291626
 31
0.000000000
  0
LINE
  5
CD4
330
A02
100
AcDbEntity
  8
S06_Bodywork_Side
100
AcDbLine
 10
75.000000000
 20
139.745240482
 30
0.000000000
 11
75.000000000
 21
138.886212091
 31
0.000000000
  0
LINE
  5
CD5
330
A02
100
AcDbEntity
  8
S06_Bodywork_Side
100
AcDbLine
 10
75.000000000
 20
140.362050405
 30
0.000000000
 11
75.000000000
 21
139.745240482
 31
0.000000000
  0
LINE
  5
CD6
330
A02
100
AcDbEntity
  8
S06_Bodywork_Side
100
AcDbLine
 10
75.000000000
 20
140.926528443
 30
0.000000000
 11
75.000000000
 21
140.362050405
 31
0.000000000
  0
LINE
  5
CD7
330
A02
100
AcDbEntity
  8
S06_Bodywork_Side
100
AcDbLine
 10
75.000000000
 20
141.438182424
 30
0.000000000
 11
75.000000000
 21
140.926528443
 31
0.000000000
  0
LINE
  5
CD8
330
A02
100
AcDbEntity
  8
S06_Bodywork_Side
100
AcDbLine
 10
75.000000000
 20
141.764646018
 30
0.000000000
 11
75.000000000
 21
141.438182424
 31
0.000000000
  0
LINE
  5
CD9
330
A02
100
AcDbEntity
  8
S06_Bodywork_Side
100
AcDbLine
 10
75.000000000
 20
142.174837920
 30
0.000000000
 11
75.000000000
 21
141.764646018
 31
0.000000000
  0
LINE
  5
CDA
330
A02
100
AcDbEntity
  8
S06_Bodywork_Side
100
AcDbLine
 10
75.000000000
 20
142.433291121
 30
0.000000000
 11
75.000000000
 21
142.174837920
 31
0.000000000
  0
LINE
  5
CDB
330
A02
100
AcDbEntity
  8
S06_Bodywork_Side
100
AcDbLine
 10
75.000000000
 20
142.502872289
 30
0.000000000
 11
75.000000000
 21
142.433291121
 31
0.000000000
  0
LINE
  5
CDC
330
A02
100
AcDbEntity
  8
S06_Bodywork_Side
100
AcDbLine
 10
202.500000000
 20
138.999999950
 30
0.000000000
 11
202.500000000
 21
137.450756469
 31
0.000000000
  0
LINE
  5
CDD
330
A02
100
AcDbEntity
  8
S06_Bodywork_Side
100
AcDbLine
 10
151.918840038
 20
152.181756789
 30
0.000000000
 11
202.500000000
 21
138.999999950
 31
0.000000000
  0
LINE
  5
CDE
330
A02
100
AcDbEntity
  8
S06_Bodywork_Side
100
AcDbLine
 10
106.500000000
 20
161.087803969
 30
0.000000000
 11
106.500000000
 21
160.713621079
 31
0.000000000
  0
LINE
  5
CDF
330
A02
100
AcDbEntity
  8
S06_Bodywork_Side
100
AcDbLine
 10
106.500000000
 20
161.456841281
 30
0.000000000
 11
106.500000000
 21
161.087803969
 31
0.000000000
  0
LINE
  5
CE0
330
A02
100
AcDbEntity
  8
S06_Bodywork_Side
100
AcDbLine
 10
106.500000000
 20
161.805734231
 30
0.000000000
 11
106.500000000
 21
161.456841281
 31
0.000000000
  0
LINE
  5
CE1
330
A02
100
AcDbEntity
  8
S06_Bodywork_Side
100
AcDbLine
 10
106.500000000
 20
162.122515129
 30
0.000000000
 11
106.500000000
 21
161.805734231
 31
0.000000000
  0
LINE
  5
CE2
330
A02
100
AcDbEntity
  8
S06_Bodywork_Side
100
AcDbLine
 10
106.500000000
 20
162.419985282
 30
0.000000000
 11
106.500000000
 21
162.122515129
 31
0.000000000
  0
LINE
  5
CE3
330
A02
100
AcDbEntity
  8
S06_Bodywork_Side
100
AcDbLine
 10
106.500000000
 20
162.688959097
 30
0.000000000
 11
106.500000000
 21
162.419985282
 31
0.000000000
  0
LINE
  5
CE4
330
A02
100
AcDbEntity
  8
S06_Bodywork_Side
100
AcDbLine
 10
106.500000000
 20
162.905202741
 30
0.000000000
 11
106.500000000
 21
162.688959097
 31
0.000000000
  0
LINE
  5
CE5
330
A02
100
AcDbEntity
  8
S06_Bodywork_Side
100
AcDbLine
 10
106.500000000
 20
162.991048934
 30
0.000000000
 11
106.500000000
 21
162.905202741
 31
0.000000000
  0
LINE
  5
CE6
330
A02
100
AcDbEntity
  8
S06_Bodywork_Side
100
AcDbLine
 10
106.500000000
 20
162.999985212
 30
0.000000000
 11
106.500000000
 21
162.991048934
 31
0.000000000
  0
LINE
  5
CE7
330
A02
100
AcDbEntity
  8
S06_Bodywork_Side
100
AcDbLine
 10
117.500000000
 20
162.308495309
 30
0.000000000
 11
117.500000000
 21
162.056873211
 31
0.000000000
  0
LINE
  5
CE8
330
A02
100
AcDbEntity
  8
S06_Bodywork_Side
100
AcDbLine
 10
117.500000000
 20
162.530094940
 30
0.000000000
 11
117.500000000
 21
162.308495309
 31
0.000000000
  0
LINE
  5
CE9
330
A02
100
AcDbEntity
  8
S06_Bodywork_Side
100
AcDbLine
 10
117.500000000
 20
162.745902854
 30
0.000000000
 11
117.500000000
 21
162.530094940
 31
0.000000000
  0
LINE
  5
CEA
330
A02
100
AcDbEntity
  8
S06_Bodywork_Side
100
AcDbLine
 10
117.500000000
 20
162.902301304
 30
0.000000000
 11
117.500000000
 21
162.745902854
 31
0.000000000
  0
LINE
  5
CEB
330
A02
100
AcDbEntity
  8
S06_Bodywork_Side
100
AcDbLine
 10
117.500000000
 20
162.986569958
 30
0.000000000
 11
117.500000000
 21
162.902301304
 31
0.000000000
  0
LINE
  5
CEC
330
A02
100
AcDbEntity
  8
S06_Bodywork_Side
100
AcDbLine
 10
117.500000000
 20
162.999965106
 30
0.000000000
 11
117.500000000
 21
162.986569958
 31
0.000000000
  0
LINE
  5
CED
330
A02
100
AcDbEntity
  8
S06_Bodywork_Side
100
AcDbLine
 10
198.456025641
 20
138.182648388
 30
0.000000000
 11
202.500000000
 21
137.450756469
 31
0.000000000
  0
LINE
  5
CEE
330
A02
100
AcDbEntity
  8
S06_Bodywork_Side
100
AcDbLine
 10
194.437657769
 20
139.044546160
 30
0.000000000
 11
198.456025641
 21
138.182648388
 31
0.000000000
  0
LINE
  5
CEF
330
A02
100
AcDbEntity
  8
S06_Bodywork_Side
100
AcDbLine
 10
186.537324868
 20
141.031063134
 30
0.000000000
 11
194.437657769
 21
139.044546160
 31
0.000000000
  0
LINE
  5
CF0
330
A02
100
AcDbEntity
  8
S06_Bodywork_Side
100
AcDbLine
 10
176.927136365
 20
143.815890245
 30
0.000000000
 11
186.537324868
 21
141.031063134
 31
0.000000000
  0
LINE
  5
CF1
330
A02
100
AcDbEntity
  8
S06_Bodywork_Side
100
AcDbLine
 10
166.879068368
 20
147.027321717
 30
0.000000000
 11
176.927136365
 21
143.815890245
 31
0.000000000
  0
LINE
  5
CF2
330
A02
100
AcDbEntity
  8
S06_Bodywork_Side
100
AcDbLine
 10
151.918840038
 20
152.181756789
 30
0.000000000
 11
166.879068368
 21
147.027321717
 31
0.000000000
  0
LINE
  5
CF3
330
A02
100
AcDbEntity
  8
S06_Bodywork_Side
100
AcDbLine
 10
107.722390949
 20
161.185898580
 30
0.000000000
 11
106.500000000
 21
160.713621079
 31
0.000000000
  0
LINE
  5
CF4
330
A02
100
AcDbEntity
  8
S06_Bodywork_Side
100
AcDbLine
 10
108.991317729
 20
161.571351000
 30
0.000000000
 11
107.722390949
 21
161.185898580
 31
0.000000000
  0
LINE
  5
CF5
330
A02
100
AcDbEntity
  8
S06_Bodywork_Side
100
AcDbLine
 10
110.299624616
 20
161.864413749
 30
0.000000000
 11
108.991317729
 21
161.571351000
 31
0.000000000
  0
LINE
  5
CF6
330
A02
100
AcDbEntity
  8
S06_Bodywork_Side
100
AcDbLine
 10
111.644263946
 20
162.064869681
 30
0.000000000
 11
110.299624616
 21
161.864413749
 31
0.000000000
  0
LINE
  5
CF7
330
A02
100
AcDbEntity
  8
S06_Bodywork_Side
100
AcDbLine
 10
114.406840745
 20
162.211578990
 30
0.000000000
 11
111.644263946
 21
162.064869681
 31
0.000000000
  0
LINE
  5
CF8
330
A02
100
AcDbEntity
  8
S06_Bodywork_Side
100
AcDbLine
 10
117.500000000
 20
162.056873211
 30
0.000000000
 11
114.406840745
 21
162.211578990
 31
0.000000000
  0
LINE
  5
CF9
330
A02
100
AcDbEntity
  8
S06_Bodywork_Side
100
AcDbLine
 10
104.500000000
 20
147.610510074
 30
0.000000000
 11
104.500000000
 21
146.994723315
 31
0.000000000
  0
LINE
  5
CFA
330
A02
100
AcDbEntity
  8
S06_Bodywork_Side
100
AcDbLine
 10
104.500000000
 20
149.347025004
 30
0.000000000
 11
104.500000000
 21
147.610510074
 31
0.000000000
  0
LINE
  5
CFB
330
A02
100
AcDbEntity
  8
S06_Bodywork_Side
100
AcDbLine
 10
104.500000000
 20
151.827978258
 30
0.000000000
 11
104.500000000
 21
149.347025004
 31
0.000000000
  0
LINE
  5
CFC
330
A02
100
AcDbEntity
  8
S06_Bodywork_Side
100
AcDbLine
 10
104.500000000
 20
154.148745141
 30
0.000000000
 11
104.500000000
 21
151.827978258
 31
0.000000000
  0
LINE
  5
CFD
330
A02
100
AcDbEntity
  8
S06_Bodywork_Side
100
AcDbLine
 10
104.500000000
 20
155.668840606
 30
0.000000000
 11
104.500000000
 21
154.148745141
 31
0.000000000
  0
LINE
  5
CFE
330
A02
100
AcDbEntity
  8
S06_Bodywork_Side
100
AcDbLine
 10
104.500000000
 20
156.759234988
 30
0.000000000
 11
104.500000000
 21
155.668840606
 31
0.000000000
  0
LINE
  5
CFF
330
A02
100
AcDbEntity
  8
S06_Bodywork_Side
100
AcDbLine
 10
104.500000000
 20
157.761589603
 30
0.000000000
 11
104.500000000
 21
156.759234988
 31
0.000000000
  0
LINE
  5
D00
330
A02
100
AcDbEntity
  8
S06_Bodywork_Side
100
AcDbLine
 10
104.500000000
 20
158.618407567
 30
0.000000000
 11
104.500000000
 21
157.761589603
 31
0.000000000
  0
LINE
  5
D01
330
A02
100
AcDbEntity
  8
S06_Bodywork_Side
100
AcDbLine
 10
104.500000000
 20
159.273986712
 30
0.000000000
 11
104.500000000
 21
158.618407567
 31
0.000000000
  0
LINE
  5
D02
330
A02
100
AcDbEntity
  8
S06_Bodywork_Side
100
AcDbLine
 10
212.500000000
 20
130.557326941
 30
0.000000000
 11
212.500000000
 21
130.500187325
 31
0.000000000
  0
LINE
  5
D03
330
A02
100
AcDbEntity
  8
S06_Bodywork_Side
100
AcDbLine
 10
212.500000000
 20
130.681510462
 30
0.000000000
 11
212.500000000
 21
130.557326941
 31
0.000000000
  0
LINE
  5
D04
330
A02
100
AcDbEntity
  8
S06_Bodywork_Side
100
AcDbLine
 10
212.500000000
 20
130.892593895
 30
0.000000000
 11
212.500000000
 21
130.681510462
 31
0.000000000
  0
LINE
  5
D05
330
A02
100
AcDbEntity
  8
S06_Bodywork_Side
100
AcDbLine
 10
212.500000000
 20
131.194980373
 30
0.000000000
 11
212.500000000
 21
130.892593895
 31
0.000000000
  0
LINE
  5
D06
330
A02
100
AcDbEntity
  8
S06_Bodywork_Side
100
AcDbLine
 10
212.500000000
 20
131.579648923
 30
0.000000000
 11
212.500000000
 21
131.194980373
 31
0.000000000
  0
LINE
  5
D07
330
A02
100
AcDbEntity
  8
S06_Bodywork_Side
100
AcDbLine
 10
212.500000000
 20
132.078630727
 30
0.000000000
 11
212.500000000
 21
131.579648923
 31
0.000000000
  0
LINE
  5
D08
330
A02
100
AcDbEntity
  8
S06_Bodywork_Side
100
AcDbLine
 10
212.500000000
 20
132.752194681
 30
0.000000000
 11
212.500000000
 21
132.078630727
 31
0.000000000
  0
LINE
  5
D09
330
A02
100
AcDbEntity
  8
S06_Bodywork_Side
100
AcDbLine
 10
212.500000000
 20
134.211121170
 30
0.000000000
 11
212.500000000
 21
132.752194681
 31
0.000000000
  0
LINE
  5
D0A
330
A02
100
AcDbEntity
  8
S06_Bodywork_Side
100
AcDbLine
 10
212.500000000
 20
134.715540345
 30
0.000000000
 11
212.500000000
 21
134.211121170
 31
0.000000000
  0
LINE
  5
D0B
330
A02
100
AcDbEntity
  8
S06_Bodywork_Side
100
AcDbLine
 10
212.500000000
 20
135.192711178
 30
0.000000000
 11
212.500000000
 21
134.715540345
 31
0.000000000
  0
LINE
  5
D0C
330
A02
100
AcDbEntity
  8
S06_Bodywork_Side
100
AcDbLine
 10
212.500000000
 20
135.619016559
 30
0.000000000
 11
212.500000000
 21
135.192711178
 31
0.000000000
  0
LINE
  5
D0D
330
A02
100
AcDbEntity
  8
S06_Bodywork_Side
100
AcDbLine
 10
212.500000000
 20
135.970010137
 30
0.000000000
 11
212.500000000
 21
135.619016559
 31
0.000000000
  0
LINE
  5
D0E
330
A02
100
AcDbEntity
  8
S06_Bodywork_Side
100
AcDbLine
 10
212.500000000
 20
136.252562243
 30
0.000000000
 11
212.500000000
 21
135.970010137
 31
0.000000000
  0
LINE
  5
D0F
330
A02
100
AcDbEntity
  8
S06_Bodywork_Side
100
AcDbLine
 10
212.500000000
 20
136.445305176
 30
0.000000000
 11
212.500000000
 21
136.252562243
 31
0.000000000
  0
LINE
  5
D10
330
A02
100
AcDbEntity
  8
S06_Bodywork_Side
100
AcDbLine
 10
212.500000000
 20
136.499954453
 30
0.000000000
 11
212.500000000
 21
136.445305176
 31
0.000000000
  0
LINE
  5
D11
330
A02
100
AcDbEntity
  8
S06_Bodywork_Side
100
AcDbLine
 10
104.981403387
 20
159.729724063
 30
0.000000000
 11
104.500000000
 21
159.273986712
 31
0.000000000
  0
LINE
  5
D12
330
A02
100
AcDbEntity
  8
S06_Bodywork_Side
100
AcDbLine
 10
105.360291857
 20
160.113072640
 30
0.000000000
 11
104.981403387
 21
159.729724063
 31
0.000000000
  0
LINE
  5
D13
330
A02
100
AcDbEntity
  8
S06_Bodywork_Side
100
AcDbLine
 10
105.729524277
 20
160.485214242
 30
0.000000000
 11
105.360291857
 21
160.113072640
 31
0.000000000
  0
LINE
  5
D14
330
A02
100
AcDbEntity
  8
S06_Bodywork_Side
100
AcDbLine
 10
106.002265061
 20
160.724491812
 30
0.000000000
 11
105.729524277
 21
160.485214242
 31
0.000000000
  0
LINE
  5
D15
330
A02
100
AcDbEntity
  8
S06_Bodywork_Side
100
AcDbLine
 10
106.130219485
 20
160.813793328
 30
0.000000000
 11
106.002265061
 21
160.724491812
 31
0.000000000
  0
LINE
  5
D16
330
A02
100
AcDbEntity
  8
S06_Bodywork_Side
100
AcDbLine
 10
106.137533145
 20
160.818107398
 30
0.000000000
 11
106.130219485
 21
160.813793328
 31
0.000000000
  0
LINE
  5
D17
330
A02
100
AcDbEntity
  8
S06_Bodywork_Side
100
AcDbLine
 10
106.113865163
 20
160.803563431
 30
0.000000000
 11
106.128059591
 21
160.812285903
 31
0.000000000
  0
LINE
  5
D18
330
A02
100
AcDbEntity
  8
S06_Bodywork_Side
100
AcDbLine
 10
106.019533842
 20
160.737593935
 30
0.000000000
 11
106.113865163
 21
160.803563431
 31
0.000000000
  0
LINE
  5
D19
330
A02
100
AcDbEntity
  8
S06_Bodywork_Side
100
AcDbLine
 10
105.859866053
 20
160.606226975
 30
0.000000000
 11
105.981995940
 21
160.706709558
 31
0.000000000
  0
LINE
  5
D1A
330
A02
100
AcDbEntity
  8
S06_Bodywork_Side
100
AcDbLine
 10
106.011123130
 20
160.730674006
 30
0.000000000
 11
106.019533842
 21
160.737593935
 31
0.000000000
  0
LINE
  5
D1B
330
A02
100
AcDbEntity
  8
S06_Bodywork_Side
100
AcDbLine
 10
105.641213370
 20
160.398813122
 30
0.000000000
 11
105.685167749
 21
160.440508230
 31
0.000000000
  0
LINE
  5
D1C
330
A02
100
AcDbEntity
  8
S06_Bodywork_Side
100
AcDbLine
 10
105.766406780
 20
160.517571544
 30
0.000000000
 11
105.859866053
 21
160.606226975
 31
0.000000000
  0
LINE
  5
D1D
330
A02
100
AcDbEntity
  8
S06_Bodywork_Side
100
AcDbLine
 10
105.367573751
 20
160.120411909
 30
0.000000000
 11
105.641213370
 21
160.398813122
 31
0.000000000
  0
LINE
  5
D1E
330
A02
100
AcDbEntity
  8
S06_Bodywork_Side
100
AcDbLine
 10
104.979734034
 20
159.728143712
 30
0.000000000
 11
105.167804642
 21
159.918319551
 31
0.000000000
  0
LINE
  5
D1F
330
A02
100
AcDbEntity
  8
S06_Bodywork_Side
100
AcDbLine
 10
70.639216991
 20
146.983358188
 30
0.000000000
 11
68.500000000
 21
147.107527369
 31
0.000000000
  0
LINE
  5
D20
330
A02
100
AcDbEntity
  8
S06_Bodywork_Side
100
AcDbLine
 10
72.835745567
 20
146.811178698
 30
0.000000000
 11
70.639216991
 21
146.983358188
 31
0.000000000
  0
LINE
  5
D21
330
A02
100
AcDbEntity
  8
S06_Bodywork_Side
100
AcDbLine
 10
76.249965187
 20
146.489375647
 30
0.000000000
 11
72.835745567
 21
146.811178698
 31
0.000000000
  0
LINE
  5
D22
330
A02
100
AcDbEntity
  8
S06_Bodywork_Side
100
AcDbLine
 10
80.085287812
 20
146.121846976
 30
0.000000000
 11
76.249965187
 21
146.489375647
 31
0.000000000
  0
LINE
  5
D23
330
A02
100
AcDbEntity
  8
S06_Bodywork_Side
100
AcDbLine
 10
83.851468157
 20
145.844046492
 30
0.000000000
 11
80.085287812
 21
146.121846976
 31
0.000000000
  0
LINE
  5
D24
330
A02
100
AcDbEntity
  8
S06_Bodywork_Side
100
AcDbLine
 10
87.564659019
 20
145.727456189
 30
0.000000000
 11
83.851468157
 21
145.844046492
 31
0.000000000
  0
LINE
  5
D25
330
A02
100
AcDbEntity
  8
S06_Bodywork_Side
100
AcDbLine
 10
90.949549793
 20
145.790161655
 30
0.000000000
 11
87.564659019
 21
145.727456189
 31
0.000000000
  0
LINE
  5
D26
330
A02
100
AcDbEntity
  8
S06_Bodywork_Side
100
AcDbLine
 10
94.438741933
 20
146.011972071
 30
0.000000000
 11
90.949549793
 21
145.790161655
 31
0.000000000
  0
LINE
  5
D27
330
A02
100
AcDbEntity
  8
S06_Bodywork_Side
100
AcDbLine
 10
97.984283304
 20
146.348374349
 30
0.000000000
 11
94.438741933
 21
146.011972071
 31
0.000000000
  0
LINE
  5
D28
330
A02
100
AcDbEntity
  8
S06_Bodywork_Side
100
AcDbLine
 10
101.803066720
 20
146.749183064
 30
0.000000000
 11
97.984283304
 21
146.348374349
 31
0.000000000
  0
LINE
  5
D29
330
A02
100
AcDbEntity
  8
S06_Bodywork_Side
100
AcDbLine
 10
105.500000000
 20
147.085767558
 30
0.000000000
 11
101.803066720
 21
146.749183064
 31
0.000000000
  0
LINE
  5
D2A
330
A02
100
AcDbEntity
  8
S06_Bodywork_Side
100
AcDbLine
 10
68.500000000
 20
147.359740862
 30
0.000000000
 11
68.500000000
 21
147.418437275
 31
0.000000000
  0
LINE
  5
D2B
330
A02
100
AcDbEntity
  8
S06_Bodywork_Side
100
AcDbLine
 10
68.500000000
 20
147.107527369
 30
0.000000000
 11
68.500000000
 21
147.359740862
 31
0.000000000
  0
LINE
  5
D2C
330
A02
100
AcDbEntity
  8
S06_Bodywork_Side
100
AcDbLine
 10
103.281284456
 20
146.893558040
 30
0.000000000
 11
104.500000000
 21
146.998560333
 31
0.000000000
  0
LINE
  5
D2D
330
A02
100
AcDbEntity
  8
S06_Bodywork_Side
100
AcDbLine
 10
101.014178892
 20
146.666789258
 30
0.000000000
 11
101.096431997
 21
146.675016681
 31
0.000000000
  0
LINE
  5
D2E
330
A02
100
AcDbEntity
  8
S06_Bodywork_Side
100
AcDbLine
 10
102.191062748
 20
146.784507869
 30
0.000000000
 11
103.281284456
 21
146.893558040
 31
0.000000000
  0
LINE
  5
D2F
330
A02
100
AcDbEntity
  8
S06_Bodywork_Side
100
AcDbLine
 10
97.876779295
 20
146.338174329
 30
0.000000000
 11
101.014178892
 21
146.666789258
 31
0.000000000
  0
LINE
  5
D30
330
A02
100
AcDbEntity
  8
S06_Bodywork_Side
100
AcDbLine
 10
93.991455825
 20
145.983537776
 30
0.000000000
 11
96.107825063
 21
146.170335296
 31
0.000000000
  0
LINE
  5
D31
330
A02
100
AcDbEntity
  8
S06_Bodywork_Side
100
AcDbLine
 10
90.303533251
 20
145.778194129
 30
0.000000000
 11
92.328119809
 21
145.877798328
 31
0.000000000
  0
LINE
  5
D32
330
A02
100
AcDbEntity
  8
S06_Bodywork_Side
100
AcDbLine
 10
86.968546478
 20
145.746173498
 30
0.000000000
 11
88.590286850
 21
145.746456055
 31
0.000000000
  0
LINE
  5
D33
330
A02
100
AcDbEntity
  8
S06_Bodywork_Side
100
AcDbLine
 10
83.320641909
 20
145.883201225
 30
0.000000000
 11
84.843607617
 21
145.812894352
 31
0.000000000
  0
LINE
  5
D34
330
A02
100
AcDbEntity
  8
S06_Bodywork_Side
100
AcDbLine
 10
79.610090693
 20
146.167383840
 30
0.000000000
 11
81.010443962
 21
146.053605734
 31
0.000000000
  0
LINE
  5
D35
330
A02
100
AcDbEntity
  8
S06_Bodywork_Side
100
AcDbLine
 10
75.794591360
 20
146.533317367
 30
0.000000000
 11
76.136985400
 21
146.500024417
 31
0.000000000
  0
LINE
  5
D36
330
A02
100
AcDbEntity
  8
S06_Bodywork_Side
100
AcDbLine
 10
72.074245899
 20
146.874181948
 30
0.000000000
 11
72.324460389
 21
146.851256857
 31
0.000000000
  0
LINE
  5
D37
330
A02
100
AcDbEntity
  8
S06_Bodywork_Side
100
AcDbLine
 10
75.406666109
 20
146.568859760
 30
0.000000000
 11
75.794591360
 21
146.533317367
 31
0.000000000
  0
LINE
  5
D38
330
A02
100
AcDbEntity
  8
S06_Bodywork_Side
100
AcDbLine
 10
71.825696903
 20
146.890353477
 30
0.000000000
 11
72.074245899
 21
146.874181948
 31
0.000000000
  0
LINE
  5
D39
330
A02
100
AcDbEntity
  8
S06_Bodywork_Side
100
AcDbLine
 10
105.500000000
 20
147.085767558
 30
0.000000000
 11
105.500000000
 21
147.300647762
 31
0.000000000
  0
LINE
  5
D3A
330
A02
100
AcDbEntity
  8
S06_Bodywork_Side
100
AcDbLine
 10
27.500000000
 20
128.107918293
 30
0.000000000
 11
27.500000000
 21
128.000406573
 31
0.000000000
  0
LINE
  5
D3B
330
A02
100
AcDbEntity
  8
S06_Bodywork_Side
100
AcDbLine
 10
27.500000000
 20
128.421934480
 30
0.000000000
 11
27.500000000
 21
128.107918293
 31
0.000000000
  0
LINE
  5
D3C
330
A02
100
AcDbEntity
  8
S06_Bodywork_Side
100
AcDbLine
 10
27.500000000
 20
128.829045413
 30
0.000000000
 11
27.500000000
 21
128.421934480
 31
0.000000000
  0
LINE
  5
D3D
330
A02
100
AcDbEntity
  8
S06_Bodywork_Side
100
AcDbLine
 10
27.500000000
 20
129.279451850
 30
0.000000000
 11
27.500000000
 21
128.829045413
 31
0.000000000
  0
LINE
  5
D3E
330
A02
100
AcDbEntity
  8
S06_Bodywork_Side
100
AcDbLine
 10
27.500000000
 20
129.879097508
 30
0.000000000
 11
27.500000000
 21
129.279451850
 31
0.000000000
  0
LINE
  5
D3F
330
A02
100
AcDbEntity
  8
S06_Bodywork_Side
100
AcDbLine
 10
27.500000000
 20
130.632607379
 30
0.000000000
 11
27.500000000
 21
129.879097508
 31
0.000000000
  0
LINE
  5
D40
330
A02
100
AcDbEntity
  8
S06_Bodywork_Side
100
AcDbLine
 10
27.500000000
 20
131.588408305
 30
0.000000000
 11
27.500000000
 21
130.632607379
 31
0.000000000
  0
LINE
  5
D41
330
A02
100
AcDbEntity
  8
S06_Bodywork_Side
100
AcDbLine
 10
27.500000000
 20
132.443893705
 30
0.000000000
 11
27.500000000
 21
131.588408305
 31
0.000000000
  0
LINE
  5
D42
330
A02
100
AcDbEntity
  8
S06_Bodywork_Side
100
AcDbLine
 10
27.500000000
 20
134.021851979
 30
0.000000000
 11
27.500000000
 21
132.443893705
 31
0.000000000
  0
LINE
  5
D43
330
A02
100
AcDbEntity
  8
S06_Bodywork_Side
100
AcDbLine
 10
27.500000000
 20
136.241344604
 30
0.000000000
 11
27.500000000
 21
134.021851979
 31
0.000000000
  0
LINE
  5
D44
330
A02
100
AcDbEntity
  8
S06_Bodywork_Side
100
AcDbLine
 10
27.500000000
 20
137.559336517
 30
0.000000000
 11
27.500000000
 21
136.241344604
 31
0.000000000
  0
LINE
  5
D45
330
A02
100
AcDbEntity
  8
S06_Bodywork_Side
100
AcDbLine
 10
27.500000000
 20
138.601308250
 30
0.000000000
 11
27.500000000
 21
137.559336517
 31
0.000000000
  0
LINE
  5
D46
330
A02
100
AcDbEntity
  8
S06_Bodywork_Side
100
AcDbLine
 10
27.500000000
 20
139.589576099
 30
0.000000000
 11
27.500000000
 21
138.601308250
 31
0.000000000
  0
LINE
  5
D47
330
A02
100
AcDbEntity
  8
S06_Bodywork_Side
100
AcDbLine
 10
27.500000000
 20
140.467766751
 30
0.000000000
 11
27.500000000
 21
139.589576099
 31
0.000000000
  0
LINE
  5
D48
330
A02
100
AcDbEntity
  8
S06_Bodywork_Side
100
AcDbLine
 10
27.500000000
 20
141.237253164
 30
0.000000000
 11
27.500000000
 21
140.467766751
 31
0.000000000
  0
LINE
  5
D49
330
A02
100
AcDbEntity
  8
S06_Bodywork_Side
100
AcDbLine
 10
27.500000000
 20
141.638236640
 30
0.000000000
 11
27.500000000
 21
141.237253164
 31
0.000000000
  0
LINE
  5
D4A
330
A02
100
AcDbEntity
  8
S06_Bodywork_Side
100
AcDbLine
 10
27.500000000
 20
141.973378410
 30
0.000000000
 11
27.500000000
 21
141.638236640
 31
0.000000000
  0
LINE
  5
D4B
330
A02
100
AcDbEntity
  8
S06_Bodywork_Side
100
AcDbLine
 10
27.500000000
 20
142.454941633
 30
0.000000000
 11
27.500000000
 21
141.973378410
 31
0.000000000
  0
LINE
  5
D4C
330
A02
100
AcDbEntity
  8
S06_Bodywork_Side
100
AcDbLine
 10
27.500000000
 20
142.693009084
 30
0.000000000
 11
27.500000000
 21
142.454941633
 31
0.000000000
  0
LINE
  5
D4D
330
A02
100
AcDbEntity
  8
S06_Bodywork_Side
100
AcDbLine
 10
27.500000000
 20
142.749747672
 30
0.000000000
 11
27.500000000
 21
142.693009084
 31
0.000000000
  0
LINE
  5
D4E
330
A02
100
AcDbEntity
  8
S06_Bodywork_Side
100
AcDbLine
 10
130.000000000
 20
120.948556374
 30
0.000000000
 11
130.000000000
 21
120.509708688
 31
0.000000000
  0
LINE
  5
D4F
330
A02
100
AcDbEntity
  8
S06_Bodywork_Side
100
AcDbLine
 10
130.000000000
 20
121.486415748
 30
0.000000000
 11
130.000000000
 21
120.948556374
 31
0.000000000
  0
LINE
  5
D50
330
A02
100
AcDbEntity
  8
S06_Bodywork_Side
100
AcDbLine
 10
130.000000000
 20
122.032610535
 30
0.000000000
 11
130.000000000
 21
121.486415748
 31
0.000000000
  0
LINE
  5
D51
330
A02
100
AcDbEntity
  8
S06_Bodywork_Side
100
AcDbLine
 10
130.000000000
 20
122.126433507
 30
0.000000000
 11
130.000000000
 21
122.032610535
 31
0.000000000
  0
LINE
  5
D52
330
A02
100
AcDbEntity
  8
S06_Bodywork_Side
100
AcDbLine
 10
130.000000000
 20
139.980681847
 30
0.000000000
 11
130.000000000
 21
139.334932572
 31
0.000000000
  0
LINE
  5
D53
330
A02
100
AcDbEntity
  8
S06_Bodywork_Side
100
AcDbLine
 10
130.000000000
 20
141.150667675
 30
0.000000000
 11
130.000000000
 21
139.980681847
 31
0.000000000
  0
LINE
  5
D54
330
A02
100
AcDbEntity
  8
S06_Bodywork_Side
100
AcDbLine
 10
130.000000000
 20
141.638882700
 30
0.000000000
 11
130.000000000
 21
141.150667675
 31
0.000000000
  0
LINE
  5
D55
330
A02
100
AcDbEntity
  8
S06_Bodywork_Side
100
AcDbLine
 10
53.173390061
 20
125.613487257
 30
0.000000000
 11
50.331578947
 21
117.899999950
 31
0.000000000
  0
LINE
  5
D56
330
A02
100
AcDbEntity
  8
S06_Bodywork_Side
100
AcDbLine
 10
72.500000000
 20
117.899999950
 30
0.000000000
 11
72.500000000
 21
121.068355991
 31
0.000000000
  0
LINE
  5
D57
330
A02
100
AcDbEntity
  8
S06_Bodywork_Side
100
AcDbLine
 10
180.500000000
 20
120.999999950
 30
0.000000000
 11
77.500000000
 21
119.999999950
 31
0.000000000
  0
LINE
  5
D58
330
A02
100
AcDbEntity
  8
S06_Bodywork_Side
100
AcDbLine
 10
180.500000000
 20
117.899999950
 30
0.000000000
 11
180.500000000
 21
120.999999950
 31
0.000000000
  0
LINE
  5
D59
330
A02
100
AcDbEntity
  8
S06_Bodywork_Side
100
AcDbLine
 10
77.500000000
 20
119.999999950
 30
0.000000000
 11
72.500000000
 21
117.899999950
 31
0.000000000
  0
LINE
  5
D5A
330
A02
100
AcDbEntity
  8
S06_Bodywork_Side
100
AcDbLine
 10
190.000000000
 20
116.999999950
 30
0.000000000
 11
189.000000000
 21
116.999999950
 31
0.000000000
  0
LINE
  5
D5B
330
A02
100
AcDbEntity
  8
S06_Bodywork_Side
100
AcDbLine
 10
190.000000000
 20
116.999999950
 30
0.000000000
 11
190.000000000
 21
117.899999950
 31
0.000000000
  0
LINE
  5
D5C
330
A02
100
AcDbEntity
  8
S06_Bodywork_Side
100
AcDbLine
 10
189.000000000
 20
116.999999950
 30
0.000000000
 11
181.500000000
 21
116.999999950
 31
0.000000000
  0
LINE
  5
D5D
330
A02
100
AcDbEntity
  8
S06_Bodywork_Side
100
AcDbLine
 10
189.000000000
 20
116.999999950
 30
0.000000000
 11
189.000000000
 21
117.899999950
 31
0.000000000
  0
LINE
  5
D5E
330
A02
100
AcDbEntity
  8
S06_Bodywork_Side
100
AcDbLine
 10
181.500000000
 20
116.999999950
 30
0.000000000
 11
71.500000000
 21
116.999999950
 31
0.000000000
  0
LINE
  5
D5F
330
A02
100
AcDbEntity
  8
S06_Bodywork_Side
100
AcDbLine
 10
181.500000000
 20
116.999999950
 30
0.000000000
 11
181.500000000
 21
117.899999950
 31
0.000000000
  0
LINE
  5
D60
330
A02
100
AcDbEntity
  8
S06_Bodywork_Side
100
AcDbLine
 10
71.500000000
 20
116.999999950
 30
0.000000000
 11
58.500000000
 21
116.999999950
 31
0.000000000
  0
LINE
  5
D61
330
A02
100
AcDbEntity
  8
S06_Bodywork_Side
100
AcDbLine
 10
71.500000000
 20
116.999999950
 30
0.000000000
 11
71.500000000
 21
117.899999950
 31
0.000000000
  0
LINE
  5
D62
330
A02
100
AcDbEntity
  8
S06_Bodywork_Side
100
AcDbLine
 10
58.500000000
 20
116.999999950
 30
0.000000000
 11
49.000000000
 21
116.999999950
 31
0.000000000
  0
LINE
  5
D63
330
A02
100
AcDbEntity
  8
S06_Bodywork_Side
100
AcDbLine
 10
49.000000000
 20
116.999999950
 30
0.000000000
 11
49.000000000
 21
117.899999950
 31
0.000000000
  0
LINE
  5
D64
330
A02
100
AcDbEntity
  8
S06_Bodywork_Side
100
AcDbLine
 10
58.500000000
 20
116.999999950
 30
0.000000000
 11
58.500000000
 21
117.899999950
 31
0.000000000
  0
LINE
  5
D65
330
A02
100
AcDbEntity
  8
S06_Bodywork_Side
100
AcDbLine
 10
71.500000000
 20
117.899999950
 30
0.000000000
 11
58.500000000
 21
117.899999950
 31
0.000000000
  0
LINE
  5
D66
330
A02
100
AcDbEntity
  8
S06_Bodywork_Side
100
AcDbLine
 10
190.000000000
 20
117.899999950
 30
0.000000000
 11
189.000000000
 21
117.899999950
 31
0.000000000
  0
LINE
  5
D67
330
A02
100
AcDbEntity
  8
S06_Bodywork_Side
100
AcDbLine
 10
189.000000000
 20
117.899999950
 30
0.000000000
 11
181.500000000
 21
117.899999950
 31
0.000000000
  0
LINE
  5
D68
330
A02
100
AcDbEntity
  8
S06_Bodywork_Side
100
AcDbLine
 10
181.500000000
 20
117.899999950
 30
0.000000000
 11
71.500000000
 21
117.899999950
 31
0.000000000
  0
LINE
  5
D69
330
A02
100
AcDbEntity
  8
S06_Bodywork_Side
100
AcDbLine
 10
71.500000000
 20
117.899999950
 30
0.000000000
 11
58.500000000
 21
117.899999950
 31
0.000000000
  0
LINE
  5
D6A
330
A02
100
AcDbEntity
  8
S06_Bodywork_Side
100
AcDbLine
 10
58.500000000
 20
117.899999950
 30
0.000000000
 11
49.000000000
 21
117.899999950
 31
0.000000000
  0
LINE
  5
D6B
330
A02
100
AcDbEntity
  8
S06_Bodywork_Side
100
AcDbLine
 10
157.923389014
 20
120.996970946
 30
0.000000000
 11
158.136635732
 21
120.994518511
 31
0.000000000
  0
LINE
  5
D6C
330
A02
100
AcDbEntity
  8
S06_Bodywork_Side
100
AcDbLine
 10
160.824241518
 20
120.963609821
 30
0.000000000
 11
161.073981593
 21
120.960737697
 31
0.000000000
  0
LINE
  5
D6D
330
A02
100
AcDbEntity
  8
S06_Bodywork_Side
100
AcDbLine
 10
146.538739331
 20
121.325574446
 30
0.000000000
 11
148.709396020
 21
121.242267215
 31
0.000000000
  0
LINE
  5
D6E
330
A02
100
AcDbEntity
  8
S06_Bodywork_Side
100
AcDbLine
 10
148.709396020
 20
121.242267215
 30
0.000000000
 11
150.147286817
 21
121.191734541
 31
0.000000000
  0
LINE
  5
D6F
330
A02
100
AcDbEntity
  8
S06_Bodywork_Side
100
AcDbLine
 10
150.147286817
 20
121.191734541
 30
0.000000000
 11
150.530541991
 21
121.179289604
 31
0.000000000
  0
LINE
  5
D70
330
A02
100
AcDbEntity
  8
S06_Bodywork_Side
100
AcDbLine
 10
167.374728505
 20
120.967269766
 30
0.000000000
 11
167.721412134
 21
120.970744873
 31
0.000000000
  0
LINE
  5
D71
330
A02
100
AcDbEntity
  8
S06_Bodywork_Side
100
AcDbLine
 10
167.948121034
 20
120.973017371
 30
0.000000000
 11
167.987928987
 21
120.973416400
 31
0.000000000
  0
LINE
  5
D72
330
A02
100
AcDbEntity
  8
S06_Bodywork_Side
100
AcDbLine
 10
181.135524936
 20
121.279319175
 30
0.000000000
 11
178.697479855
 21
121.206095766
 31
0.000000000
  0
LINE
  5
D73
330
A02
100
AcDbEntity
  8
S06_Bodywork_Side
100
AcDbLine
 10
181.159677539
 20
121.280059207
 30
0.000000000
 11
181.135524936
 21
121.279319175
 31
0.000000000
  0
LINE
  5
D74
330
A02
100
AcDbEntity
  8
S06_Bodywork_Side
100
AcDbLine
 10
182.970256921
 20
121.334440862
 30
0.000000000
 11
183.528756568
 21
121.350792611
 31
0.000000000
  0
LINE
  5
D75
330
A02
100
AcDbEntity
  8
S06_Bodywork_Side
100
AcDbLine
 10
187.146796277
 20
121.445212349
 30
0.000000000
 11
189.658520822
 21
121.495248617
 31
0.000000000
  0
LINE
  5
D76
330
A02
100
AcDbEntity
  8
S06_Bodywork_Side
100
AcDbLine
 10
143.395191517
 20
121.459268196
 30
0.000000000
 11
144.081593389
 21
121.430075817
 31
0.000000000
  0
LINE
  5
D77
330
A02
100
AcDbEntity
  8
S06_Bodywork_Side
100
AcDbLine
 10
146.262413632
 20
121.337326460
 30
0.000000000
 11
146.538739331
 21
121.325574446
 31
0.000000000
  0
LINE
  5
D78
330
A02
100
AcDbEntity
  8
S06_Bodywork_Side
100
AcDbLine
 10
142.175819126
 20
121.514726735
 30
0.000000000
 11
142.356805915
 21
121.506495235
 31
0.000000000
  0
LINE
  5
D79
330
A02
100
AcDbEntity
  8
S06_Bodywork_Side
100
AcDbLine
 10
142.739217912
 20
121.489102673
 30
0.000000000
 11
143.395191517
 21
121.459268196
 31
0.000000000
  0
LINE
  5
D7A
330
A02
100
AcDbEntity
  8
S06_Bodywork_Side
100
AcDbLine
 10
164.250826718
 20
120.950979543
 30
0.000000000
 11
163.248175388
 21
120.954068850
 31
0.000000000
  0
LINE
  5
D7B
330
A02
100
AcDbEntity
  8
S06_Bodywork_Side
100
AcDbLine
 10
161.392377976
 20
120.959786819
 30
0.000000000
 11
161.074244965
 21
120.960767031
 31
0.000000000
  0
LINE
  5
D7C
330
A02
100
AcDbEntity
  8
S06_Bodywork_Side
100
AcDbLine
 10
166.404715562
 20
120.959677964
 30
0.000000000
 11
164.250826718
 21
120.950979543
 31
0.000000000
  0
LINE
  5
D7D
330
A02
100
AcDbEntity
  8
S06_Bodywork_Side
100
AcDbLine
 10
166.404715562
 20
120.959677964
 30
0.000000000
 11
167.374728505
 21
120.967269766
 31
0.000000000
  0
LINE
  5
D7E
330
A02
100
AcDbEntity
  8
S06_Bodywork_Side
100
AcDbLine
 10
169.102510740
 20
120.987015261
 30
0.000000000
 11
168.329875735
 21
120.977588446
 31
0.000000000
  0
LINE
  5
D7F
330
A02
100
AcDbEntity
  8
S06_Bodywork_Side
100
AcDbLine
 10
168.019326023
 20
120.973799471
 30
0.000000000
 11
167.987928987
 21
120.973416400
 31
0.000000000
  0
LINE
  5
D80
330
A02
100
AcDbEntity
  8
S06_Bodywork_Side
100
AcDbLine
 10
169.458222782
 20
120.991957331
 30
0.000000000
 11
169.102510740
 21
120.987015261
 31
0.000000000
  0
LINE
  5
D81
330
A02
100
AcDbEntity
  8
S06_Bodywork_Side
100
AcDbLine
 10
169.458222782
 20
120.991957331
 30
0.000000000
 11
170.046078678
 21
121.002181782
 31
0.000000000
  0
LINE
  5
D82
330
A02
100
AcDbEntity
  8
S06_Bodywork_Side
100
AcDbLine
 10
171.892531791
 20
121.034296742
 30
0.000000000
 11
172.176370454
 21
121.039233486
 31
0.000000000
  0
LINE
  5
D83
330
A02
100
AcDbEntity
  8
S06_Bodywork_Side
100
AcDbLine
 10
176.070188588
 20
121.131788631
 30
0.000000000
 11
175.347550980
 21
121.112675938
 31
0.000000000
  0
LINE
  5
D84
330
A02
100
AcDbEntity
  8
S06_Bodywork_Side
100
AcDbLine
 10
176.273385970
 20
121.137394969
 30
0.000000000
 11
176.070188588
 21
121.131788631
 31
0.000000000
  0
LINE
  5
D85
330
A02
100
AcDbEntity
  8
S06_Bodywork_Side
100
AcDbLine
 10
178.136282967
 20
121.189664751
 30
0.000000000
 11
178.081281362
 21
121.188120711
 31
0.000000000
  0
LINE
  5
D86
330
A02
100
AcDbEntity
  8
S06_Bodywork_Side
100
AcDbLine
 10
178.136282967
 20
121.189664751
 30
0.000000000
 11
178.697479855
 21
121.206095766
 31
0.000000000
  0
LINE
  5
D87
330
A02
100
AcDbEntity
  8
S06_Bodywork_Side
100
AcDbLine
 10
131.336990320
 20
122.057176155
 30
0.000000000
 11
130.000000000
 21
122.126249863
 31
0.000000000
  0
LINE
  5
D88
330
A02
100
AcDbEntity
  8
S06_Bodywork_Side
100
AcDbLine
 10
134.270978200
 20
121.905224487
 30
0.000000000
 11
132.412758994
 21
122.001485942
 31
0.000000000
  0
LINE
  5
D89
330
A02
100
AcDbEntity
  8
S06_Bodywork_Side
100
AcDbLine
 10
134.270978200
 20
121.905224487
 30
0.000000000
 11
134.569908887
 21
121.889996234
 31
0.000000000
  0
LINE
  5
D8A
330
A02
100
AcDbEntity
  8
S06_Bodywork_Side
100
AcDbLine
 10
135.312550136
 20
121.851685760
 30
0.000000000
 11
135.304974315
 21
121.852090452
 31
0.000000000
  0
LINE
  5
D8B
330
A02
100
AcDbEntity
  8
S06_Bodywork_Side
100
AcDbLine
 10
135.358134892
 20
121.849378892
 30
0.000000000
 11
135.312550136
 21
121.851685760
 31
0.000000000
  0
LINE
  5
D8C
330
A02
100
AcDbEntity
  8
S06_Bodywork_Side
100
AcDbLine
 10
137.701362065
 20
121.730841113
 30
0.000000000
 11
137.689347783
 21
121.731448768
 31
0.000000000
  0
LINE
  5
D8D
330
A02
100
AcDbEntity
  8
S06_Bodywork_Side
100
AcDbLine
 10
137.570700216
 20
121.737449699
 30
0.000000000
 11
136.248442853
 21
121.804326547
 31
0.000000000
  0
LINE
  5
D8E
330
A02
100
AcDbEntity
  8
S06_Bodywork_Side
100
AcDbLine
 10
140.091926312
 20
121.613184351
 30
0.000000000
 11
140.024060136
 21
121.616524530
 31
0.000000000
  0
LINE
  5
D8F
330
A02
100
AcDbEntity
  8
S06_Bodywork_Side
100
AcDbLine
 10
137.909405959
 20
121.720601785
 30
0.000000000
 11
137.701362065
 21
121.730841113
 31
0.000000000
  0
LINE
  5
D90
330
A02
100
AcDbEntity
  8
S06_Bodywork_Side
100
AcDbLine
 10
140.529219605
 20
121.592241062
 30
0.000000000
 11
140.697173079
 21
121.584334585
 31
0.000000000
  0
LINE
  5
D91
330
A02
100
AcDbEntity
  8
S06_Bodywork_Side
100
AcDbLine
 10
142.016556012
 20
121.522224109
 30
0.000000000
 11
142.175819126
 21
121.514726735
 31
0.000000000
  0
LINE
  5
D92
330
A02
100
AcDbEntity
  8
S06_Bodywork_Side
100
AcDbLine
 10
140.529219605
 20
121.592241062
 30
0.000000000
 11
140.091926312
 21
121.613184351
 31
0.000000000
  0
LINE
  5
D93
330
A02
100
AcDbEntity
  8
S06_Bodywork_Side
100
AcDbLine
 10
157.754825261
 20
121.000139467
 30
0.000000000
 11
157.923389014
 21
120.996970946
 31
0.000000000
  0
LINE
  5
D94
330
A02
100
AcDbEntity
  8
S06_Bodywork_Side
100
AcDbLine
 10
175.225926637
 20
121.109687495
 30
0.000000000
 11
175.347550980
 21
121.112675938
 31
0.000000000
  0
LINE
  5
D95
330
A02
100
AcDbEntity
  8
S06_Bodywork_Side
100
AcDbLine
 10
172.387059361
 20
121.044014815
 30
0.000000000
 11
172.176370454
 21
121.039233486
 31
0.000000000
  0
LINE
  5
D96
330
A02
100
AcDbEntity
  8
S06_Bodywork_Side
100
AcDbLine
 10
86.561027383
 20
143.476740466
 30
0.000000000
 11
86.133164992
 21
143.463787279
 31
0.000000000
  0
LINE
  5
D97
330
A02
100
AcDbEntity
  8
S06_Bodywork_Side
100
AcDbLine
 10
92.788532391
 20
143.513559260
 30
0.000000000
 11
92.505217931
 21
143.518492271
 31
0.000000000
  0
LINE
  5
D98
330
A02
100
AcDbEntity
  8
S06_Bodywork_Side
100
AcDbLine
 10
92.788532391
 20
143.513559260
 30
0.000000000
 11
94.599477027
 21
143.466855579
 31
0.000000000
  0
LINE
  5
D99
330
A02
100
AcDbEntity
  8
S06_Bodywork_Side
100
AcDbLine
 10
77.264675275
 20
127.246361566
 30
0.000000000
 11
79.033663414
 21
126.738706461
 31
0.000000000
  0
LINE
  5
D9A
330
A02
100
AcDbEntity
  8
S06_Bodywork_Side
100
AcDbLine
 10
79.033663414
 20
126.738706461
 30
0.000000000
 11
80.896129009
 21
126.262208354
 31
0.000000000
  0
LINE
  5
D9B
330
A02
100
AcDbEntity
  8
S06_Bodywork_Side
100
AcDbLine
 10
110.067732972
 20
142.295593868
 30
0.000000000
 11
109.468480126
 21
142.363756282
 31
0.000000000
  0
LINE
  5
D9C
330
A02
100
AcDbEntity
  8
S06_Bodywork_Side
100
AcDbLine
 10
80.896129009
 20
126.262208354
 30
0.000000000
 11
82.190665938
 21
125.966261597
 31
0.000000000
  0
LINE
  5
D9D
330
A02
100
AcDbEntity
  8
S06_Bodywork_Side
100
AcDbLine
 10
94.618799675
 20
124.141570741
 30
0.000000000
 11
95.348213273
 21
124.072751875
 31
0.000000000
  0
LINE
  5
D9E
330
A02
100
AcDbEntity
  8
S06_Bodywork_Side
100
AcDbLine
 10
105.630459235
 20
123.352256933
 30
0.000000000
 11
104.504245775
 21
123.417464225
 31
0.000000000
  0
LINE
  5
D9F
330
A02
100
AcDbEntity
  8
S06_Bodywork_Side
100
AcDbLine
 10
105.630459235
 20
123.352256933
 30
0.000000000
 11
107.122573041
 21
123.272826479
 31
0.000000000
  0
LINE
  5
DA0
330
A02
100
AcDbEntity
  8
S06_Bodywork_Side
100
AcDbLine
 10
112.311429640
 20
123.007808834
 30
0.000000000
 11
111.529851949
 21
123.045841135
 31
0.000000000
  0
LINE
  5
DA1
330
A02
100
AcDbEntity
  8
S06_Bodywork_Side
100
AcDbLine
 10
156.096367213
 20
121.029920077
 30
0.000000000
 11
153.954203855
 21
121.046462416
 31
0.000000000
  0
LINE
  5
DA2
330
A02
100
AcDbEntity
  8
S06_Bodywork_Side
100
AcDbLine
 10
171.121074895
 20
121.019136668
 30
0.000000000
 11
172.808403726
 21
121.052294748
 31
0.000000000
  0
LINE
  5
DA3
330
A02
100
AcDbEntity
  8
S06_Bodywork_Side
100
AcDbLine
 10
92.775902500
 20
124.324095364
 30
0.000000000
 11
94.618799675
 21
124.141570741
 31
0.000000000
  0
LINE
  5
DA4
330
A02
100
AcDbEntity
  8
S06_Bodywork_Side
100
AcDbLine
 10
116.076522301
 20
141.527183246
 30
0.000000000
 11
118.011561007
 21
141.249774386
 31
0.000000000
  0
LINE
  5
DA5
330
A02
100
AcDbEntity
  8
S06_Bodywork_Side
100
AcDbLine
 10
102.247011264
 20
123.554053308
 30
0.000000000
 11
104.504245775
 21
123.417464225
 31
0.000000000
  0
LINE
  5
DA6
330
A02
100
AcDbEntity
  8
S06_Bodywork_Side
100
AcDbLine
 10
112.311429640
 20
123.007808834
 30
0.000000000
 11
114.390300284
 21
122.905924327
 31
0.000000000
  0
LINE
  5
DA7
330
A02
100
AcDbEntity
  8
S06_Bodywork_Side
100
AcDbLine
 10
114.390300284
 20
122.905924327
 30
0.000000000
 11
116.177041655
 21
122.820909019
 31
0.000000000
  0
LINE
  5
DA8
330
A02
100
AcDbEntity
  8
S06_Bodywork_Side
100
AcDbLine
 10
116.177041655
 20
122.820909019
 30
0.000000000
 11
117.910800641
 21
122.735382641
 31
0.000000000
  0
LINE
  5
DA9
330
A02
100
AcDbEntity
  8
S06_Bodywork_Side
100
AcDbLine
 10
135.145916876
 20
138.373378586
 30
0.000000000
 11
136.218070561
 21
138.175875971
 31
0.000000000
  0
LINE
  5
DAA
330
A02
100
AcDbEntity
  8
S06_Bodywork_Side
100
AcDbLine
 10
142.612640821
 20
136.978909557
 30
0.000000000
 11
145.296296368
 21
136.471414716
 31
0.000000000
  0
LINE
  5
DAB
330
A02
100
AcDbEntity
  8
S06_Bodywork_Side
100
AcDbLine
 10
148.882875775
 20
135.792891297
 30
0.000000000
 11
146.733768468
 21
136.198962173
 31
0.000000000
  0
LINE
  5
DAC
330
A02
100
AcDbEntity
  8
S06_Bodywork_Side
100
AcDbLine
 10
150.721063781
 20
135.446946405
 30
0.000000000
 11
153.960108742
 21
134.864207357
 31
0.000000000
  0
LINE
  5
DAD
330
A02
100
AcDbEntity
  8
S06_Bodywork_Side
100
AcDbLine
 10
153.960108742
 20
134.864207357
 30
0.000000000
 11
153.979760644
 21
134.883146034
 31
0.000000000
  0
LINE
  5
DAE
330
A02
100
AcDbEntity
  8
S06_Bodywork_Side
100
AcDbLine
 10
135.145916876
 20
121.860203490
 30
0.000000000
 11
136.218070561
 21
121.805516178
 31
0.000000000
  0
LINE
  5
DAF
330
A02
100
AcDbEntity
  8
S06_Bodywork_Side
100
AcDbLine
 10
145.296296368
 20
121.376662968
 30
0.000000000
 11
142.612700900
 21
121.494665872
 31
0.000000000
  0
LINE
  5
DB0
330
A02
100
AcDbEntity
  8
S06_Bodywork_Side
100
AcDbLine
 10
146.733407662
 20
121.318149430
 30
0.000000000
 11
148.883436135
 21
121.236316253
 31
0.000000000
  0
LINE
  5
DB1
330
A02
100
AcDbEntity
  8
S06_Bodywork_Side
100
AcDbLine
 10
153.954203855
 20
121.046462416
 30
0.000000000
 11
150.720851139
 21
121.172958233
 31
0.000000000
  0
LINE
  5
DB2
330
A02
100
AcDbEntity
  8
S06_Bodywork_Side
100
AcDbLine
 10
184.083533793
 20
121.366815947
 30
0.000000000
 11
186.134166236
 21
121.422274926
 31
0.000000000
  0
LINE
  5
DB3
330
A02
100
AcDbEntity
  8
S06_Bodywork_Side
100
AcDbLine
 10
145.296296368
 20
136.471414716
 30
0.000000000
 11
146.733768468
 21
136.198962173
 31
0.000000000
  0
LINE
  5
DB4
330
A02
100
AcDbEntity
  8
S06_Bodywork_Side
100
AcDbLine
 10
145.296296368
 20
121.376662968
 30
0.000000000
 11
146.733407662
 21
121.318149430
 31
0.000000000
  0
LINE
  5
DB5
330
A02
100
AcDbEntity
  8
S06_Bodywork_Side
100
AcDbLine
 10
150.720851139
 20
121.172958233
 30
0.000000000
 11
150.627983410
 21
121.175915954
 31
0.000000000
  0
LINE
  5
DB6
330
A02
100
AcDbEntity
  8
S06_Bodywork_Side
100
AcDbLine
 10
121.645970920
 20
140.698239560
 30
0.000000000
 11
123.597143480
 21
140.380961105
 31
0.000000000
  0
LINE
  5
DB7
330
A02
100
AcDbEntity
  8
S06_Bodywork_Side
100
AcDbLine
 10
125.375575398
 20
140.130800248
 30
0.000000000
 11
125.830776964
 21
140.018665197
 31
0.000000000
  0
LINE
  5
DB8
330
A02
100
AcDbEntity
  8
S06_Bodywork_Side
100
AcDbLine
 10
121.645970920
 20
122.552749651
 30
0.000000000
 11
125.446995395
 21
122.361118454
 31
0.000000000
  0
LINE
  5
DB9
330
A02
100
AcDbEntity
  8
S06_Bodywork_Side
100
AcDbLine
 10
167.367032093
 20
132.442978227
 30
0.000000000
 11
162.708137775
 21
133.251657152
 31
0.000000000
  0
LINE
  5
DBA
330
A02
100
AcDbEntity
  8
S06_Bodywork_Side
100
AcDbLine
 10
162.227866896
 20
133.336680749
 30
0.000000000
 11
162.708137775
 21
133.251657152
 31
0.000000000
  0
LINE
  5
DBB
330
A02
100
AcDbEntity
  8
S06_Bodywork_Side
100
AcDbLine
 10
162.253285675
 20
120.953993753
 30
0.000000000
 11
162.708137775
 21
120.952343803
 31
0.000000000
  0
LINE
  5
DBC
330
A02
100
AcDbEntity
  8
S06_Bodywork_Side
100
AcDbLine
 10
167.367032093
 20
120.967225756
 30
0.000000000
 11
162.708137775
 21
120.952343803
 31
0.000000000
  0
LINE
  5
DBD
330
A02
100
AcDbEntity
  8
S06_Bodywork_Side
100
AcDbLine
 10
78.898851325
 20
142.982222973
 30
0.000000000
 11
82.924044892
 21
143.311842638
 31
0.000000000
  0
LINE
  5
DBE
330
A02
100
AcDbEntity
  8
S06_Bodywork_Side
100
AcDbLine
 10
78.723496718
 20
142.964283185
 30
0.000000000
 11
78.898851325
 21
142.982222973
 31
0.000000000
  0
LINE
  5
DBF
330
A02
100
AcDbEntity
  8
S06_Bodywork_Side
100
AcDbLine
 10
86.133164992
 20
143.463787279
 30
0.000000000
 11
82.924044892
 21
143.311842638
 31
0.000000000
  0
LINE
  5
DC0
330
A02
100
AcDbEntity
  8
S06_Bodywork_Side
100
AcDbLine
 10
87.947155049
 20
143.512494344
 30
0.000000000
 11
86.561027383
 21
143.476740466
 31
0.000000000
  0
LINE
  5
DC1
330
A02
100
AcDbEntity
  8
S06_Bodywork_Side
100
AcDbLine
 10
87.947155049
 20
143.512494344
 30
0.000000000
 11
88.698906869
 21
143.524790390
 31
0.000000000
  0
LINE
  5
DC2
330
A02
100
AcDbEntity
  8
S06_Bodywork_Side
100
AcDbLine
 10
91.766339582
 20
143.527909966
 30
0.000000000
 11
88.698906869
 21
143.524790390
 31
0.000000000
  0
LINE
  5
DC3
330
A02
100
AcDbEntity
  8
S06_Bodywork_Side
100
AcDbLine
 10
92.505217931
 20
143.518492271
 30
0.000000000
 11
91.766339582
 21
143.527909966
 31
0.000000000
  0
LINE
  5
DC4
330
A02
100
AcDbEntity
  8
S06_Bodywork_Side
100
AcDbLine
 10
97.290656392
 20
143.362295307
 30
0.000000000
 11
94.599477027
 21
143.466855579
 31
0.000000000
  0
LINE
  5
DC5
330
A02
100
AcDbEntity
  8
S06_Bodywork_Side
100
AcDbLine
 10
98.265198353
 20
143.312321615
 30
0.000000000
 11
97.290656392
 21
143.362295307
 31
0.000000000
  0
LINE
  5
DC6
330
A02
100
AcDbEntity
  8
S06_Bodywork_Side
100
AcDbLine
 10
99.582988475
 20
143.236411726
 30
0.000000000
 11
98.265198353
 21
143.312321615
 31
0.000000000
  0
LINE
  5
DC7
330
A02
100
AcDbEntity
  8
S06_Bodywork_Side
100
AcDbLine
 10
75.984320083
 20
127.658570735
 30
0.000000000
 11
75.000000000
 21
127.997558708
 31
0.000000000
  0
LINE
  5
DC8
330
A02
100
AcDbEntity
  8
S06_Bodywork_Side
100
AcDbLine
 10
75.984320083
 20
127.658570735
 30
0.000000000
 11
77.264675275
 21
127.246361566
 31
0.000000000
  0
LINE
  5
DC9
330
A02
100
AcDbEntity
  8
S06_Bodywork_Side
100
AcDbLine
 10
103.532573405
 20
142.950421611
 30
0.000000000
 11
102.428973798
 21
143.038460162
 31
0.000000000
  0
LINE
  5
DCA
330
A02
100
AcDbEntity
  8
S06_Bodywork_Side
100
AcDbLine
 10
104.657971217
 20
142.852880986
 30
0.000000000
 11
103.532573405
 21
142.950421611
 31
0.000000000
  0
LINE
  5
DCB
330
A02
100
AcDbEntity
  8
S06_Bodywork_Side
100
AcDbLine
 10
105.869828757
 20
142.737936123
 30
0.000000000
 11
104.657971217
 21
142.852880986
 31
0.000000000
  0
LINE
  5
DCC
330
A02
100
AcDbEntity
  8
S06_Bodywork_Side
100
AcDbLine
 10
106.503056166
 20
142.677353418
 30
0.000000000
 11
105.869828757
 21
142.737936123
 31
0.000000000
  0
LINE
  5
DCD
330
A02
100
AcDbEntity
  8
S06_Bodywork_Side
100
AcDbLine
 10
109.468480126
 20
142.363756282
 30
0.000000000
 11
106.503056166
 21
142.677353418
 31
0.000000000
  0
LINE
  5
DCE
330
A02
100
AcDbEntity
  8
S06_Bodywork_Side
100
AcDbLine
 10
83.737583928
 20
125.646325029
 30
0.000000000
 11
82.190665938
 21
125.966261597
 31
0.000000000
  0
LINE
  5
DCF
330
A02
100
AcDbEntity
  8
S06_Bodywork_Side
100
AcDbLine
 10
84.953467948
 20
125.420662095
 30
0.000000000
 11
83.737583928
 21
125.646325029
 31
0.000000000
  0
LINE
  5
DD0
330
A02
100
AcDbEntity
  8
S06_Bodywork_Side
100
AcDbLine
 10
86.672722526
 20
125.125528993
 30
0.000000000
 11
84.953467948
 21
125.420662095
 31
0.000000000
  0
LINE
  5
DD1
330
A02
100
AcDbEntity
  8
S06_Bodywork_Side
100
AcDbLine
 10
113.855517568
 20
141.825929319
 30
0.000000000
 11
110.067732972
 21
142.295593868
 31
0.000000000
  0
LINE
  5
DD2
330
A02
100
AcDbEntity
  8
S06_Bodywork_Side
100
AcDbLine
 10
114.902765398
 20
141.687427825
 30
0.000000000
 11
113.855517568
 21
141.825929319
 31
0.000000000
  0
LINE
  5
DD3
330
A02
100
AcDbEntity
  8
S06_Bodywork_Side
100
AcDbLine
 10
114.902765398
 20
141.687427825
 30
0.000000000
 11
116.076522301
 21
141.527183246
 31
0.000000000
  0
LINE
  5
DD4
330
A02
100
AcDbEntity
  8
S06_Bodywork_Side
100
AcDbLine
 10
87.963337425
 20
124.930009975
 30
0.000000000
 11
90.420977119
 21
124.598796694
 31
0.000000000
  0
LINE
  5
DD5
330
A02
100
AcDbEntity
  8
S06_Bodywork_Side
100
AcDbLine
 10
87.963337425
 20
124.930009975
 30
0.000000000
 11
86.672722526
 21
125.125528993
 31
0.000000000
  0
LINE
  5
DD6
330
A02
100
AcDbEntity
  8
S06_Bodywork_Side
100
AcDbLine
 10
91.459855688
 20
124.472836429
 30
0.000000000
 11
90.420977119
 21
124.598796694
 31
0.000000000
  0
LINE
  5
DD7
330
A02
100
AcDbEntity
  8
S06_Bodywork_Side
100
AcDbLine
 10
91.459855688
 20
124.472836429
 30
0.000000000
 11
92.775902500
 21
124.324095364
 31
0.000000000
  0
LINE
  5
DD8
330
A02
100
AcDbEntity
  8
S06_Bodywork_Side
100
AcDbLine
 10
120.735387761
 20
140.840207015
 30
0.000000000
 11
121.645970920
 21
140.698239560
 31
0.000000000
  0
LINE
  5
DD9
330
A02
100
AcDbEntity
  8
S06_Bodywork_Side
100
AcDbLine
 10
97.290252527
 20
123.907798021
 30
0.000000000
 11
98.265198353
 21
123.831519762
 31
0.000000000
  0
LINE
  5
DDA
330
A02
100
AcDbEntity
  8
S06_Bodywork_Side
100
AcDbLine
 10
95.348213273
 20
124.072751875
 30
0.000000000
 11
97.290252527
 21
123.907798021
 31
0.000000000
  0
LINE
  5
DDB
330
A02
100
AcDbEntity
  8
S06_Bodywork_Side
100
AcDbLine
 10
99.582205192
 20
123.733806495
 30
0.000000000
 11
98.265198353
 21
123.831519762
 31
0.000000000
  0
LINE
  5
DDC
330
A02
100
AcDbEntity
  8
S06_Bodywork_Side
100
AcDbLine
 10
109.761300081
 20
123.134312634
 30
0.000000000
 11
107.122573041
 21
123.272826479
 31
0.000000000
  0
LINE
  5
DDD
330
A02
100
AcDbEntity
  8
S06_Bodywork_Side
100
AcDbLine
 10
109.761300081
 20
123.134312634
 30
0.000000000
 11
111.529851949
 21
123.045841135
 31
0.000000000
  0
LINE
  5
DDE
330
A02
100
AcDbEntity
  8
S06_Bodywork_Side
100
AcDbLine
 10
120.734882807
 20
122.597822766
 30
0.000000000
 11
121.645970920
 21
122.552749651
 31
0.000000000
  0
LINE
  5
DDF
330
A02
100
AcDbEntity
  8
S06_Bodywork_Side
100
AcDbLine
 10
167.927170573
 20
132.347854275
 30
0.000000000
 11
167.367032093
 21
132.442978227
 31
0.000000000
  0
LINE
  5
DE0
330
A02
100
AcDbEntity
  8
S06_Bodywork_Side
100
AcDbLine
 10
168.215636688
 20
132.299050553
 30
0.000000000
 11
167.927170573
 21
132.347854275
 31
0.000000000
  0
LINE
  5
DE1
330
A02
100
AcDbEntity
  8
S06_Bodywork_Side
100
AcDbLine
 10
189.423872542
 20
129.077635325
 30
0.000000000
 11
190.000000000
 21
128.999939788
 31
0.000000000
  0
LINE
  5
DE2
330
A02
100
AcDbEntity
  8
S06_Bodywork_Side
100
AcDbLine
 10
167.927996934
 20
120.972796332
 30
0.000000000
 11
167.367032093
 21
120.967225756
 31
0.000000000
  0
LINE
  5
DE3
330
A02
100
AcDbEntity
  8
S06_Bodywork_Side
100
AcDbLine
 10
168.216925926
 20
120.975969865
 30
0.000000000
 11
167.927996934
 21
120.972796332
 31
0.000000000
  0
LINE
  5
DE4
330
A02
100
AcDbEntity
  8
S06_Bodywork_Side
100
AcDbLine
 10
170.699526259
 20
121.011545742
 30
0.000000000
 11
171.121074895
 21
121.019136668
 31
0.000000000
  0
LINE
  5
DE5
330
A02
100
AcDbEntity
  8
S06_Bodywork_Side
100
AcDbLine
 10
170.699526259
 20
121.011545742
 30
0.000000000
 11
168.216925926
 21
120.975969865
 31
0.000000000
  0
LINE
  5
DE6
330
A02
100
AcDbEntity
  8
S06_Bodywork_Side
100
AcDbLine
 10
176.903455539
 20
121.154491772
 30
0.000000000
 11
176.484781473
 21
121.142986819
 31
0.000000000
  0
LINE
  5
DE7
330
A02
100
AcDbEntity
  8
S06_Bodywork_Side
100
AcDbLine
 10
177.817724295
 20
121.180351136
 30
0.000000000
 11
176.903455539
 21
121.154491772
 31
0.000000000
  0
LINE
  5
DE8
330
A02
100
AcDbEntity
  8
S06_Bodywork_Side
100
AcDbLine
 10
178.550033800
 20
121.201939377
 30
0.000000000
 11
177.817724295
 21
121.180351136
 31
0.000000000
  0
LINE
  5
DE9
330
A02
100
AcDbEntity
  8
S06_Bodywork_Side
100
AcDbLine
 10
178.550033800
 20
121.201939377
 30
0.000000000
 11
181.515863679
 21
121.290721659
 31
0.000000000
  0
LINE
  5
DEA
330
A02
100
AcDbEntity
  8
S06_Bodywork_Side
100
AcDbLine
 10
189.638443212
 20
121.494965907
 30
0.000000000
 11
190.000000000
 21
121.500056930
 31
0.000000000
  0
LINE
  5
DEB
330
A02
100
AcDbEntity
  8
S06_Bodywork_Side
100
AcDbLine
 10
77.035496253
 20
142.774727753
 30
0.000000000
 11
78.723496718
 21
142.964283185
 31
0.000000000
  0
LINE
  5
DEC
330
A02
100
AcDbEntity
  8
S06_Bodywork_Side
100
AcDbLine
 10
76.578769444
 20
142.717416404
 30
0.000000000
 11
75.000000000
 21
142.502872289
 31
0.000000000
  0
LINE
  5
DED
330
A02
100
AcDbEntity
  8
S06_Bodywork_Side
100
AcDbLine
 10
76.578769444
 20
142.717416404
 30
0.000000000
 11
77.035496253
 21
142.774727753
 31
0.000000000
  0
LINE
  5
DEE
330
A02
100
AcDbEntity
  8
S06_Bodywork_Side
100
AcDbLine
 10
101.748260585
 20
143.091167451
 30
0.000000000
 11
102.428973798
 21
143.038460162
 31
0.000000000
  0
LINE
  5
DEF
330
A02
100
AcDbEntity
  8
S06_Bodywork_Side
100
AcDbLine
 10
100.519212131
 20
143.178118896
 30
0.000000000
 11
101.748260585
 21
143.091167451
 31
0.000000000
  0
LINE
  5
DF0
330
A02
100
AcDbEntity
  8
S06_Bodywork_Side
100
AcDbLine
 10
100.519212131
 20
143.178118896
 30
0.000000000
 11
99.582988475
 21
143.236411726
 31
0.000000000
  0
LINE
  5
DF1
330
A02
100
AcDbEntity
  8
S06_Bodywork_Side
100
AcDbLine
 10
100.533028781
 20
123.664805407
 30
0.000000000
 11
99.582205192
 21
123.733806495
 31
0.000000000
  0
LINE
  5
DF2
330
A02
100
AcDbEntity
  8
S06_Bodywork_Side
100
AcDbLine
 10
100.533028781
 20
123.664805407
 30
0.000000000
 11
102.247011264
 21
123.554053308
 31
0.000000000
  0
LINE
  5
DF3
330
A02
100
AcDbEntity
  8
S06_Bodywork_Side
100
AcDbLine
 10
119.992940260
 20
140.954910846
 30
0.000000000
 11
118.011561007
 21
141.249774386
 31
0.000000000
  0
LINE
  5
DF4
330
A02
100
AcDbEntity
  8
S06_Bodywork_Side
100
AcDbLine
 10
119.992940260
 20
140.954910846
 30
0.000000000
 11
120.735387761
 21
140.840207015
 31
0.000000000
  0
LINE
  5
DF5
330
A02
100
AcDbEntity
  8
S06_Bodywork_Side
100
AcDbLine
 10
134.262214500
 20
138.534868221
 30
0.000000000
 11
135.145916876
 21
138.373378586
 31
0.000000000
  0
LINE
  5
DF6
330
A02
100
AcDbEntity
  8
S06_Bodywork_Side
100
AcDbLine
 10
133.234952710
 20
138.721601097
 30
0.000000000
 11
134.262214500
 21
138.534868221
 31
0.000000000
  0
LINE
  5
DF7
330
A02
100
AcDbEntity
  8
S06_Bodywork_Side
100
AcDbLine
 10
132.250508661
 20
138.899538088
 30
0.000000000
 11
133.234952710
 21
138.721601097
 31
0.000000000
  0
LINE
  5
DF8
330
A02
100
AcDbEntity
  8
S06_Bodywork_Side
100
AcDbLine
 10
137.422505360
 20
137.952682253
 30
0.000000000
 11
137.572321034
 21
137.924764238
 31
0.000000000
  0
LINE
  5
DF9
330
A02
100
AcDbEntity
  8
S06_Bodywork_Side
100
AcDbLine
 10
137.422505360
 20
137.952682253
 30
0.000000000
 11
136.218070561
 21
138.175875971
 31
0.000000000
  0
LINE
  5
DFA
330
A02
100
AcDbEntity
  8
S06_Bodywork_Side
100
AcDbLine
 10
120.008723834
 20
122.632509254
 30
0.000000000
 11
117.910800641
 21
122.735382641
 31
0.000000000
  0
LINE
  5
DFB
330
A02
100
AcDbEntity
  8
S06_Bodywork_Side
100
AcDbLine
 10
120.008723834
 20
122.632509254
 30
0.000000000
 11
120.734882807
 21
122.597822766
 31
0.000000000
  0
LINE
  5
DFC
330
A02
100
AcDbEntity
  8
S06_Bodywork_Side
100
AcDbLine
 10
139.917035891
 20
137.486554261
 30
0.000000000
 11
137.572321034
 21
137.924764238
 31
0.000000000
  0
LINE
  5
DFD
330
A02
100
AcDbEntity
  8
S06_Bodywork_Side
100
AcDbLine
 10
142.473464234
 20
137.005205422
 30
0.000000000
 11
142.612640821
 21
136.978909557
 31
0.000000000
  0
LINE
  5
DFE
330
A02
100
AcDbEntity
  8
S06_Bodywork_Side
100
AcDbLine
 10
141.786737445
 20
137.134695267
 30
0.000000000
 11
142.473464234
 21
137.005205422
 31
0.000000000
  0
LINE
  5
DFF
330
A02
100
AcDbEntity
  8
S06_Bodywork_Side
100
AcDbLine
 10
140.874208381
 20
137.306528546
 30
0.000000000
 11
141.786737445
 21
137.134695267
 31
0.000000000
  0
LINE
  5
E00
330
A02
100
AcDbEntity
  8
S06_Bodywork_Side
100
AcDbLine
 10
140.874208381
 20
137.306528546
 30
0.000000000
 11
139.917035891
 21
137.486554261
 31
0.000000000
  0
LINE
  5
E01
330
A02
100
AcDbEntity
  8
S06_Bodywork_Side
100
AcDbLine
 10
132.250455399
 20
122.009857807
 30
0.000000000
 11
128.872723568
 21
122.184827484
 31
0.000000000
  0
LINE
  5
E02
330
A02
100
AcDbEntity
  8
S06_Bodywork_Side
100
AcDbLine
 10
133.233731755
 20
121.959138927
 30
0.000000000
 11
132.250455399
 21
122.009857807
 31
0.000000000
  0
LINE
  5
E03
330
A02
100
AcDbEntity
  8
S06_Bodywork_Side
100
AcDbLine
 10
134.262324783
 20
121.905905343
 30
0.000000000
 11
133.233731755
 21
121.959138927
 31
0.000000000
  0
LINE
  5
E04
330
A02
100
AcDbEntity
  8
S06_Bodywork_Side
100
AcDbLine
 10
134.262324783
 20
121.905905343
 30
0.000000000
 11
135.145916876
 21
121.860203490
 31
0.000000000
  0
LINE
  5
E05
330
A02
100
AcDbEntity
  8
S06_Bodywork_Side
100
AcDbLine
 10
156.131134694
 20
134.505922575
 30
0.000000000
 11
153.979760644
 21
134.883146034
 31
0.000000000
  0
LINE
  5
E06
330
A02
100
AcDbEntity
  8
S06_Bodywork_Side
100
AcDbLine
 10
137.423363483
 20
121.758306887
 30
0.000000000
 11
137.572354299
 21
121.737215545
 31
0.000000000
  0
LINE
  5
E07
330
A02
100
AcDbEntity
  8
S06_Bodywork_Side
100
AcDbLine
 10
137.423363483
 20
121.758306887
 30
0.000000000
 11
136.218070561
 21
121.805516178
 31
0.000000000
  0
LINE
  5
E08
330
A02
100
AcDbEntity
  8
S06_Bodywork_Side
100
AcDbLine
 10
156.447146066
 20
134.425732205
 30
0.000000000
 11
156.131134694
 21
134.505922575
 31
0.000000000
  0
LINE
  5
E09
330
A02
100
AcDbEntity
  8
S06_Bodywork_Side
100
AcDbLine
 10
157.559473093
 20
134.214173646
 30
0.000000000
 11
156.447146066
 21
134.425732205
 31
0.000000000
  0
LINE
  5
E0A
330
A02
100
AcDbEntity
  8
S06_Bodywork_Side
100
AcDbLine
 10
158.657905669
 20
133.977534240
 30
0.000000000
 11
158.275546110
 21
134.047170192
 31
0.000000000
  0
LINE
  5
E0B
330
A02
100
AcDbEntity
  8
S06_Bodywork_Side
100
AcDbLine
 10
158.789310878
 20
133.953765601
 30
0.000000000
 11
158.657905669
 21
133.977534240
 31
0.000000000
  0
LINE
  5
E0C
330
A02
100
AcDbEntity
  8
S06_Bodywork_Side
100
AcDbLine
 10
157.693680897
 20
134.190626129
 30
0.000000000
 11
157.559473093
 21
134.214173646
 31
0.000000000
  0
LINE
  5
E0D
330
A02
100
AcDbEntity
  8
S06_Bodywork_Side
100
AcDbLine
 10
159.047001846
 20
133.907099606
 30
0.000000000
 11
158.789310878
 21
133.953765601
 31
0.000000000
  0
LINE
  5
E0E
330
A02
100
AcDbEntity
  8
S06_Bodywork_Side
100
AcDbLine
 10
160.136702293
 20
133.710248127
 30
0.000000000
 11
159.047001846
 21
133.907099606
 31
0.000000000
  0
LINE
  5
E0F
330
A02
100
AcDbEntity
  8
S06_Bodywork_Side
100
AcDbLine
 10
139.917120565
 20
121.621638648
 30
0.000000000
 11
137.572354299
 21
121.737215545
 31
0.000000000
  0
LINE
  5
E10
330
A02
100
AcDbEntity
  8
S06_Bodywork_Side
100
AcDbLine
 10
160.407036955
 20
133.661590922
 30
0.000000000
 11
162.227866896
 21
133.336680749
 31
0.000000000
  0
LINE
  5
E11
330
A02
100
AcDbEntity
  8
S06_Bodywork_Side
100
AcDbLine
 10
160.407036955
 20
133.661590922
 30
0.000000000
 11
160.136702293
 21
133.710248127
 31
0.000000000
  0
LINE
  5
E12
330
A02
100
AcDbEntity
  8
S06_Bodywork_Side
100
AcDbLine
 10
140.873865943
 20
121.575884690
 30
0.000000000
 11
139.917120565
 21
121.621638648
 31
0.000000000
  0
LINE
  5
E13
330
A02
100
AcDbEntity
  8
S06_Bodywork_Side
100
AcDbLine
 10
141.786919085
 20
121.532839631
 30
0.000000000
 11
140.873865943
 21
121.575884690
 31
0.000000000
  0
LINE
  5
E14
330
A02
100
AcDbEntity
  8
S06_Bodywork_Side
100
AcDbLine
 10
141.786919085
 20
121.532839631
 30
0.000000000
 11
142.612700900
 21
121.494665872
 31
0.000000000
  0
LINE
  5
E15
330
A02
100
AcDbEntity
  8
S06_Bodywork_Side
100
AcDbLine
 10
169.300494387
 20
132.116477237
 30
0.000000000
 11
168.215636688
 21
132.299050553
 31
0.000000000
  0
LINE
  5
E16
330
A02
100
AcDbEntity
  8
S06_Bodywork_Side
100
AcDbLine
 10
169.300494387
 20
132.116477237
 30
0.000000000
 11
172.021204193
 21
131.667065834
 31
0.000000000
  0
LINE
  5
E17
330
A02
100
AcDbEntity
  8
S06_Bodywork_Side
100
AcDbLine
 10
173.899367681
 20
131.363836276
 30
0.000000000
 11
172.021204193
 21
131.667065834
 31
0.000000000
  0
LINE
  5
E18
330
A02
100
AcDbEntity
  8
S06_Bodywork_Side
100
AcDbLine
 10
174.469134303
 20
131.273137406
 30
0.000000000
 11
173.899367681
 21
131.363836276
 31
0.000000000
  0
LINE
  5
E19
330
A02
100
AcDbEntity
  8
S06_Bodywork_Side
100
AcDbLine
 10
175.112777988
 20
131.171045882
 30
0.000000000
 11
175.632966032
 21
131.089117382
 31
0.000000000
  0
LINE
  5
E1A
330
A02
100
AcDbEntity
  8
S06_Bodywork_Side
100
AcDbLine
 10
175.112777988
 20
131.171045882
 30
0.000000000
 11
174.469134303
 21
131.273137406
 31
0.000000000
  0
LINE
  5
E1B
330
A02
100
AcDbEntity
  8
S06_Bodywork_Side
100
AcDbLine
 10
177.318339651
 20
130.826791664
 30
0.000000000
 11
178.610990342
 21
130.628728751
 31
0.000000000
  0
LINE
  5
E1C
330
A02
100
AcDbEntity
  8
S06_Bodywork_Side
100
AcDbLine
 10
177.318339651
 20
130.826791664
 30
0.000000000
 11
175.632966032
 21
131.089117382
 31
0.000000000
  0
LINE
  5
E1D
330
A02
100
AcDbEntity
  8
S06_Bodywork_Side
100
AcDbLine
 10
157.018304348
 20
121.012232864
 30
0.000000000
 11
156.837726912
 21
121.015517297
 31
0.000000000
  0
LINE
  5
E1E
330
A02
100
AcDbEntity
  8
S06_Bodywork_Side
100
AcDbLine
 10
157.245533935
 20
121.008223327
 30
0.000000000
 11
157.018304348
 21
121.012232864
 31
0.000000000
  0
LINE
  5
E1F
330
A02
100
AcDbEntity
  8
S06_Bodywork_Side
100
AcDbLine
 10
157.391023185
 20
121.005720577
 30
0.000000000
 11
157.245533935
 21
121.008223327
 31
0.000000000
  0
LINE
  5
E20
330
A02
100
AcDbEntity
  8
S06_Bodywork_Side
100
AcDbLine
 10
156.630431093
 20
121.019397877
 30
0.000000000
 11
156.837726912
 21
121.015517297
 31
0.000000000
  0
LINE
  5
E21
330
A02
100
AcDbEntity
  8
S06_Bodywork_Side
100
AcDbLine
 10
157.496551595
 20
121.003941732
 30
0.000000000
 11
157.391023185
 21
121.005720577
 31
0.000000000
  0
LINE
  5
E22
330
A02
100
AcDbEntity
  8
S06_Bodywork_Side
100
AcDbLine
 10
159.045319116
 20
120.981141013
 30
0.000000000
 11
157.496551595
 21
121.003941732
 31
0.000000000
  0
LINE
  5
E23
330
A02
100
AcDbEntity
  8
S06_Bodywork_Side
100
AcDbLine
 10
159.348715228
 20
120.977389112
 30
0.000000000
 11
159.045319116
 21
120.981141013
 31
0.000000000
  0
LINE
  5
E24
330
A02
100
AcDbEntity
  8
S06_Bodywork_Side
100
AcDbLine
 10
156.409290397
 20
121.023655123
 30
0.000000000
 11
156.096367213
 21
121.029920077
 31
0.000000000
  0
LINE
  5
E25
330
A02
100
AcDbEntity
  8
S06_Bodywork_Side
100
AcDbLine
 10
156.409290397
 20
121.023655123
 30
0.000000000
 11
156.630431093
 21
121.019397877
 31
0.000000000
  0
LINE
  5
E26
330
A02
100
AcDbEntity
  8
S06_Bodywork_Side
100
AcDbLine
 10
160.137150151
 20
120.968917073
 30
0.000000000
 11
159.348715228
 21
120.977389112
 31
0.000000000
  0
LINE
  5
E27
330
A02
100
AcDbEntity
  8
S06_Bodywork_Side
100
AcDbLine
 10
160.406982687
 20
120.966417565
 30
0.000000000
 11
162.253285675
 21
120.953993753
 31
0.000000000
  0
LINE
  5
E28
330
A02
100
AcDbEntity
  8
S06_Bodywork_Side
100
AcDbLine
 10
160.406982687
 20
120.966417565
 30
0.000000000
 11
160.137150151
 21
120.968917073
 31
0.000000000
  0
LINE
  5
E29
330
A02
100
AcDbEntity
  8
S06_Bodywork_Side
100
AcDbLine
 10
179.405888880
 20
130.508294530
 30
0.000000000
 11
180.517382609
 21
130.340483361
 31
0.000000000
  0
LINE
  5
E2A
330
A02
100
AcDbEntity
  8
S06_Bodywork_Side
100
AcDbLine
 10
179.405888880
 20
130.508294530
 30
0.000000000
 11
178.610990342
 21
130.628728751
 31
0.000000000
  0
LINE
  5
E2B
330
A02
100
AcDbEntity
  8
S06_Bodywork_Side
100
AcDbLine
 10
181.142963164
 20
130.247751042
 30
0.000000000
 11
180.517382609
 21
130.340483361
 31
0.000000000
  0
LINE
  5
E2C
330
A02
100
AcDbEntity
  8
S06_Bodywork_Side
100
AcDbLine
 10
181.479481770
 20
130.198645080
 30
0.000000000
 11
181.142963164
 21
130.247751042
 31
0.000000000
  0
LINE
  5
E2D
330
A02
100
AcDbEntity
  8
S06_Bodywork_Side
100
AcDbLine
 10
183.441761416
 20
129.912636474
 30
0.000000000
 11
183.989892715
 21
129.834002141
 31
0.000000000
  0
LINE
  5
E2E
330
A02
100
AcDbEntity
  8
S06_Bodywork_Side
100
AcDbLine
 10
182.759562840
 20
130.011496995
 30
0.000000000
 11
183.441761416
 21
129.912636474
 31
0.000000000
  0
LINE
  5
E2F
330
A02
100
AcDbEntity
  8
S06_Bodywork_Side
100
AcDbLine
 10
182.759562840
 20
130.011496995
 30
0.000000000
 11
181.479481770
 21
130.198645080
 31
0.000000000
  0
LINE
  5
E30
330
A02
100
AcDbEntity
  8
S06_Bodywork_Side
100
AcDbLine
 10
184.698758434
 20
129.732612458
 30
0.000000000
 11
183.989892715
 21
129.834002141
 31
0.000000000
  0
LINE
  5
E31
330
A02
100
AcDbEntity
  8
S06_Bodywork_Side
100
AcDbLine
 10
185.134835027
 20
129.670270538
 30
0.000000000
 11
184.698758434
 21
129.732612458
 31
0.000000000
  0
LINE
  5
E32
330
A02
100
AcDbEntity
  8
S06_Bodywork_Side
100
AcDbLine
 10
188.049463667
 20
129.264786424
 30
0.000000000
 11
189.423872542
 21
129.077635325
 31
0.000000000
  0
LINE
  5
E33
330
A02
100
AcDbEntity
  8
S06_Bodywork_Side
100
AcDbLine
 10
187.650395851
 20
129.319562431
 30
0.000000000
 11
188.049463667
 21
129.264786424
 31
0.000000000
  0
LINE
  5
E34
330
A02
100
AcDbEntity
  8
S06_Bodywork_Side
100
AcDbLine
 10
185.475894398
 20
129.622096455
 30
0.000000000
 11
187.650395851
 21
129.319562431
 31
0.000000000
  0
LINE
  5
E35
330
A02
100
AcDbEntity
  8
S06_Bodywork_Side
100
AcDbLine
 10
185.475894398
 20
129.622096455
 30
0.000000000
 11
185.134835027
 21
129.670270538
 31
0.000000000
  0
LINE
  5
E36
330
A02
100
AcDbEntity
  8
S06_Bodywork_Side
100
AcDbLine
 10
173.688220064
 20
121.071972512
 30
0.000000000
 11
172.808403726
 21
121.052294748
 31
0.000000000
  0
LINE
  5
E37
330
A02
100
AcDbEntity
  8
S06_Bodywork_Side
100
AcDbLine
 10
175.100768431
 20
121.106376801
 30
0.000000000
 11
176.484781473
 21
121.142986819
 31
0.000000000
  0
LINE
  5
E38
330
A02
100
AcDbEntity
  8
S06_Bodywork_Side
100
AcDbLine
 10
174.041769091
 20
121.080337520
 30
0.000000000
 11
175.100768431
 21
121.106376801
 31
0.000000000
  0
LINE
  5
E39
330
A02
100
AcDbEntity
  8
S06_Bodywork_Side
100
AcDbLine
 10
174.041769091
 20
121.080337520
 30
0.000000000
 11
173.688220064
 21
121.071972512
 31
0.000000000
  0
LINE
  5
E3A
330
A02
100
AcDbEntity
  8
S06_Bodywork_Side
100
AcDbLine
 10
183.157836530
 20
121.340079524
 30
0.000000000
 11
181.515863679
 21
121.290721659
 31
0.000000000
  0
LINE
  5
E3B
330
A02
100
AcDbEntity
  8
S06_Bodywork_Side
100
AcDbLine
 10
183.157836530
 20
121.340079524
 30
0.000000000
 11
184.083533793
 21
121.366815947
 31
0.000000000
  0
LINE
  5
E3C
330
A02
100
AcDbEntity
  8
S06_Bodywork_Side
100
AcDbLine
 10
188.388417030
 20
121.473336716
 30
0.000000000
 11
189.638443212
 21
121.494965907
 31
0.000000000
  0
LINE
  5
E3D
330
A02
100
AcDbEntity
  8
S06_Bodywork_Side
100
AcDbLine
 10
188.388417030
 20
121.473336716
 30
0.000000000
 11
186.134166236
 21
121.422274926
 31
0.000000000
  0
LINE
  5
E3E
330
A02
100
AcDbEntity
  8
S06_Bodywork_Side
100
AcDbLine
 10
128.156307470
 20
139.648352708
 30
0.000000000
 11
127.138694003
 21
139.809995661
 31
0.000000000
  0
LINE
  5
E3F
330
A02
100
AcDbEntity
  8
S06_Bodywork_Side
100
AcDbLine
 10
126.193289103
 20
139.982160034
 30
0.000000000
 11
125.830776964
 21
140.018665197
 31
0.000000000
  0
LINE
  5
E40
330
A02
100
AcDbEntity
  8
S06_Bodywork_Side
100
AcDbLine
 10
128.522856547
 20
139.574992588
 30
0.000000000
 11
128.156307470
 21
139.648352708
 31
0.000000000
  0
LINE
  5
E41
330
A02
100
AcDbEntity
  8
S06_Bodywork_Side
100
AcDbLine
 10
129.476240397
 20
139.436261683
 30
0.000000000
 11
132.250508661
 21
138.899538088
 31
0.000000000
  0
LINE
  5
E42
330
A02
100
AcDbEntity
  8
S06_Bodywork_Side
100
AcDbLine
 10
129.476240397
 20
139.436261683
 30
0.000000000
 11
128.522856547
 21
139.574992588
 31
0.000000000
  0
LINE
  5
E43
330
A02
100
AcDbEntity
  8
S06_Bodywork_Side
100
AcDbLine
 10
128.150133087
 20
122.190277484
 30
0.000000000
 11
125.915114110
 21
122.336261236
 31
0.000000000
  0
LINE
  5
E44
330
A02
100
AcDbEntity
  8
S06_Bodywork_Side
100
AcDbLine
 10
128.150133087
 20
122.190277484
 30
0.000000000
 11
128.872723568
 21
122.184827484
 31
0.000000000
  0
LINE
  5
E45
330
A02
100
AcDbEntity
  8
S06_Bodywork_Side
100
AcDbLine
 10
150.624467820
 20
135.446092710
 30
0.000000000
 11
150.721063781
 21
135.446946405
 31
0.000000000
  0
LINE
  5
E46
330
A02
100
AcDbEntity
  8
S06_Bodywork_Side
100
AcDbLine
 10
150.624467820
 20
135.446092710
 30
0.000000000
 11
148.882875775
 21
135.792891297
 31
0.000000000
  0
LINE
  5
E47
330
A02
100
AcDbEntity
  8
S06_Bodywork_Side
100
AcDbLine
 10
150.627983410
 20
121.175915954
 30
0.000000000
 11
148.883436135
 21
121.236316253
 31
0.000000000
  0
LINE
  5
E48
330
A02
100
AcDbEntity
  8
S06_Bodywork_Side
100
AcDbLine
 10
192.165664643
 20
125.442001970
 30
0.000000000
 11
191.932669906
 21
125.401207139
 31
0.000000000
  0
LINE
  5
E49
330
A02
100
AcDbEntity
  8
S06_Bodywork_Side
100
AcDbLine
 10
135.158584720
 20
157.949347771
 30
0.000000000
 11
136.556960563
 21
157.497201370
 31
0.000000000
  0
LINE
  5
E4A
330
A02
100
AcDbEntity
  8
S06_Bodywork_Side
100
AcDbLine
 10
136.556960563
 20
157.497201370
 30
0.000000000
 11
137.955991117
 21
157.035162762
 31
0.000000000
  0
LINE
  5
E4B
330
A02
100
AcDbEntity
  8
S06_Bodywork_Side
100
AcDbLine
 10
106.137533145
 20
160.818107398
 30
0.000000000
 11
106.500000000
 21
160.966686175
 31
0.000000000
  0
LINE
  5
E4C
330
A02
100
AcDbEntity
  8
S06_Bodywork_Side
100
AcDbLine
 10
212.500000000
 20
136.499954453
 30
0.000000000
 11
209.209829725
 21
136.643958717
 31
0.000000000
  0
LINE
  5
E4D
330
A02
100
AcDbEntity
  8
S06_Bodywork_Side
100
AcDbLine
 10
117.500000000
 20
162.093770625
 30
0.000000000
 11
119.702176187
 21
161.827685409
 31
0.000000000
  0
LINE
  5
E4E
330
A02
100
AcDbEntity
  8
S06_Bodywork_Side
100
AcDbLine
 10
120.815737074
 20
161.654486559
 30
0.000000000
 11
119.702176187
 21
161.827685409
 31
0.000000000
  0
LINE
  5
E4F
330
A02
100
AcDbEntity
  8
S06_Bodywork_Side
100
AcDbLine
 10
121.115498184
 20
161.603687756
 30
0.000000000
 11
120.815737074
 21
161.654486559
 31
0.000000000
  0
LINE
  5
E50
330
A02
100
AcDbEntity
  8
S06_Bodywork_Side
100
AcDbLine
 10
121.936535331
 20
161.457048251
 30
0.000000000
 11
121.115498184
 21
161.603687756
 31
0.000000000
  0
LINE
  5
E51
330
A02
100
AcDbEntity
  8
S06_Bodywork_Side
100
AcDbLine
 10
121.936535331
 20
161.457048251
 30
0.000000000
 11
124.196886883
 21
160.996538781
 31
0.000000000
  0
LINE
  5
E52
330
A02
100
AcDbEntity
  8
S06_Bodywork_Side
100
AcDbLine
 10
127.822155616
 20
160.114014486
 30
0.000000000
 11
124.196886883
 21
160.996538781
 31
0.000000000
  0
LINE
  5
E53
330
A02
100
AcDbEntity
  8
S06_Bodywork_Side
100
AcDbLine
 10
127.822155616
 20
160.114014486
 30
0.000000000
 11
129.648326037
 21
159.615272951
 31
0.000000000
  0
LINE
  5
E54
330
A02
100
AcDbEntity
  8
S06_Bodywork_Side
100
AcDbLine
 10
131.480876570
 20
159.085195405
 30
0.000000000
 11
129.648326037
 21
159.615272951
 31
0.000000000
  0
LINE
  5
E55
330
A02
100
AcDbEntity
  8
S06_Bodywork_Side
100
AcDbLine
 10
140.754430216
 20
156.091025812
 30
0.000000000
 11
137.955991117
 21
157.035162762
 31
0.000000000
  0
LINE
  5
E56
330
A02
100
AcDbEntity
  8
S06_Bodywork_Side
100
AcDbLine
 10
141.684613371
 20
155.772536059
 30
0.000000000
 11
140.754430216
 21
156.091025812
 31
0.000000000
  0
LINE
  5
E57
330
A02
100
AcDbEntity
  8
S06_Bodywork_Side
100
AcDbLine
 10
143.551306141
 20
155.126355002
 30
0.000000000
 11
141.684613371
 21
155.772536059
 31
0.000000000
  0
LINE
  5
E58
330
A02
100
AcDbEntity
  8
S06_Bodywork_Side
100
AcDbLine
 10
143.551306141
 20
155.126355002
 30
0.000000000
 11
145.883433699
 21
154.310752310
 31
0.000000000
  0
LINE
  5
E59
330
A02
100
AcDbEntity
  8
S06_Bodywork_Side
100
AcDbLine
 10
203.428104977
 20
137.306197349
 30
0.000000000
 11
202.500000000
 21
137.451284875
 31
0.000000000
  0
LINE
  5
E5A
330
A02
100
AcDbEntity
  8
S06_Bodywork_Side
100
AcDbLine
 10
207.545504646
 20
136.787050384
 30
0.000000000
 11
209.209829725
 21
136.643958717
 31
0.000000000
  0
LINE
  5
E5B
330
A02
100
AcDbEntity
  8
S06_Bodywork_Side
100
AcDbLine
 10
206.257121245
 20
136.925778772
 30
0.000000000
 11
207.545504646
 21
136.787050384
 31
0.000000000
  0
LINE
  5
E5C
330
A02
100
AcDbEntity
  8
S06_Bodywork_Side
100
AcDbLine
 10
200.604203633
 20
127.147128511
 30
0.000000000
 11
197.781035950
 21
126.522136228
 31
0.000000000
  0
LINE
  5
E5D
330
A02
100
AcDbEntity
  8
S06_Bodywork_Side
100
AcDbLine
 10
201.507551173
 20
127.359577899
 30
0.000000000
 11
201.723180972
 21
127.411242358
 31
0.000000000
  0
LINE
  5
E5E
330
A02
100
AcDbEntity
  8
S06_Bodywork_Side
100
AcDbLine
 10
201.507551173
 20
127.359577899
 30
0.000000000
 11
200.604203633
 21
127.147128511
 31
0.000000000
  0
LINE
  5
E5F
330
A02
100
AcDbEntity
  8
S06_Bodywork_Side
100
AcDbLine
 10
205.214479922
 20
128.298764274
 30
0.000000000
 11
201.723180972
 21
127.411242358
 31
0.000000000
  0
LINE
  5
E60
330
A02
100
AcDbEntity
  8
S06_Bodywork_Side
100
AcDbLine
 10
205.766590168
 20
136.984342790
 30
0.000000000
 11
206.257121245
 21
136.925778772
 31
0.000000000
  0
LINE
  5
E61
330
A02
100
AcDbEntity
  8
S06_Bodywork_Side
100
AcDbLine
 10
205.766590168
 20
136.984342790
 30
0.000000000
 11
203.428104977
 21
137.306197349
 31
0.000000000
  0
LINE
  5
E62
330
A02
100
AcDbEntity
  8
S06_Bodywork_Side
100
AcDbLine
 10
148.756233436
 20
153.298660580
 30
0.000000000
 11
149.730926322
 21
152.954421730
 31
0.000000000
  0
LINE
  5
E63
330
A02
100
AcDbEntity
  8
S06_Bodywork_Side
100
AcDbLine
 10
150.062835390
 20
152.837095699
 30
0.000000000
 11
151.918840092
 21
152.181756775
 31
0.000000000
  0
LINE
  5
E64
330
A02
100
AcDbEntity
  8
S06_Bodywork_Side
100
AcDbLine
 10
150.062835390
 20
152.837095699
 30
0.000000000
 11
149.730926322
 21
152.954421730
 31
0.000000000
  0
LINE
  5
E65
330
A02
100
AcDbEntity
  8
S06_Bodywork_Side
100
AcDbLine
 10
147.740090489
 20
153.657230353
 30
0.000000000
 11
148.756233436
 21
153.298660580
 31
0.000000000
  0
LINE
  5
E66
330
A02
100
AcDbEntity
  8
S06_Bodywork_Side
100
AcDbLine
 10
191.932669906
 20
125.401207139
 30
0.000000000
 11
190.316453947
 21
125.128965967
 31
0.000000000
  0
LINE
  5
E67
330
A02
100
AcDbEntity
  8
S06_Bodywork_Side
100
AcDbLine
 10
197.095127986
 20
126.378884351
 30
0.000000000
 11
197.781035950
 21
126.522136228
 31
0.000000000
  0
LINE
  5
E68
330
A02
100
AcDbEntity
  8
S06_Bodywork_Side
100
AcDbLine
 10
206.392603599
 20
128.621262866
 30
0.000000000
 11
205.214479922
 21
128.298764274
 31
0.000000000
  0
LINE
  5
E69
330
A02
100
AcDbEntity
  8
S06_Bodywork_Side
100
AcDbLine
 10
192.932427249
 20
125.576971130
 30
0.000000000
 11
192.165664643
 21
125.442001970
 31
0.000000000
  0
LINE
  5
E6A
330
A02
100
AcDbEntity
  8
S06_Bodywork_Side
100
AcDbLine
 10
194.835314625
 20
125.930757130
 30
0.000000000
 11
192.932427249
 21
125.576971130
 31
0.000000000
  0
LINE
  5
E6B
330
A02
100
AcDbEntity
  8
S06_Bodywork_Side
100
AcDbLine
 10
195.342288738
 20
126.027311201
 30
0.000000000
 11
194.835314625
 21
125.930757130
 31
0.000000000
  0
LINE
  5
E6C
330
A02
100
AcDbEntity
  8
S06_Bodywork_Side
100
AcDbLine
 10
195.342288738
 20
126.027311201
 30
0.000000000
 11
197.095127986
 21
126.378884351
 31
0.000000000
  0
LINE
  5
E6D
330
A02
100
AcDbEntity
  8
S06_Bodywork_Side
100
AcDbLine
 10
207.291086032
 20
128.875452650
 30
0.000000000
 11
206.392603599
 21
128.621262866
 31
0.000000000
  0
LINE
  5
E6E
330
A02
100
AcDbEntity
  8
S06_Bodywork_Side
100
AcDbLine
 10
210.139718219
 20
129.730502289
 30
0.000000000
 11
212.500000000
 21
130.500187325
 31
0.000000000
  0
LINE
  5
E6F
330
A02
100
AcDbEntity
  8
S06_Bodywork_Side
100
AcDbLine
 10
208.002220643
 20
129.081732250
 30
0.000000000
 11
210.139718219
 21
129.730502289
 31
0.000000000
  0
LINE
  5
E70
330
A02
100
AcDbEntity
  8
S06_Bodywork_Side
100
AcDbLine
 10
208.002220643
 20
129.081732250
 30
0.000000000
 11
207.291086032
 21
128.875452650
 31
0.000000000
  0
LINE
  5
E71
330
A02
100
AcDbEntity
  8
S06_Bodywork_Side
100
AcDbLine
 10
146.667414157
 20
154.034924357
 30
0.000000000
 11
145.883433699
 21
154.310752310
 31
0.000000000
  0
LINE
  5
E72
330
A02
100
AcDbEntity
  8
S06_Bodywork_Side
100
AcDbLine
 10
146.667414157
 20
154.034924357
 30
0.000000000
 11
147.740090489
 21
153.657230353
 31
0.000000000
  0
LINE
  5
E73
330
A02
100
AcDbEntity
  8
S06_Bodywork_Side
100
AcDbLine
 10
190.000000000
 20
125.078724561
 30
0.000000000
 11
190.316453947
 21
125.128965967
 31
0.000000000
  0
LINE
  5
E74
330
A02
100
AcDbEntity
  8
S06_Bodywork_Side
100
AcDbLine
 10
132.323251508
 20
158.832828934
 30
0.000000000
 11
135.158584720
 21
157.949347771
 31
0.000000000
  0
LINE
  5
E75
330
A02
100
AcDbEntity
  8
S06_Bodywork_Side
100
AcDbLine
 10
132.323251508
 20
158.832828934
 30
0.000000000
 11
131.480876570
 21
159.085195405
 31
0.000000000
  0
LINE
  5
E76
330
A02
100
AcDbEntity
  8
S06_Bodywork_Side
100
AcDbLine
 10
109.553781147
 20
162.999675660
 30
0.000000000
 11
110.752934506
 21
162.999873564
 31
0.000000000
  0
LINE
  5
E77
330
A02
100
AcDbEntity
  8
S06_Bodywork_Side
100
AcDbLine
 10
111.448623048
 20
162.999983549
 30
0.000000000
 11
110.752934506
 21
162.999873564
 31
0.000000000
  0
LINE
  5
E78
330
A02
100
AcDbEntity
  8
S06_Bodywork_Side
100
AcDbLine
 10
111.448623048
 20
162.999983549
 30
0.000000000
 11
112.798583159
 21
162.999859698
 31
0.000000000
  0
LINE
  5
E79
330
A02
100
AcDbEntity
  8
S06_Bodywork_Side
100
AcDbLine
 10
114.218603116
 20
162.999998537
 30
0.000000000
 11
112.798583159
 21
162.999859698
 31
0.000000000
  0
LINE
  5
E7A
330
A02
100
AcDbEntity
  8
S06_Bodywork_Side
100
AcDbLine
 10
114.218603116
 20
162.999998537
 30
0.000000000
 11
115.090573346
 21
162.999998339
 31
0.000000000
  0
LINE
  5
E7B
330
A02
100
AcDbEntity
  8
S06_Bodywork_Side
100
AcDbLine
 10
115.090573346
 20
162.999998339
 30
0.000000000
 11
115.894246201
 21
162.999862265
 31
0.000000000
  0
LINE
  5
E7C
330
A02
100
AcDbEntity
  8
S06_Bodywork_Side
100
AcDbLine
 10
106.839196765
 20
162.999469408
 30
0.000000000
 11
106.500000000
 21
162.999985212
 31
0.000000000
  0
LINE
  5
E7D
330
A02
100
AcDbEntity
  8
S06_Bodywork_Side
100
AcDbLine
 10
108.420165284
 20
162.999637568
 30
0.000000000
 11
106.839196765
 21
162.999469408
 31
0.000000000
  0
LINE
  5
E7E
330
A02
100
AcDbEntity
  8
S06_Bodywork_Side
100
AcDbLine
 10
108.533883431
 20
162.999366157
 30
0.000000000
 11
108.420165284
 21
162.999637568
 31
0.000000000
  0
LINE
  5
E7F
330
A02
100
AcDbEntity
  8
S06_Bodywork_Side
100
AcDbLine
 10
117.322554888
 20
162.999656095
 30
0.000000000
 11
117.500000000
 21
162.999965106
 31
0.000000000
  0
LINE
  5
E80
330
A02
100
AcDbEntity
  8
S06_Bodywork_Side
100
AcDbLine
 10
117.322554888
 20
162.999656095
 30
0.000000000
 11
115.894246201
 21
162.999862265
 31
0.000000000
  0
LINE
  5
E81
330
A02
100
AcDbEntity
  8
S06_Bodywork_Side
100
AcDbLine
 10
108.663359131
 20
162.999449865
 30
0.000000000
 11
108.533883431
 21
162.999366157
 31
0.000000000
  0
LINE
  5
E82
330
A02
100
AcDbEntity
  8
S06_Bodywork_Side
100
AcDbLine
 10
108.663359131
 20
162.999449865
 30
0.000000000
 11
109.553781147
 21
162.999675660
 31
0.000000000
  0
LINE
  5
E83
330
A02
100
AcDbEntity
  8
S06_Bodywork_Side
100
AcDbLine
 10
72.500000000
 20
119.502577132
 30
0.000000000
 11
72.699826818
 21
119.485392924
 31
0.000000000
  0
LINE
  5
E84
330
A02
100
AcDbEntity
  8
S06_Bodywork_Side
100
AcDbLine
 10
72.699826818
 20
119.485392924
 30
0.000000000
 11
75.099206901
 21
119.333792601
 31
0.000000000
  0
LINE
  5
E85
330
A02
100
AcDbEntity
  8
S06_Bodywork_Side
100
AcDbLine
 10
27.500000000
 20
142.749747672
 30
0.000000000
 11
33.677597626
 21
143.507162154
 31
0.000000000
  0
LINE
  5
E86
330
A02
100
AcDbEntity
  8
S06_Bodywork_Side
100
AcDbLine
 10
37.578036315
 20
144.115193791
 30
0.000000000
 11
33.677597626
 21
143.507162154
 31
0.000000000
  0
LINE
  5
E87
330
A02
100
AcDbEntity
  8
S06_Bodywork_Side
100
AcDbLine
 10
53.397609680
 20
146.406506558
 30
0.000000000
 11
58.013709343
 21
146.851692217
 31
0.000000000
  0
LINE
  5
E88
330
A02
100
AcDbEntity
  8
S06_Bodywork_Side
100
AcDbLine
 10
52.895773899
 20
146.350398318
 30
0.000000000
 11
47.780290136
 21
145.701626954
 31
0.000000000
  0
LINE
  5
E89
330
A02
100
AcDbEntity
  8
S06_Bodywork_Side
100
AcDbLine
 10
52.895773899
 20
146.350398318
 30
0.000000000
 11
53.397609680
 21
146.406506558
 31
0.000000000
  0
LINE
  5
E8A
330
A02
100
AcDbEntity
  8
S06_Bodywork_Side
100
AcDbLine
 10
63.155471162
 20
147.202133390
 30
0.000000000
 11
68.500000000
 21
147.418437275
 31
0.000000000
  0
LINE
  5
E8B
330
A02
100
AcDbEntity
  8
S06_Bodywork_Side
100
AcDbLine
 10
63.155471162
 20
147.202133390
 30
0.000000000
 11
58.013709343
 21
146.851692217
 31
0.000000000
  0
LINE
  5
E8C
330
A02
100
AcDbEntity
  8
S06_Bodywork_Side
100
AcDbLine
 10
34.197651356
 20
126.879398395
 30
0.000000000
 11
37.578036315
 21
126.100454324
 31
0.000000000
  0
LINE
  5
E8D
330
A02
100
AcDbEntity
  8
S06_Bodywork_Side
100
AcDbLine
 10
40.971384491
 20
125.254188218
 30
0.000000000
 11
47.780290136
 21
123.532987305
 31
0.000000000
  0
LINE
  5
E8E
330
A02
100
AcDbEntity
  8
S06_Bodywork_Side
100
AcDbLine
 10
40.971384491
 20
125.254188218
 30
0.000000000
 11
37.578036315
 21
126.100454324
 31
0.000000000
  0
LINE
  5
E8F
330
A02
100
AcDbEntity
  8
S06_Bodywork_Side
100
AcDbLine
 10
52.041733495
 20
122.541848007
 30
0.000000000
 11
47.780290136
 21
123.532987305
 31
0.000000000
  0
LINE
  5
E90
330
A02
100
AcDbEntity
  8
S06_Bodywork_Side
100
AcDbLine
 10
42.671482450
 20
144.935833504
 30
0.000000000
 11
47.780290136
 21
145.701626954
 31
0.000000000
  0
LINE
  5
E91
330
A02
100
AcDbEntity
  8
S06_Bodywork_Side
100
AcDbLine
 10
40.595229411
 20
144.603760204
 30
0.000000000
 11
42.671482450
 21
144.935833504
 31
0.000000000
  0
LINE
  5
E92
330
A02
100
AcDbEntity
  8
S06_Bodywork_Side
100
AcDbLine
 10
40.595229411
 20
144.603760204
 30
0.000000000
 11
37.578036315
 21
144.115193791
 31
0.000000000
  0
LINE
  5
E93
330
A02
100
AcDbEntity
  8
S06_Bodywork_Side
100
AcDbLine
 10
30.142552831
 20
127.649314479
 30
0.000000000
 11
27.500000000
 21
128.000406573
 31
0.000000000
  0
LINE
  5
E94
330
A02
100
AcDbEntity
  8
S06_Bodywork_Side
100
AcDbLine
 10
33.412173179
 20
127.045224235
 30
0.000000000
 11
30.142552831
 21
127.649314479
 31
0.000000000
  0
LINE
  5
E95
330
A02
100
AcDbEntity
  8
S06_Bodywork_Side
100
AcDbLine
 10
33.412173179
 20
127.045224235
 30
0.000000000
 11
34.197651356
 21
126.879398395
 31
0.000000000
  0
LINE
  5
E96
330
A02
100
AcDbEntity
  8
S06_Bodywork_Side
100
AcDbLine
 10
75.829923979
 20
119.298568021
 30
0.000000000
 11
75.099206901
 21
119.333792601
 31
0.000000000
  0
SPLINE
  5
E97
330
A02
100
AcDbEntity
  8
S06_Bodywork_SecG
100
AcDbSpline
210
0
220
0
230
1
 70
9
 71
3
 72
92
 73
88
 74
0
 40
0.000000000
 40
0.000000000
 40
0.000000000
 40
0.000000000
 40
0.027574113
 40
0.027574113
 40
0.027574113
 40
0.055510491
 40
0.055510491
 40
0.055510491
 40
0.065930199
 40
0.065930199
 40
0.065930199
 40
0.098932073
 40
0.098932073
 40
0.098932073
 40
0.128576378
 40
0.128576378
 40
0.128576378
 40
0.160100328
 40
0.160100328
 40
0.160100328
 40
0.189597527
 40
0.189597527
 40
0.189597527
 40
0.250068209
 40
0.250068209
 40
0.250068209
 40
0.311738556
 40
0.311738556
 40
0.311738556
 40
0.345638127
 40
0.345638127
 40
0.345638127
 40
0.376265531
 40
0.376265531
 40
0.376265531
 40
0.392988809
 40
0.392988809
 40
0.392988809
 40
0.407305057
 40
0.407305057
 40
0.407305057
 40
0.440109380
 40
0.440109380
 40
0.440109380
 40
0.500074026
 40
0.500074026
 40
0.500074026
 40
0.555938867
 40
0.555938867
 40
0.555938867
 40
0.592943337
 40
0.592943337
 40
0.592943337
 40
0.607559904
 40
0.607559904
 40
0.607559904
 40
0.628589264
 40
0.628589264
 40
0.628589264
 40
0.660105679
 40
0.660105679
 40
0.660105679
 40
0.689595786
 40
0.689595786
 40
0.689595786
 40
0.750051915
 40
0.750051915
 40
0.750051915
 40
0.811707420
 40
0.811707420
 40
0.811707420
 40
0.845498842
 40
0.845498842
 40
0.845498842
 40
0.876118886
 40
0.876118886
 40
0.876118886
 40
0.893238598
 40
0.893238598
 40
0.893238598
 40
0.907551757
 40
0.907551757
 40
0.907551757
 40
0.938338135
 40
0.938338135
 40
0.938338135
 40
1.000000000
 40
1.000000000
 40
1.000000000
 40
1.000000000
 10
261.750000000
 20
209.249999997
 30
0.000000000
 10
261.711331194
 20
208.618168402
 30
0.000000000
 10
261.698926525
 20
207.985796610
 30
0.000000000
 10
261.712785993
 20
207.352884622
 30
0.000000000
 10
261.726357138
 20
206.711865341
 30
0.000000000
 10
261.758690509
 20
206.071782539
 30
0.000000000
 10
261.809786106
 20
205.432636215
 30
0.000000000
 10
261.827722153
 20
205.194201312
 30
0.000000000
 10
261.850011308
 20
204.956179045
 30
0.000000000
 10
261.876653570
 20
204.718569414
 30
0.000000000
 10
261.962066763
 20
203.968297919
 30
0.000000000
 10
262.120874076
 20
203.214941493
 30
0.000000000
 10
262.460645149
 20
202.535396197
 30
0.000000000
 10
262.760819406
 20
201.924757179
 30
0.000000000
 10
263.227142294
 20
201.396398467
 30
0.000000000
 10
263.802110733
 20
201.031324480
 30
0.000000000
 10
264.412154077
 20
200.638370793
 30
0.000000000
 10
265.114664377
 20
200.414817168
 30
0.000000000
 10
265.822247182
 20
200.275333288
 30
0.000000000
 10
266.486848415
 20
200.145253394
 30
0.000000000
 10
267.162976223
 20
200.086676055
 30
0.000000000
 10
267.838453711
 20
200.050237931
 30
0.000000000
 10
269.224372114
 20
199.975639415
 30
0.000000000
 10
270.612781020
 20
200.000004871
 30
0.000000000
 10
271.999999997
 20
199.999999997
 30
0.000000000
 10
273.414714640
 20
200.000003971
 30
0.000000000
 10
274.830762178
 20
199.974665509
 30
0.000000000
 10
276.243997995
 20
200.054793995
 30
0.000000000
 10
277.019796405
 20
200.099174196
 30
0.000000000
 10
277.797749604
 20
200.174058344
 30
0.000000000
 10
278.554328289
 20
200.358117581
 30
0.000000000
 10
279.234907486
 20
200.524641453
 30
0.000000000
 10
279.903628610
 20
200.787551917
 30
0.000000000
 10
280.462838062
 20
201.217747643
 30
0.000000000
 10
280.767771730
 20
201.450923919
 30
0.000000000
 10
281.034949161
 20
201.732941331
 30
0.000000000
 10
281.252904714
 20
202.048844396
 30
0.000000000
 10
281.438721811
 20
202.321472664
 30
0.000000000
 10
281.591088874
 20
202.611745031
 30
0.000000000
 10
281.710005904
 20
202.919661496
 30
0.000000000
 10
281.984274841
 20
203.622751223
 30
0.000000000
 10
282.100955204
 20
204.375370923
 30
0.000000000
 10
282.166279603
 20
205.123734291
 30
0.000000000
 10
282.282842796
 20
206.496000136
 30
0.000000000
 10
282.249895837
 20
207.874435188
 30
0.000000000
 10
282.250000000
 20
209.250000000
 30
0.000000000
 10
282.249993771
 20
210.531689586
 30
0.000000000
 10
282.278333740
 20
211.815236968
 30
0.000000000
 10
282.188237488
 20
213.094858532
 30
0.000000000
 10
282.127961765
 20
213.939542806
 30
0.000000000
 10
282.017734346
 20
214.793235977
 30
0.000000000
 10
281.707486329
 20
215.586751929
 30
0.000000000
 10
281.585675651
 20
215.901065618
 30
0.000000000
 10
281.428897771
 20
216.196743858
 30
0.000000000
 10
281.237152690
 20
216.473786650
 30
0.000000000
 10
280.960722091
 20
216.869706761
 30
0.000000000
 10
280.604388971
 20
217.208435517
 30
0.000000000
 10
280.197892956
 20
217.468673768
 30
0.000000000
 10
279.587848406
 20
217.861627910
 30
0.000000000
 10
278.885337331
 20
218.085182606
 30
0.000000000
 10
278.177753190
 20
218.224666530
 30
0.000000000
 10
277.513151888
 20
218.354746754
 30
0.000000000
 10
276.837023936
 20
218.413324059
 30
0.000000000
 10
276.161546317
 20
218.449762050
 30
0.000000000
 10
274.775627897
 20
218.524360342
 30
0.000000000
 10
273.387218989
 20
218.499994987
 30
0.000000000
 10
272.000000002
 20
218.499999997
 30
0.000000000
 10
270.585285360
 20
218.499996146
 30
0.000000000
 10
269.169237814
 20
218.525334762
 30
0.000000000
 10
267.756002008
 20
218.445205999
 30
0.000000000
 10
266.982483060
 20
218.400964996
 30
0.000000000
 10
266.206857601
 20
218.326367638
 30
0.000000000
 10
265.452358905
 20
218.143518111
 30
0.000000000
 10
264.771635257
 20
217.977580395
 30
0.000000000
 10
264.102611529
 20
217.715605639
 30
0.000000000
 10
263.542629006
 20
217.286446341
 30
0.000000000
 10
263.229937065
 20
217.048273775
 30
0.000000000
 10
262.956811409
 20
216.758773626
 30
0.000000000
 10
262.735392240
 20
216.434107367
 30
0.000000000
 10
262.550979698
 20
216.160529423
 30
0.000000000
 10
262.400020170
 20
215.869515901
 30
0.000000000
 10
262.282513655
 20
215.561066801
 30
0.000000000
 10
262.029728289
 20
214.899859783
 30
0.000000000
 10
261.909114206
 20
214.196116073
 30
0.000000000
 10
261.842020981
 20
213.493888448
 30
0.000000000
 10
261.711010302
 20
212.082400787
 30
0.000000000
 10
261.838169316
 20
210.663236251
 30
0.000000000
 10
261.750000000
 20
209.249999997
 30
0.000000000
  0
SPLINE
  5
E98
330
A02
100
AcDbEntity
  8
S06_Bodywork_SecG
100
AcDbSpline
210
0
220
0
230
1
 70
8
 71
3
 72
8
 73
4
 74
0
 40
0.108332554
 40
0.108332554
 40
0.108332554
 40
0.108332554
 40
0.261518406
 40
0.261518406
 40
0.261518406
 40
0.261518406
 10
261.750000000
 20
209.249999998
 30
0.000000000
 10
261.091308339
 20
208.868572620
 30
0.000000000
 10
261.192769503
 20
208.520354959
 30
0.000000000
 10
261.708597091
 20
208.067416403
 30
0.000000000
  0
SPLINE
  5
E99
330
A02
100
AcDbEntity
  8
S06_Bodywork_SecG
100
AcDbSpline
210
0
220
0
230
1
 70
8
 71
2
 72
6
 73
3
 74
0
 40
0.875721443
 40
0.875721443
 40
0.875721443
 40
0.940769460
 40
0.940769460
 40
0.940769460
 10
280.274265915
 20
201.081802736
 30
0.000000000
 10
281.711533956
 20
200.844503800
 30
0.000000000
 10
283.216685740
 20
200.635906267
 30
0.000000000
  0
SPLINE
  5
E9A
330
A02
100
AcDbEntity
  8
S06_Bodywork_SecG
100
AcDbSpline
210
0
220
0
230
1
 70
9
 71
3
 72
92
 73
88
 74
0
 40
0.000000000
 40
0.000000000
 40
0.000000000
 40
0.000000000
 40
0.027574113
 40
0.027574113
 40
0.027574113
 40
0.055510491
 40
0.055510491
 40
0.055510491
 40
0.065930199
 40
0.065930199
 40
0.065930199
 40
0.098932073
 40
0.098932073
 40
0.098932073
 40
0.128576378
 40
0.128576378
 40
0.128576378
 40
0.160100328
 40
0.160100328
 40
0.160100328
 40
0.189597527
 40
0.189597527
 40
0.189597527
 40
0.250068209
 40
0.250068209
 40
0.250068209
 40
0.311738556
 40
0.311738556
 40
0.311738556
 40
0.345638127
 40
0.345638127
 40
0.345638127
 40
0.376265531
 40
0.376265531
 40
0.376265531
 40
0.392988809
 40
0.392988809
 40
0.392988809
 40
0.407305057
 40
0.407305057
 40
0.407305057
 40
0.440109380
 40
0.440109380
 40
0.440109380
 40
0.500074026
 40
0.500074026
 40
0.500074026
 40
0.555938867
 40
0.555938867
 40
0.555938867
 40
0.592943337
 40
0.592943337
 40
0.592943337
 40
0.607559904
 40
0.607559904
 40
0.607559904
 40
0.628589264
 40
0.628589264
 40
0.628589264
 40
0.660105679
 40
0.660105679
 40
0.660105679
 40
0.689595786
 40
0.689595786
 40
0.689595786
 40
0.750051915
 40
0.750051915
 40
0.750051915
 40
0.811707420
 40
0.811707420
 40
0.811707420
 40
0.845498842
 40
0.845498842
 40
0.845498842
 40
0.876118886
 40
0.876118886
 40
0.876118886
 40
0.893238598
 40
0.893238598
 40
0.893238598
 40
0.907551757
 40
0.907551757
 40
0.907551757
 40
0.938338135
 40
0.938338135
 40
0.938338135
 40
1.000000000
 40
1.000000000
 40
1.000000000
 40
1.000000000
 10
261.750000000
 20
209.249999997
 30
0.000000000
 10
261.711331194
 20
208.618168402
 30
0.000000000
 10
261.698926525
 20
207.985796610
 30
0.000000000
 10
261.712785993
 20
207.352884622
 30
0.000000000
 10
261.726357138
 20
206.711865341
 30
0.000000000
 10
261.758690509
 20
206.071782539
 30
0.000000000
 10
261.809786106
 20
205.432636215
 30
0.000000000
 10
261.827722153
 20
205.194201312
 30
0.000000000
 10
261.850011308
 20
204.956179045
 30
0.000000000
 10
261.876653570
 20
204.718569414
 30
0.000000000
 10
261.962066763
 20
203.968297919
 30
0.000000000
 10
262.120874076
 20
203.214941493
 30
0.000000000
 10
262.460645149
 20
202.535396197
 30
0.000000000
 10
262.760819406
 20
201.924757179
 30
0.000000000
 10
263.227142294
 20
201.396398467
 30
0.000000000
 10
263.802110733
 20
201.031324480
 30
0.000000000
 10
264.412154077
 20
200.638370793
 30
0.000000000
 10
265.114664377
 20
200.414817168
 30
0.000000000
 10
265.822247182
 20
200.275333288
 30
0.000000000
 10
266.486848415
 20
200.145253394
 30
0.000000000
 10
267.162976223
 20
200.086676055
 30
0.000000000
 10
267.838453711
 20
200.050237931
 30
0.000000000
 10
269.224372114
 20
199.975639415
 30
0.000000000
 10
270.612781020
 20
200.000004871
 30
0.000000000
 10
271.999999997
 20
199.999999997
 30
0.000000000
 10
273.414714640
 20
200.000003971
 30
0.000000000
 10
274.830762178
 20
199.974665509
 30
0.000000000
 10
276.243997995
 20
200.054793995
 30
0.000000000
 10
277.019796405
 20
200.099174196
 30
0.000000000
 10
277.797749604
 20
200.174058344
 30
0.000000000
 10
278.554328289
 20
200.358117581
 30
0.000000000
 10
279.234907486
 20
200.524641453
 30
0.000000000
 10
279.903628610
 20
200.787551917
 30
0.000000000
 10
280.462838062
 20
201.217747643
 30
0.000000000
 10
280.767771730
 20
201.450923919
 30
0.000000000
 10
281.034949161
 20
201.732941331
 30
0.000000000
 10
281.252904714
 20
202.048844396
 30
0.000000000
 10
281.438721811
 20
202.321472664
 30
0.000000000
 10
281.591088874
 20
202.611745031
 30
0.000000000
 10
281.710005904
 20
202.919661496
 30
0.000000000
 10
281.984274841
 20
203.622751223
 30
0.000000000
 10
282.100955204
 20
204.375370923
 30
0.000000000
 10
282.166279603
 20
205.123734291
 30
0.000000000
 10
282.282842796
 20
206.496000136
 30
0.000000000
 10
282.249895837
 20
207.874435188
 30
0.000000000
 10
282.250000000
 20
209.250000000
 30
0.000000000
 10
282.249993771
 20
210.531689586
 30
0.000000000
 10
282.278333740
 20
211.815236968
 30
0.000000000
 10
282.188237488
 20
213.094858532
 30
0.000000000
 10
282.127961765
 20
213.939542806
 30
0.000000000
 10
282.017734346
 20
214.793235977
 30
0.000000000
 10
281.707486329
 20
215.586751929
 30
0.000000000
 10
281.585675651
 20
215.901065618
 30
0.000000000
 10
281.428897771
 20
216.196743858
 30
0.000000000
 10
281.237152690
 20
216.473786650
 30
0.000000000
 10
280.960722091
 20
216.869706761
 30
0.000000000
 10
280.604388971
 20
217.208435517
 30
0.000000000
 10
280.197892956
 20
217.468673768
 30
0.000000000
 10
279.587848406
 20
217.861627910
 30
0.000000000
 10
278.885337331
 20
218.085182606
 30
0.000000000
 10
278.177753190
 20
218.224666530
 30
0.000000000
 10
277.513151888
 20
218.354746754
 30
0.000000000
 10
276.837023936
 20
218.413324059
 30
0.000000000
 10
276.161546317
 20
218.449762050
 30
0.000000000
 10
274.775627897
 20
218.524360342
 30
0.000000000
 10
273.387218989
 20
218.499994987
 30
0.000000000
 10
272.000000002
 20
218.499999997
 30
0.000000000
 10
270.585285360
 20
218.499996146
 30
0.000000000
 10
269.169237814
 20
218.525334762
 30
0.000000000
 10
267.756002008
 20
218.445205999
 30
0.000000000
 10
266.982483060
 20
218.400964996
 30
0.000000000
 10
266.206857601
 20
218.326367638
 30
0.000000000
 10
265.452358905
 20
218.143518111
 30
0.000000000
 10
264.771635257
 20
217.977580395
 30
0.000000000
 10
264.102611529
 20
217.715605639
 30
0.000000000
 10
263.542629006
 20
217.286446341
 30
0.000000000
 10
263.229937065
 20
217.048273775
 30
0.000000000
 10
262.956811409
 20
216.758773626
 30
0.000000000
 10
262.735392240
 20
216.434107367
 30
0.000000000
 10
262.550979698
 20
216.160529423
 30
0.000000000
 10
262.400020170
 20
215.869515901
 30
0.000000000
 10
262.282513655
 20
215.561066801
 30
0.000000000
 10
262.029728289
 20
214.899859783
 30
0.000000000
 10
261.909114206
 20
214.196116073
 30
0.000000000
 10
261.842020981
 20
213.493888448
 30
0.000000000
 10
261.711010302
 20
212.082400787
 30
0.000000000
 10
261.838169316
 20
210.663236251
 30
0.000000000
 10
261.750000000
 20
209.249999997
 30
0.000000000
  0
SPLINE
  5
E9B
330
A02
100
AcDbEntity
  8
S06_Bodywork_SecG
100
AcDbSpline
210
0
220
0
230
1
 70
8
 71
3
 72
8
 73
4
 74
0
 40
0.108332554
 40
0.108332554
 40
0.108332554
 40
0.108332554
 40
0.261518406
 40
0.261518406
 40
0.261518406
 40
0.261518406
 10
261.750000000
 20
209.249999998
 30
0.000000000
 10
261.091308339
 20
208.868572620
 30
0.000000000
 10
261.192769503
 20
208.520354959
 30
0.000000000
 10
261.708597091
 20
208.067416403
 30
0.000000000
  0
SPLINE
  5
E9C
330
A02
100
AcDbEntity
  8
S06_Bodywork_SecG
100
AcDbSpline
210
0
220
0
230
1
 70
8
 71
2
 72
6
 73
3
 74
0
 40
0.875721443
 40
0.875721443
 40
0.875721443
 40
0.940769460
 40
0.940769460
 40
0.940769460
 10
280.274265915
 20
201.081802736
 30
0.000000000
 10
281.711533956
 20
200.844503800
 30
0.000000000
 10
283.216685740
 20
200.635906267
 30
0.000000000
  0
SPLINE
  5
E9D
330
A02
100
AcDbEntity
  8
S06_Bodywork_SecG
100
AcDbSpline
210
0
220
0
230
1
 70
9
 71
3
 72
92
 73
88
 74
0
 40
0.000000000
 40
0.000000000
 40
0.000000000
 40
0.000000000
 40
0.027574113
 40
0.027574113
 40
0.027574113
 40
0.055510491
 40
0.055510491
 40
0.055510491
 40
0.065930199
 40
0.065930199
 40
0.065930199
 40
0.098932073
 40
0.098932073
 40
0.098932073
 40
0.128576378
 40
0.128576378
 40
0.128576378
 40
0.160100328
 40
0.160100328
 40
0.160100328
 40
0.189597527
 40
0.189597527
 40
0.189597527
 40
0.250068209
 40
0.250068209
 40
0.250068209
 40
0.311738556
 40
0.311738556
 40
0.311738556
 40
0.345638127
 40
0.345638127
 40
0.345638127
 40
0.376265531
 40
0.376265531
 40
0.376265531
 40
0.392988809
 40
0.392988809
 40
0.392988809
 40
0.407305057
 40
0.407305057
 40
0.407305057
 40
0.440109380
 40
0.440109380
 40
0.440109380
 40
0.500074026
 40
0.500074026
 40
0.500074026
 40
0.555938867
 40
0.555938867
 40
0.555938867
 40
0.592943337
 40
0.592943337
 40
0.592943337
 40
0.607559904
 40
0.607559904
 40
0.607559904
 40
0.628589264
 40
0.628589264
 40
0.628589264
 40
0.660105679
 40
0.660105679
 40
0.660105679
 40
0.689595786
 40
0.689595786
 40
0.689595786
 40
0.750051915
 40
0.750051915
 40
0.750051915
 40
0.811707420
 40
0.811707420
 40
0.811707420
 40
0.845498842
 40
0.845498842
 40
0.845498842
 40
0.876118886
 40
0.876118886
 40
0.876118886
 40
0.893238598
 40
0.893238598
 40
0.893238598
 40
0.907551757
 40
0.907551757
 40
0.907551757
 40
0.938338135
 40
0.938338135
 40
0.938338135
 40
1.000000000
 40
1.000000000
 40
1.000000000
 40
1.000000000
 10
317.750000000
 20
209.249999997
 30
0.000000000
 10
317.711331194
 20
208.618168402
 30
0.000000000
 10
317.698926525
 20
207.985796610
 30
0.000000000
 10
317.712785993
 20
207.352884622
 30
0.000000000
 10
317.726357138
 20
206.711865341
 30
0.000000000
 10
317.758690509
 20
206.071782539
 30
0.000000000
 10
317.809786106
 20
205.432636215
 30
0.000000000
 10
317.827722153
 20
205.194201312
 30
0.000000000
 10
317.850011308
 20
204.956179045
 30
0.000000000
 10
317.876653570
 20
204.718569414
 30
0.000000000
 10
317.962066763
 20
203.968297919
 30
0.000000000
 10
318.120874076
 20
203.214941493
 30
0.000000000
 10
318.460645149
 20
202.535396197
 30
0.000000000
 10
318.760819406
 20
201.924757179
 30
0.000000000
 10
319.227142294
 20
201.396398467
 30
0.000000000
 10
319.802110733
 20
201.031324480
 30
0.000000000
 10
320.412154077
 20
200.638370793
 30
0.000000000
 10
321.114664377
 20
200.414817168
 30
0.000000000
 10
321.822247182
 20
200.275333288
 30
0.000000000
 10
322.486848415
 20
200.145253394
 30
0.000000000
 10
323.162976223
 20
200.086676055
 30
0.000000000
 10
323.838453711
 20
200.050237931
 30
0.000000000
 10
325.224372114
 20
199.975639415
 30
0.000000000
 10
326.612781020
 20
200.000004871
 30
0.000000000
 10
327.999999997
 20
199.999999997
 30
0.000000000
 10
329.414714640
 20
200.000003971
 30
0.000000000
 10
330.830762178
 20
199.974665509
 30
0.000000000
 10
332.243997995
 20
200.054793995
 30
0.000000000
 10
333.019796405
 20
200.099174196
 30
0.000000000
 10
333.797749604
 20
200.174058344
 30
0.000000000
 10
334.554328289
 20
200.358117581
 30
0.000000000
 10
335.234907486
 20
200.524641453
 30
0.000000000
 10
335.903628610
 20
200.787551917
 30
0.000000000
 10
336.462838062
 20
201.217747643
 30
0.000000000
 10
336.767771730
 20
201.450923919
 30
0.000000000
 10
337.034949161
 20
201.732941331
 30
0.000000000
 10
337.252904714
 20
202.048844396
 30
0.000000000
 10
337.438721811
 20
202.321472664
 30
0.000000000
 10
337.591088874
 20
202.611745031
 30
0.000000000
 10
337.710005904
 20
202.919661496
 30
0.000000000
 10
337.984274841
 20
203.622751223
 30
0.000000000
 10
338.100955204
 20
204.375370923
 30
0.000000000
 10
338.166279603
 20
205.123734291
 30
0.000000000
 10
338.282842796
 20
206.496000136
 30
0.000000000
 10
338.249895837
 20
207.874435188
 30
0.000000000
 10
338.250000000
 20
209.250000000
 30
0.000000000
 10
338.249993771
 20
210.531689586
 30
0.000000000
 10
338.278333740
 20
211.815236968
 30
0.000000000
 10
338.188237488
 20
213.094858532
 30
0.000000000
 10
338.127961765
 20
213.939542806
 30
0.000000000
 10
338.017734346
 20
214.793235977
 30
0.000000000
 10
337.707486329
 20
215.586751929
 30
0.000000000
 10
337.585675651
 20
215.901065618
 30
0.000000000
 10
337.428897771
 20
216.196743858
 30
0.000000000
 10
337.237152690
 20
216.473786650
 30
0.000000000
 10
336.960722091
 20
216.869706761
 30
0.000000000
 10
336.604388971
 20
217.208435517
 30
0.000000000
 10
336.197892956
 20
217.468673768
 30
0.000000000
 10
335.587848406
 20
217.861627910
 30
0.000000000
 10
334.885337331
 20
218.085182606
 30
0.000000000
 10
334.177753190
 20
218.224666530
 30
0.000000000
 10
333.513151888
 20
218.354746754
 30
0.000000000
 10
332.837023936
 20
218.413324059
 30
0.000000000
 10
332.161546317
 20
218.449762050
 30
0.000000000
 10
330.775627897
 20
218.524360342
 30
0.000000000
 10
329.387218989
 20
218.499994987
 30
0.000000000
 10
328.000000002
 20
218.499999998
 30
0.000000000
 10
326.585285360
 20
218.499996146
 30
0.000000000
 10
325.169237814
 20
218.525334762
 30
0.000000000
 10
323.756002008
 20
218.445205999
 30
0.000000000
 10
322.982483060
 20
218.400964996
 30
0.000000000
 10
322.206857601
 20
218.326367638
 30
0.000000000
 10
321.452358905
 20
218.143518111
 30
0.000000000
 10
320.771635257
 20
217.977580395
 30
0.000000000
 10
320.102611530
 20
217.715605639
 30
0.000000000
 10
319.542629006
 20
217.286446341
 30
0.000000000
 10
319.229937065
 20
217.048273775
 30
0.000000000
 10
318.956811409
 20
216.758773626
 30
0.000000000
 10
318.735392240
 20
216.434107367
 30
0.000000000
 10
318.550979698
 20
216.160529423
 30
0.000000000
 10
318.400020170
 20
215.869515901
 30
0.000000000
 10
318.282513655
 20
215.561066801
 30
0.000000000
 10
318.029728289
 20
214.899859783
 30
0.000000000
 10
317.909114206
 20
214.196116073
 30
0.000000000
 10
317.842020981
 20
213.493888448
 30
0.000000000
 10
317.711010302
 20
212.082400787
 30
0.000000000
 10
317.838169316
 20
210.663236251
 30
0.000000000
 10
317.750000000
 20
209.249999997
 30
0.000000000
  0
SPLINE
  5
E9E
330
A02
100
AcDbEntity
  8
S06_Bodywork_SecG
100
AcDbSpline
210
0
220
0
230
1
 70
8
 71
3
 72
11
 73
7
 74
0
 40
0.108340021
 40
0.108340021
 40
0.108340021
 40
0.108340021
 40
0.188847457
 40
0.188847457
 40
0.188847457
 40
0.269354892
 40
0.269354892
 40
0.269354892
 40
0.269354892
 10
317.750000000
 20
209.249999997
 30
0.000000000
 10
317.636246787
 20
209.047980291
 30
0.000000000
 10
317.539721328
 20
208.859197672
 30
0.000000000
 10
317.414860096
 20
208.656701087
 30
0.000000000
 10
317.290949997
 20
208.454731543
 30
0.000000000
 10
317.139210692
 20
208.239298818
 30
0.000000000
 10
316.940710390
 20
207.998208987
 30
0.000000000
  0
SPLINE
  5
E9F
330
A02
100
AcDbEntity
  8
S06_Bodywork_SecG
100
AcDbSpline
210
0
220
0
230
1
 70
9
 71
3
 72
92
 73
88
 74
0
 40
0.000000000
 40
0.000000000
 40
0.000000000
 40
0.000000000
 40
0.027574113
 40
0.027574113
 40
0.027574113
 40
0.055510491
 40
0.055510491
 40
0.055510491
 40
0.065930199
 40
0.065930199
 40
0.065930199
 40
0.098932073
 40
0.098932073
 40
0.098932073
 40
0.128576378
 40
0.128576378
 40
0.128576378
 40
0.160100328
 40
0.160100328
 40
0.160100328
 40
0.189597527
 40
0.189597527
 40
0.189597527
 40
0.250068209
 40
0.250068209
 40
0.250068209
 40
0.311738556
 40
0.311738556
 40
0.311738556
 40
0.345638127
 40
0.345638127
 40
0.345638127
 40
0.376265531
 40
0.376265531
 40
0.376265531
 40
0.392988809
 40
0.392988809
 40
0.392988809
 40
0.407305057
 40
0.407305057
 40
0.407305057
 40
0.440109380
 40
0.440109380
 40
0.440109380
 40
0.500074026
 40
0.500074026
 40
0.500074026
 40
0.555938867
 40
0.555938867
 40
0.555938867
 40
0.592943337
 40
0.592943337
 40
0.592943337
 40
0.607559904
 40
0.607559904
 40
0.607559904
 40
0.628589264
 40
0.628589264
 40
0.628589264
 40
0.660105679
 40
0.660105679
 40
0.660105679
 40
0.689595786
 40
0.689595786
 40
0.689595786
 40
0.750051915
 40
0.750051915
 40
0.750051915
 40
0.811707420
 40
0.811707420
 40
0.811707420
 40
0.845498842
 40
0.845498842
 40
0.845498842
 40
0.876118886
 40
0.876118886
 40
0.876118886
 40
0.893238598
 40
0.893238598
 40
0.893238598
 40
0.907551757
 40
0.907551757
 40
0.907551757
 40
0.938338135
 40
0.938338135
 40
0.938338135
 40
1.000000000
 40
1.000000000
 40
1.000000000
 40
1.000000000
 10
317.750000000
 20
209.249999997
 30
0.000000000
 10
317.711331194
 20
208.618168402
 30
0.000000000
 10
317.698926525
 20
207.985796610
 30
0.000000000
 10
317.712785993
 20
207.352884622
 30
0.000000000
 10
317.726357138
 20
206.711865341
 30
0.000000000
 10
317.758690509
 20
206.071782539
 30
0.000000000
 10
317.809786106
 20
205.432636215
 30
0.000000000
 10
317.827722153
 20
205.194201312
 30
0.000000000
 10
317.850011308
 20
204.956179045
 30
0.000000000
 10
317.876653570
 20
204.718569414
 30
0.000000000
 10
317.962066763
 20
203.968297919
 30
0.000000000
 10
318.120874076
 20
203.214941493
 30
0.000000000
 10
318.460645149
 20
202.535396197
 30
0.000000000
 10
318.760819406
 20
201.924757179
 30
0.000000000
 10
319.227142294
 20
201.396398467
 30
0.000000000
 10
319.802110733
 20
201.031324480
 30
0.000000000
 10
320.412154077
 20
200.638370793
 30
0.000000000
 10
321.114664377
 20
200.414817168
 30
0.000000000
 10
321.822247182
 20
200.275333288
 30
0.000000000
 10
322.486848415
 20
200.145253394
 30
0.000000000
 10
323.162976223
 20
200.086676055
 30
0.000000000
 10
323.838453711
 20
200.050237931
 30
0.000000000
 10
325.224372114
 20
199.975639415
 30
0.000000000
 10
326.612781020
 20
200.000004871
 30
0.000000000
 10
327.999999997
 20
199.999999997
 30
0.000000000
 10
329.414714640
 20
200.000003971
 30
0.000000000
 10
330.830762178
 20
199.974665509
 30
0.000000000
 10
332.243997995
 20
200.054793995
 30
0.000000000
 10
333.019796405
 20
200.099174196
 30
0.000000000
 10
333.797749604
 20
200.174058344
 30
0.000000000
 10
334.554328289
 20
200.358117581
 30
0.000000000
 10
335.234907486
 20
200.524641453
 30
0.000000000
 10
335.903628610
 20
200.787551917
 30
0.000000000
 10
336.462838062
 20
201.217747643
 30
0.000000000
 10
336.767771730
 20
201.450923919
 30
0.000000000
 10
337.034949161
 20
201.732941331
 30
0.000000000
 10
337.252904714
 20
202.048844396
 30
0.000000000
 10
337.438721811
 20
202.321472664
 30
0.000000000
 10
337.591088874
 20
202.611745031
 30
0.000000000
 10
337.710005904
 20
202.919661496
 30
0.000000000
 10
337.984274841
 20
203.622751223
 30
0.000000000
 10
338.100955204
 20
204.375370923
 30
0.000000000
 10
338.166279603
 20
205.123734291
 30
0.000000000
 10
338.282842796
 20
206.496000136
 30
0.000000000
 10
338.249895837
 20
207.874435188
 30
0.000000000
 10
338.250000000
 20
209.250000000
 30
0.000000000
 10
338.249993771
 20
210.531689586
 30
0.000000000
 10
338.278333740
 20
211.815236968
 30
0.000000000
 10
338.188237488
 20
213.094858532
 30
0.000000000
 10
338.127961765
 20
213.939542806
 30
0.000000000
 10
338.017734346
 20
214.793235977
 30
0.000000000
 10
337.707486329
 20
215.586751929
 30
0.000000000
 10
337.585675651
 20
215.901065618
 30
0.000000000
 10
337.428897771
 20
216.196743858
 30
0.000000000
 10
337.237152690
 20
216.473786650
 30
0.000000000
 10
336.960722091
 20
216.869706761
 30
0.000000000
 10
336.604388971
 20
217.208435517
 30
0.000000000
 10
336.197892956
 20
217.468673768
 30
0.000000000
 10
335.587848406
 20
217.861627910
 30
0.000000000
 10
334.885337331
 20
218.085182606
 30
0.000000000
 10
334.177753190
 20
218.224666530
 30
0.000000000
 10
333.513151888
 20
218.354746754
 30
0.000000000
 10
332.837023936
 20
218.413324059
 30
0.000000000
 10
332.161546317
 20
218.449762050
 30
0.000000000
 10
330.775627897
 20
218.524360342
 30
0.000000000
 10
329.387218989
 20
218.499994987
 30
0.000000000
 10
328.000000002
 20
218.499999998
 30
0.000000000
 10
326.585285360
 20
218.499996146
 30
0.000000000
 10
325.169237814
 20
218.525334762
 30
0.000000000
 10
323.756002008
 20
218.445205999
 30
0.000000000
 10
322.982483060
 20
218.400964996
 30
0.000000000
 10
322.206857601
 20
218.326367638
 30
0.000000000
 10
321.452358905
 20
218.143518111
 30
0.000000000
 10
320.771635257
 20
217.977580395
 30
0.000000000
 10
320.102611530
 20
217.715605639
 30
0.000000000
 10
319.542629006
 20
217.286446341
 30
0.000000000
 10
319.229937065
 20
217.048273775
 30
0.000000000
 10
318.956811409
 20
216.758773626
 30
0.000000000
 10
318.735392240
 20
216.434107367
 30
0.000000000
 10
318.550979698
 20
216.160529423
 30
0.000000000
 10
318.400020170
 20
215.869515901
 30
0.000000000
 10
318.282513655
 20
215.561066801
 30
0.000000000
 10
318.029728289
 20
214.899859783
 30
0.000000000
 10
317.909114206
 20
214.196116073
 30
0.000000000
 10
317.842020981
 20
213.493888448
 30
0.000000000
 10
317.711010302
 20
212.082400787
 30
0.000000000
 10
317.838169316
 20
210.663236251
 30
0.000000000
 10
317.750000000
 20
209.249999997
 30
0.000000000
  0
SPLINE
  5
EA0
330
A02
100
AcDbEntity
  8
S06_Bodywork_SecG
100
AcDbSpline
210
0
220
0
230
1
 70
8
 71
3
 72
11
 73
7
 74
0
 40
0.108340021
 40
0.108340021
 40
0.108340021
 40
0.108340021
 40
0.188847457
 40
0.188847457
 40
0.188847457
 40
0.269354892
 40
0.269354892
 40
0.269354892
 40
0.269354892
 10
317.750000000
 20
209.249999997
 30
0.000000000
 10
317.636246787
 20
209.047980291
 30
0.000000000
 10
317.539721328
 20
208.859197672
 30
0.000000000
 10
317.414860096
 20
208.656701087
 30
0.000000000
 10
317.290949997
 20
208.454731543
 30
0.000000000
 10
317.139210692
 20
208.239298818
 30
0.000000000
 10
316.940710390
 20
207.998208987
 30
0.000000000
  0
SPLINE
  5
EA1
330
A02
100
AcDbEntity
  8
S06_Bodywork_SecG
100
AcDbSpline
210
0
220
0
230
1
 70
8
 71
3
 72
23
 73
19
 74
0
 40
0.000000000
 40
0.000000000
 40
0.000000000
 40
0.000000000
 40
0.133454805
 40
0.133454805
 40
0.133454805
 40
0.248785374
 40
0.248785374
 40
0.248785374
 40
0.500139075
 40
0.500139075
 40
0.500139075
 40
0.726262894
 40
0.726262894
 40
0.726262894
 40
0.864387149
 40
0.864387149
 40
0.864387149
 40
1.000000000
 40
1.000000000
 40
1.000000000
 40
1.000000000
 10
296.138247928
 20
234.273907856
 30
0.000000000
 10
296.318443546
 20
234.566050785
 30
0.000000000
 10
296.582069507
 20
234.833275012
 30
0.000000000
 10
296.895891025
 20
235.047317025
 30
0.000000000
 10
297.166934420
 20
235.233148359
 30
0.000000000
 10
297.472357735
 20
235.380959835
 30
0.000000000
 10
297.791870018
 20
235.493768698
 30
0.000000000
 10
298.490616660
 20
235.740883488
 30
0.000000000
 10
299.250157216
 20
235.821062361
 30
0.000000000
 10
300.002413747
 20
235.818121785
 30
0.000000000
 10
300.679536289
 20
235.820192805
 30
0.000000000
 10
301.361154432
 20
235.755825163
 30
0.000000000
 10
302.000748442
 20
235.561674222
 30
0.000000000
 10
302.390421193
 20
235.443841464
 30
0.000000000
 10
302.764494913
 20
235.277674552
 30
0.000000000
 10
303.090694264
 20
235.056456648
 30
0.000000000
 10
303.412022512
 20
234.839530341
 30
0.000000000
 10
303.679153418
 20
234.569839045
 30
0.000000000
 10
303.861602513
 20
234.273986760
 30
0.000000000
  0
SPLINE
  5
EA2
330
A02
100
AcDbEntity
  8
S06_Bodywork_SecG
100
AcDbSpline
210
0
220
0
230
1
 70
8
 71
3
 72
14
 73
10
 74
0
 40
0.000000000
 40
0.000000000
 40
0.000000000
 40
0.000000000
 40
0.081584850
 40
0.081584850
 40
0.081584850
 40
0.125354666
 40
0.125354666
 40
0.125354666
 40
0.171069885
 40
0.171069885
 40
0.171069885
 40
0.171069885
 10
293.000000000
 20
226.749999997
 30
0.000000000
 10
292.992344392
 20
228.108918235
 30
0.000000000
 10
293.051478247
 20
229.501248985
 30
0.000000000
 10
293.449589648
 20
230.812568884
 30
0.000000000
 10
293.662397413
 20
231.514340872
 30
0.000000000
 10
293.974597281
 20
232.190714134
 30
0.000000000
 10
294.411257995
 20
232.782493814
 30
0.000000000
 10
294.864675951
 20
233.401219800
 30
0.000000000
 10
295.458220518
 20
233.917678543
 30
0.000000000
 10
296.138247928
 20
234.273907856
 30
0.000000000
  0
SPLINE
  5
EA3
330
A02
100
AcDbEntity
  8
S06_Bodywork_SecG
100
AcDbSpline
210
0
220
0
230
1
 70
8
 71
3
 72
53
 73
49
 74
0
 40
0.328926757
 40
0.328926757
 40
0.328926757
 40
0.328926757
 40
0.374645334
 40
0.374645334
 40
0.374645334
 40
0.418415150
 40
0.418415150
 40
0.418415150
 40
0.460583855
 40
0.460583855
 40
0.460583855
 40
0.500000000
 40
0.500000000
 40
0.500000000
 40
0.539416145
 40
0.539416145
 40
0.539416145
 40
0.581584850
 40
0.581584850
 40
0.581584850
 40
0.619646864
 40
0.619646864
 40
0.619646864
 40
0.662565881
 40
0.662565881
 40
0.662565881
 40
0.712607560
 40
0.712607560
 40
0.712607560
 40
0.750000000
 40
0.750000000
 40
0.750000000
 40
0.787392440
 40
0.787392440
 40
0.787392440
 40
0.831584850
 40
0.831584850
 40
0.831584850
 40
0.875000000
 40
0.875000000
 40
0.875000000
 40
0.918415150
 40
0.918415150
 40
0.918415150
 40
0.960583855
 40
0.960583855
 40
0.960583855
 40
1.000000000
 40
1.000000000
 40
1.000000000
 40
1.000000000
 10
303.861602513
 20
234.273986760
 30
0.000000000
 10
304.541689440
 20
233.917756644
 30
0.000000000
 10
305.135295733
 20
233.401259627
 30
0.000000000
 10
305.588739422
 20
232.782497144
 30
0.000000000
 10
306.025383037
 20
232.190739501
 30
0.000000000
 10
306.337669446
 20
231.514254703
 30
0.000000000
 10
306.550362575
 20
230.812630460
 30
0.000000000
 10
306.755784949
 20
230.135473069
 30
0.000000000
 10
306.872248793
 20
229.433961486
 30
0.000000000
 10
306.933611795
 20
228.730202808
 30
0.000000000
 10
306.990938691
 20
228.072127420
 30
0.000000000
 10
307.000000000
 20
227.411063709
 30
0.000000000
 10
307.000000000
 20
226.749999998
 30
0.000000000
 10
307.000000000
 20
226.088936286
 30
0.000000000
 10
306.990938691
 20
225.427872575
 30
0.000000000
 10
306.933611795
 20
224.769797187
 30
0.000000000
 10
306.872248793
 20
224.066038509
 30
0.000000000
 10
306.755784949
 20
223.364526926
 30
0.000000000
 10
306.550362575
 20
222.687369535
 30
0.000000000
 10
306.365163013
 20
222.077080091
 30
0.000000000
 10
306.105507337
 20
221.486365461
 30
0.000000000
 10
305.753131774
 20
220.953108525
 30
0.000000000
 10
305.357772261
 20
220.351569363
 30
0.000000000
 10
304.839899537
 20
219.828372857
 30
0.000000000
 10
304.231703608
 20
219.441393261
 30
0.000000000
 10
303.523515313
 20
218.986252527
 30
0.000000000
 10
302.705497953
 20
218.723660408
 30
0.000000000
 10
301.876158389
 20
218.604396037
 30
0.000000000
 10
301.255407912
 20
218.513537173
 30
0.000000000
 10
300.627665772
 20
218.499978598
 30
0.000000000
 10
300.000000000
 20
218.499999998
 30
0.000000000
 10
299.372334227
 20
218.499978582
 30
0.000000000
 10
298.744592065
 20
218.513537143
 30
0.000000000
 10
298.123841619
 20
218.604396048
 30
0.000000000
 10
297.391214168
 20
218.710334874
 30
0.000000000
 10
296.668217117
 20
218.925872923
 30
0.000000000
 10
296.020854933
 20
219.289972931
 30
0.000000000
 10
295.384121381
 20
219.645080717
 30
0.000000000
 10
294.829572099
 20
220.143147781
 30
0.000000000
 10
294.400695356
 20
220.731894688
 30
0.000000000
 10
293.969542797
 20
221.320273169
 30
0.000000000
 10
293.660562552
 20
221.991331846
 30
0.000000000
 10
293.449685202
 20
222.687431111
 30
0.000000000
 10
293.244566279
 20
223.364979595
 30
0.000000000
 10
293.126976242
 20
224.065039723
 30
0.000000000
 10
293.066388205
 20
224.769797187
 30
0.000000000
 10
293.009893807
 20
225.428945511
 30
0.000000000
 10
293.003761449
 20
226.093784100
 30
0.000000000
 10
293.000000000
 20
226.749999997
 30
0.000000000
  0
SPLINE
  5
EA4
330
A02
100
AcDbEntity
  8
S06_Bodywork_SecG
100
AcDbSpline
210
0
220
0
230
1
 70
8
 71
3
 72
11
 73
7
 74
0
 40
0.001108994
 40
0.001108994
 40
0.001108994
 40
0.001108994
 40
0.500282684
 40
0.500282684
 40
0.500282684
 40
0.999351014
 40
0.999351014
 40
0.999351014
 40
0.999351014
 10
302.749894958
 20
235.713621127
 30
0.000000000
 10
301.852532796
 20
235.941138999
 30
0.000000000
 10
300.921010747
 20
235.967985134
 30
0.000000000
 10
300.000000000
 20
235.966686223
 30
0.000000000
 10
299.079185308
 20
235.967983661
 30
0.000000000
 10
298.147848246
 20
235.941152226
 30
0.000000000
 10
297.250665574
 20
235.713761606
 30
0.000000000
  0
SPLINE
  5
EA5
330
A02
100
AcDbEntity
  8
S06_Bodywork_SecG
100
AcDbSpline
210
0
220
0
230
1
 70
8
 71
3
 72
11
 73
7
 74
0
 40
0.000000000
 40
0.000000000
 40
0.000000000
 40
0.000000000
 40
15.882252495
 40
15.882252495
 40
15.882252495
 40
38.108954913
 40
38.108954913
 40
38.108954913
 40
38.108954913
 10
296.500000000
 20
233.249999997
 30
0.000000000
 10
296.494106148
 20
233.514949176
 30
0.000000000
 10
296.546659101
 20
233.782186045
 30
0.000000000
 10
296.656082047
 20
234.023624332
 30
0.000000000
 10
296.810159910
 20
234.363012536
 30
0.000000000
 10
297.076200893
 20
234.641467059
 30
0.000000000
 10
297.381744448
 20
234.849385498
 30
0.000000000
  0
SPLINE
  5
EA6
330
A02
100
AcDbEntity
  8
S06_Bodywork_SecG
100
AcDbSpline
210
0
220
0
230
1
 70
8
 71
3
 72
17
 73
13
 74
0
 40
0.008668766
 40
0.008668766
 40
0.008668766
 40
0.008668766
 40
0.268581141
 40
0.268581141
 40
0.268581141
 40
0.504011099
 40
0.504011099
 40
0.504011099
 40
0.750456037
 40
0.750456037
 40
0.750456037
 40
0.991982216
 40
0.991982216
 40
0.991982216
 40
0.991982216
 10
302.712911273
 20
235.213077061
 30
0.000000000
 10
302.280819403
 20
235.455544663
 30
0.000000000
 10
301.802223179
 20
235.605318011
 30
0.000000000
 10
301.316510106
 20
235.694013764
 30
0.000000000
 10
300.875604000
 20
235.774883579
 30
0.000000000
 10
300.426712713
 20
235.801310710
 30
0.000000000
 10
299.979001555
 20
235.799980894
 30
0.000000000
 10
299.510393486
 20
235.799838936
 30
0.000000000
 10
299.040415179
 20
235.767395695
 30
0.000000000
 10
298.580374147
 20
235.674278971
 30
0.000000000
 10
298.130417035
 20
235.583578509
 30
0.000000000
 10
297.688247922
 20
235.438345962
 30
0.000000000
 10
297.286909961
 20
235.212975041
 30
0.000000000
  0
SPLINE
  5
EA7
330
A02
100
AcDbEntity
  8
S06_Bodywork_SecG
100
AcDbSpline
210
0
220
0
230
1
 70
8
 71
3
 72
38
 73
34
 74
0
 40
147.575868412
 40
147.575868412
 40
147.575868412
 40
147.575868412
 40
162.266012169
 40
162.266012169
 40
162.266012169
 40
177.314194667
 40
177.314194667
 40
177.314194667
 40
185.683719848
 40
185.683719848
 40
185.683719848
 40
201.565972343
 40
201.565972343
 40
201.565972343
 40
225.330528877
 40
225.330528877
 40
225.330528877
 40
254.346259638
 40
254.346259638
 40
254.346259638
 40
278.525579772
 40
278.525579772
 40
278.525579772
 40
313.080742097
 40
313.080742097
 40
313.080742097
 40
340.089093314
 40
340.089093314
 40
340.089093314
 40
355.485187200
 40
355.485187200
 40
355.485187200
 40
371.367439696
 40
371.367439696
 40
371.367439696
 40
371.367439696
 10
302.618298047
 20
234.849354589
 30
0.000000000
 10
302.823741572
 20
234.711425927
 30
0.000000000
 10
303.001446289
 20
234.544143018
 30
0.000000000
 10
303.151412198
 20
234.347505863
 30
0.000000000
 10
303.301894284
 20
234.146538990
 30
0.000000000
 10
303.410338607
 20
233.912913362
 30
0.000000000
 10
303.460804517
 20
233.666636642
 30
0.000000000
 10
303.488011566
 20
233.529378790
 30
0.000000000
 10
303.501076727
 20
233.390499909
 30
0.000000000
 10
303.500000000
 20
233.249999997
 30
0.000000000
 10
303.501771845
 20
232.984705477
 30
0.000000000
 10
303.456093313
 20
232.718044547
 30
0.000000000
 10
303.343917953
 20
232.476375663
 30
0.000000000
 10
303.178919182
 20
232.113179690
 30
0.000000000
 10
302.886829388
 20
231.820898330
 30
0.000000000
 10
302.554090185
 20
231.608084879
 30
0.000000000
 10
302.145405236
 20
231.346555424
 30
0.000000000
 10
301.677691227
 20
231.190333290
 30
0.000000000
 10
301.203415631
 20
231.100338456
 30
0.000000000
 10
300.806964118
 20
231.024941352
 30
0.000000000
 10
300.403016896
 20
230.999474563
 30
0.000000000
 10
300.000000000
 20
230.999999998
 30
0.000000000
 10
299.424727431
 20
230.998309944
 30
0.000000000
 10
298.844540069
 20
231.053963147
 30
0.000000000
 10
298.292768654
 20
231.224092156
 30
0.000000000
 10
297.863752686
 20
231.356704133
 30
0.000000000
 10
297.448291799
 20
231.558232804
 30
0.000000000
 10
297.113356341
 20
231.862026023
 30
0.000000000
 10
296.923146305
 20
232.034649134
 30
0.000000000
 10
296.763050679
 20
232.242018570
 30
0.000000000
 10
296.656082047
 20
232.476375663
 30
0.000000000
 10
296.541154273
 20
232.717813950
 30
0.000000000
 10
296.502350163
 20
232.985050819
 30
0.000000000
 10
296.500000000
 20
233.249999997
 30
0.000000000
  0
SPLINE
  5
EA8
330
A02
100
AcDbEntity
  8
S06_Bodywork_SecG
100
AcDbSpline
210
0
220
0
230
1
 70
8
 71
3
 72
38
 73
34
 74
0
 40
0.000000000
 40
0.000000000
 40
0.000000000
 40
0.000000000
 40
0.032742482
 40
0.032742482
 40
0.032742482
 40
0.061241039
 40
0.061241039
 40
0.061241039
 40
0.098280608
 40
0.098280608
 40
0.098280608
 40
0.206509322
 40
0.206509322
 40
0.206509322
 40
0.303327816
 40
0.303327816
 40
0.303327816
 40
0.400125076
 40
0.400125076
 40
0.400125076
 40
0.495486268
 40
0.495486268
 40
0.495486268
 40
0.589437737
 40
0.589437737
 40
0.589437737
 40
0.679135564
 40
0.679135564
 40
0.679135564
 40
0.727523969
 40
0.727523969
 40
0.727523969
 40
0.781139399
 40
0.781139399
 40
0.781139399
 40
0.781139399
 10
295.900000000
 20
233.249999997
 30
0.000000000
 10
295.901043528
 20
233.081918022
 30
0.000000000
 10
295.916901633
 20
232.915612968
 30
0.000000000
 10
295.947574316
 20
232.751084836
 30
0.000000000
 10
295.977255017
 20
232.608017975
 30
0.000000000
 10
296.022626014
 20
232.469985741
 30
0.000000000
 10
296.083687309
 20
232.336988134
 30
0.000000000
 10
296.163313993
 20
232.164102297
 30
0.000000000
 10
296.264065539
 20
232.004624354
 30
0.000000000
 10
296.385941946
 20
231.858554304
 30
0.000000000
 10
296.741921476
 20
231.431987293
 30
0.000000000
 10
297.234740412
 20
231.141418065
 30
0.000000000
 10
297.750059650
 20
230.949042301
 30
0.000000000
 10
298.213732184
 20
230.776701228
 30
0.000000000
 10
298.702806495
 20
230.679688295
 30
0.000000000
 10
299.194437781
 20
230.633814455
 30
0.000000000
 10
299.686421980
 20
230.590750344
 30
0.000000000
 10
300.182460393
 20
230.589551144
 30
0.000000000
 10
300.675235503
 20
230.622963586
 30
0.000000000
 10
301.160381036
 20
230.659110548
 30
0.000000000
 10
301.643904267
 20
230.743593870
 30
0.000000000
 10
302.106032491
 20
230.898143798
 30
0.000000000
 10
302.559743233
 20
231.050657515
 30
0.000000000
 10
302.996593255
 20
231.272422782
 30
0.000000000
 10
303.356096008
 20
231.592312204
 30
0.000000000
 10
303.699101610
 20
231.894767590
 30
0.000000000
 10
303.960087160
 20
232.299711970
 30
0.000000000
 10
304.052378021
 20
232.751089011
 30
0.000000000
 10
304.102461105
 20
232.993113274
 30
0.000000000
 10
304.109580203
 20
233.243629296
 30
0.000000000
 10
304.090059338
 20
233.490075319
 30
0.000000000
 10
304.067913206
 20
233.763057988
 30
0.000000000
 10
303.990984700
 20
234.032103155
 30
0.000000000
 10
303.861602521
 20
234.273986764
 30
0.000000000
  0
SPLINE
  5
EA9
330
A02
100
AcDbEntity
  8
S06_Bodywork_SecG
100
AcDbSpline
210
0
220
0
230
1
 70
8
 71
3
 72
8
 73
4
 74
0
 40
0.124834598
 40
0.124834598
 40
0.124834598
 40
0.124834598
 40
1.000000000
 40
1.000000000
 40
1.000000000
 40
1.000000000
 10
296.138247928
 20
234.273907856
 30
0.000000000
 10
295.972025236
 20
233.961126093
 30
0.000000000
 10
295.892339515
 20
233.603806787
 30
0.000000000
 10
295.900000000
 20
233.249999997
 30
0.000000000
  0
SPLINE
  5
EAA
330
A02
100
AcDbEntity
  8
S06_Bodywork_SecG
100
AcDbSpline
210
0
220
0
230
1
 70
8
 71
1
 72
4
 73
2
 74
0
 40
69.039181088
 40
69.039181088
 40
69.039204211
 40
69.039204211
 10
299.999999081
 20
237.999999997
 30
0.000000000
 10
300.000000239
 20
237.999999997
 30
0.000000000
  0
SPLINE
  5
EAB
330
A02
100
AcDbEntity
  8
S06_Bodywork_SecG
100
AcDbSpline
210
0
220
0
230
1
 70
8
 71
3
 72
29
 73
25
 74
0
 40
0.000000000
 40
0.000000000
 40
0.000000000
 40
0.000000000
 40
17.120720768
 40
17.120720768
 40
17.120720768
 40
37.756083360
 40
37.756083360
 40
37.756083360
 40
60.543184555
 40
60.543184555
 40
60.543184555
 40
81.328556002
 40
81.328556002
 40
81.328556002
 40
102.113927448
 40
102.113927448
 40
102.113927448
 40
124.901028643
 40
124.901028643
 40
124.901028643
 40
145.536391235
 40
145.536391235
 40
145.536391235
 40
163.383166708
 40
163.383166708
 40
163.383166708
 40
163.383166708
 10
297.250000000
 20
235.749999997
 30
0.000000000
 10
297.245198605
 20
236.033655070
 30
0.000000000
 10
297.273781784
 20
236.324419483
 30
0.000000000
 10
297.362628563
 20
236.595605541
 30
0.000000000
 10
297.468649838
 20
236.923609422
 30
0.000000000
 10
297.672033406
 20
237.218726057
 30
0.000000000
 10
297.939827769
 20
237.435595459
 30
0.000000000
 10
298.235044589
 20
237.677320827
 30
0.000000000
 10
298.596246744
 20
237.826629154
 30
0.000000000
 10
298.966482113
 20
237.907849355
 30
0.000000000
 10
299.305557422
 20
237.983458025
 30
0.000000000
 10
299.653628864
 20
238.000674254
 30
0.000000000
 10
300.000000000
 20
237.999999997
 30
0.000000000
 10
300.346371198
 20
238.000674217
 30
0.000000000
 10
300.694442503
 20
237.983458066
 30
0.000000000
 10
301.033517887
 20
237.907849355
 30
0.000000000
 10
301.403752316
 20
237.826629596
 30
0.000000000
 10
301.764956623
 20
237.677320257
 30
0.000000000
 10
302.060172231
 20
237.435595459
 30
0.000000000
 10
302.328023055
 20
237.218699483
 30
0.000000000
 10
302.531274927
 20
236.923644832
 30
0.000000000
 10
302.637371437
 20
236.595605541
 30
0.000000000
 10
302.732434888
 20
236.311758638
 30
0.000000000
 10
302.752701344
 20
236.011051615
 30
0.000000000
 10
302.749894958
 20
235.713621127
 30
0.000000000
  0
SPLINE
  5
EAC
330
A02
100
AcDbEntity
  8
S06_Bodywork_SecG
100
AcDbSpline
210
0
220
0
230
1
 70
8
 71
1
 72
4
 73
2
 74
0
 40
324.585714441
 40
324.585714441
 40
325.314224006
 40
325.314224006
 10
297.250665574
 20
235.713761606
 30
0.000000000
 10
297.250000000
 20
235.749999997
 30
0.000000000
  0
SPLINE
  5
EAD
330
A02
100
AcDbEntity
  8
S06_Bodywork_SecG
100
AcDbSpline
210
0
220
0
230
1
 70
8
 71
1
 72
4
 73
2
 74
0
 40
0.499375184
 40
0.499375184
 40
0.500528887
 40
0.500528887
 10
299.995932611
 20
233.500000886
 30
0.000000000
 10
300.003985834
 20
233.500000858
 30
0.000000000
  0
SPLINE
  5
EAE
330
A02
100
AcDbEntity
  8
S06_Bodywork_SecG
100
AcDbSpline
210
0
220
0
230
1
 70
8
 71
3
 72
29
 73
25
 74
0
 40
173.424957386
 40
173.424957386
 40
173.424957386
 40
173.424957386
 40
193.550911697
 40
193.550911697
 40
193.550911697
 40
207.527546636
 40
207.527546636
 40
207.527546636
 40
223.200296558
 40
223.200296558
 40
223.200296558
 40
243.985668005
 40
243.985668005
 40
243.985668005
 40
264.771039451
 40
264.771039451
 40
264.771039451
 40
280.443789373
 40
280.443789373
 40
280.443789373
 40
294.420424312
 40
294.420424312
 40
294.420424312
 40
314.546042763
 40
314.546042763
 40
314.546042763
 40
314.546042763
 10
302.712911273
 20
235.213077061
 30
0.000000000
 10
302.659155517
 20
234.881886412
 30
0.000000000
 10
302.522871388
 20
234.561642240
 30
0.000000000
 10
302.304786657
 20
234.305010283
 30
0.000000000
 10
302.151677439
 20
234.125860975
 30
0.000000000
 10
301.972114734
 20
233.978946034
 30
0.000000000
 10
301.766098540
 20
233.864265460
 30
0.000000000
 10
301.535434767
 20
233.737400777
 30
0.000000000
 10
301.291241216
 20
233.646695837
 30
0.000000000
 10
301.033517887
 20
233.592150640
 30
0.000000000
 10
300.694442492
 20
233.516541929
 30
0.000000000
 10
300.346371216
 20
233.499325778
 30
0.000000000
 10
300.000000000
 20
233.499999997
 30
0.000000000
 10
299.653628722
 20
233.499325741
 30
0.000000000
 10
299.305557583
 20
233.516541970
 30
0.000000000
 10
298.966482113
 20
233.592150640
 30
0.000000000
 10
298.708758890
 20
233.646695887
 30
0.000000000
 10
298.464565338
 20
233.737400827
 30
0.000000000
 10
298.233901460
 20
233.864265460
 30
0.000000000
 10
298.027886681
 20
233.978946700
 30
0.000000000
 10
297.848323975
 20
234.125861641
 30
0.000000000
 10
297.695213343
 20
234.305010283
 30
0.000000000
 10
297.477215932
 20
234.561677307
 30
0.000000000
 10
297.340831175
 20
234.881867383
 30
0.000000000
 10
297.286909961
 20
235.212975041
 30
0.000000000
  0
SPLINE
  5
EAF
330
A02
100
AcDbEntity
  8
S06_Bodywork_SecG
100
AcDbSpline
210
0
220
0
230
1
 70
8
 71
3
 72
77
 73
73
 74
0
 40
0.000000000
 40
0.000000000
 40
0.000000000
 40
0.000000000
 40
0.038596517
 40
0.038596517
 40
0.038596517
 40
0.061555817
 40
0.061555817
 40
0.061555817
 40
0.076901914
 40
0.076901914
 40
0.076901914
 40
0.096600961
 40
0.096600961
 40
0.096600961
 40
0.116233383
 40
0.116233383
 40
0.116233383
 40
0.136545445
 40
0.136545445
 40
0.136545445
 40
0.156039633
 40
0.156039633
 40
0.156039633
 40
0.195716688
 40
0.195716688
 40
0.195716688
 40
0.236289486
 40
0.236289486
 40
0.236289486
 40
0.272672116
 40
0.272672116
 40
0.272672116
 40
0.312045656
 40
0.312045656
 40
0.312045656
 40
0.352323098
 40
0.352323098
 40
0.352323098
 40
0.370318590
 40
0.370318590
 40
0.370318590
 40
0.389530156
 40
0.389530156
 40
0.389530156
 40
0.407462049
 40
0.407462049
 40
0.407462049
 40
0.425685874
 40
0.425685874
 40
0.425685874
 40
0.443995995
 40
0.443995995
 40
0.443995995
 40
0.463181967
 40
0.463181967
 40
0.463181967
 40
0.503879543
 40
0.503879543
 40
0.503879543
 40
0.546068340
 40
0.546068340
 40
0.546068340
 40
0.570760061
 40
0.570760061
 40
0.570760061
 40
0.591665521
 40
0.591665521
 40
0.591665521
 40
0.610082329
 40
0.610082329
 40
0.610082329
 40
0.634644054
 40
0.634644054
 40
0.634644054
 40
0.634644054
 10
283.061278687
 20
208.248137677
 30
0.000000000
 10
283.024446558
 20
206.841654523
 30
0.000000000
 10
282.987655948
 20
205.434585133
 30
0.000000000
 10
283.011142675
 20
204.027538706
 30
0.000000000
 10
283.022920259
 20
203.190283415
 30
0.000000000
 10
283.062355177
 20
202.354358466
 30
0.000000000
 10
283.129447429
 20
201.519763860
 30
0.000000000
 10
283.177111041
 20
200.962476264
 30
0.000000000
 10
283.233151313
 20
200.405212285
 30
0.000000000
 10
283.327062054
 20
199.853567460
 30
0.000000000
 10
283.447359801
 20
199.146659961
 30
0.000000000
 10
283.644276133
 20
198.446650321
 30
0.000000000
 10
283.976906549
 20
197.808647770
 30
0.000000000
 10
284.305776123
 20
197.172556433
 30
0.000000000
 10
284.776769368
 20
196.612111521
 30
0.000000000
 10
285.341008103
 20
196.171870040
 30
0.000000000
 10
285.924668912
 20
195.714350070
 30
0.000000000
 10
286.593535022
 20
195.376099170
 30
0.000000000
 10
287.286206897
 20
195.117140545
 30
0.000000000
 10
287.952095911
 20
194.868218997
 30
0.000000000
 10
288.642193204
 20
194.689185368
 30
0.000000000
 10
289.338794282
 20
194.550352371
 30
0.000000000
 10
290.758531077
 20
194.270096787
 30
0.000000000
 10
292.204338328
 20
194.150477088
 30
0.000000000
 10
293.648000536
 20
194.080267971
 30
0.000000000
 10
295.125360568
 20
194.010461388
 30
0.000000000
 10
296.604643847
 20
193.996278213
 30
0.000000000
 10
298.083434275
 20
193.993909954
 30
0.000000000
 10
299.409591533
 20
193.993985923
 30
0.000000000
 10
300.735748790
 20
193.994061893
 30
0.000000000
 10
302.061906048
 20
193.994137862
 30
0.000000000
 10
303.496989861
 20
193.997207413
 30
0.000000000
 10
304.932515348
 20
194.012720387
 30
0.000000000
 10
306.366186776
 20
194.080728039
 30
0.000000000
 10
307.831611168
 20
194.152421581
 30
0.000000000
 10
309.299488911
 20
194.274834043
 30
0.000000000
 10
310.739525742
 20
194.565578592
 30
0.000000000
 10
311.382078580
 20
194.696476492
 30
0.000000000
 10
312.018544464
 20
194.862566251
 30
0.000000000
 10
312.635091421
 20
195.087185749
 30
0.000000000
 10
313.292494329
 20
195.326633687
 30
0.000000000
 10
313.929243431
 20
195.634965600
 30
0.000000000
 10
314.496387987
 20
196.047390502
 30
0.000000000
 10
315.026131523
 20
196.430257332
 30
0.000000000
 10
315.485220465
 20
196.912544225
 30
0.000000000
 10
315.830731467
 20
197.468012070
 30
0.000000000
 10
316.182692621
 20
198.032586191
 30
0.000000000
 10
316.415375144
 20
198.664557513
 30
0.000000000
 10
316.565832252
 20
199.310655078
 30
0.000000000
 10
316.717295646
 20
199.961176318
 30
0.000000000
 10
316.791425965
 20
200.626497937
 30
0.000000000
 10
316.850686310
 20
201.290833544
 30
0.000000000
 10
316.909448649
 20
201.987913086
 30
0.000000000
 10
316.946318302
 20
202.686167934
 30
0.000000000
 10
316.961295267
 20
203.385598088
 30
0.000000000
 10
316.996703135
 20
204.868865396
 30
0.000000000
 10
316.957094349
 20
206.352397210
 30
0.000000000
 10
316.942241573
 20
207.835656297
 30
0.000000000
 10
316.924894427
 20
209.373106025
 30
0.000000000
 10
316.958555131
 20
210.912104065
 30
0.000000000
 10
316.869940837
 20
212.447952004
 30
0.000000000
 10
316.817248205
 20
213.346052320
 30
0.000000000
 10
316.726703579
 20
214.244000950
 30
0.000000000
 10
316.547326329
 20
215.126394386
 30
0.000000000
 10
316.395243838
 20
215.872629111
 30
0.000000000
 10
316.178781515
 20
216.608236473
 30
0.000000000
 10
315.866243161
 20
217.303738799
 30
0.000000000
 10
315.591187794
 20
217.915841987
 30
0.000000000
 10
315.241313386
 20
218.495801483
 30
0.000000000
 10
314.813778142
 20
219.013715758
 30
0.000000000
 10
314.245071964
 20
219.706226540
 30
0.000000000
 10
313.541142547
 20
220.282242522
 30
0.000000000
 10
312.765230372
 20
220.727861978
 30
0.000000000
  0
SPLINE
  5
EB0
330
A02
100
AcDbEntity
  8
S06_Bodywork_SecG
100
AcDbSpline
210
0
220
0
230
1
 70
8
 71
3
 72
14
 73
10
 74
0
 40
0.000000000
 40
0.000000000
 40
0.000000000
 40
0.000000000
 40
0.233526160
 40
0.233526160
 40
0.233526160
 40
0.348005528
 40
0.348005528
 40
0.348005528
 40
0.482425901
 40
0.482425901
 40
0.482425901
 40
0.482425901
 10
308.999609944
 20
222.085767606
 30
0.000000000
 10
310.256356211
 20
221.879317193
 30
0.000000000
 10
311.218527007
 20
221.543948221
 30
0.000000000
 10
311.855152067
 20
221.249556721
 30
0.000000000
 10
312.167416425
 20
221.106166414
 30
0.000000000
 10
312.401797702
 20
220.975588265
 30
0.000000000
 10
312.555937154
 20
220.882243970
 30
0.000000000
 10
312.737235161
 20
220.769365393
 30
0.000000000
 10
312.806999568
 20
220.717904731
 30
0.000000000
 10
312.765230375
 20
220.727861983
 30
0.000000000
  0
SPLINE
  5
EB1
330
A02
100
AcDbEntity
  8
S06_Bodywork_SecG
100
AcDbSpline
210
0
220
0
230
1
 70
8
 71
3
 72
8
 73
4
 74
0
 40
0.270393728
 40
0.270393728
 40
0.270393728
 40
0.270393728
 40
0.342447641
 40
0.342447641
 40
0.342447641
 40
0.342447641
 10
308.999609944
 20
222.085767606
 30
0.000000000
 10
308.155766252
 20
222.230888589
 30
0.000000000
 10
307.303070320
 20
222.319009073
 30
0.000000000
 10
306.449139698
 20
222.377412862
 30
0.000000000
  0
SPLINE
  5
EB2
330
A02
100
AcDbEntity
  8
S06_Bodywork_SecG
100
AcDbSpline
210
0
220
0
230
1
 70
8
 71
3
 72
8
 73
4
 74
0
 40
0.704459963
 40
0.704459963
 40
0.704459963
 40
0.704459963
 40
0.776614432
 40
0.776614432
 40
0.776614432
 40
0.776614432
 10
293.550977908
 20
222.377127410
 30
0.000000000
 10
292.695860415
 20
222.318585327
 30
0.000000000
 10
291.841979447
 20
222.230251413
 30
0.000000000
 10
290.996993143
 20
222.084718544
 30
0.000000000
  0
SPLINE
  5
EB3
330
A02
100
AcDbEntity
  8
S06_Bodywork_SecG
100
AcDbSpline
210
0
220
0
230
1
 70
8
 71
3
 72
14
 73
10
 74
0
 40
0.517576382
 40
0.517576382
 40
0.517576382
 40
0.517576382
 40
0.650416314
 40
0.650416314
 40
0.650416314
 40
0.764876813
 40
0.764876813
 40
0.764876813
 40
1.000000000
 40
1.000000000
 40
1.000000000
 40
1.000000000
 10
287.230121017
 20
220.727487872
 30
0.000000000
 10
287.188846839
 20
220.717538576
 30
0.000000000
 10
287.256492997
 20
220.767639777
 30
0.000000000
 10
287.433059490
 20
220.877791474
 30
0.000000000
 10
287.584950880
 20
220.970019875
 30
0.000000000
 10
287.817102354
 20
221.099770330
 30
0.000000000
 10
288.127223921
 20
221.242727237
 30
0.000000000
 10
288.763877374
 20
221.538321798
 30
0.000000000
 10
289.731146225
 20
221.876922266
 30
0.000000000
 10
290.996993143
 20
222.084718544
 30
0.000000000
  0
SPLINE
  5
EB4
330
A02
100
AcDbEntity
  8
S06_Bodywork_SecG
100
AcDbSpline
210
0
220
0
230
1
 70
8
 71
3
 72
20
 73
16
 74
0
 40
0.873020445
 40
0.873020445
 40
0.873020445
 40
0.873020445
 40
0.885963006
 40
0.885963006
 40
0.885963006
 40
0.905489238
 40
0.905489238
 40
0.905489238
 40
0.936010563
 40
0.936010563
 40
0.936010563
 40
0.969412315
 40
0.969412315
 40
0.969412315
 40
1.000000000
 40
1.000000000
 40
1.000000000
 40
1.000000000
 10
287.230121018
 20
220.727487871
 30
0.000000000
 10
286.819947275
 20
220.491891573
 30
0.000000000
 10
286.434247159
 20
220.221460171
 30
0.000000000
 10
286.073020671
 20
219.916193664
 30
0.000000000
 10
285.530613481
 20
219.455497835
 30
0.000000000
 10
285.057127083
 20
218.913648454
 30
0.000000000
 10
284.675116987
 20
218.313125219
 30
0.000000000
 10
284.073646506
 20
217.374313588
 30
0.000000000
 10
283.700690071
 20
216.306609069
 30
0.000000000
 10
283.470760180
 20
215.220353928
 30
0.000000000
 10
283.217323654
 20
214.028366657
 30
0.000000000
 10
283.133316753
 20
212.808086205
 30
0.000000000
 10
283.102213476
 20
211.592203013
 30
0.000000000
 10
283.073410019
 20
210.477720820
 30
0.000000000
 10
283.089956455
 20
209.362620783
 30
0.000000000
 10
283.061278687
 20
208.248137677
 30
0.000000000
  0
SPLINE
  5
EB5
330
A02
100
AcDbEntity
  8
S06_Bodywork_SecG
100
AcDbSpline
210
0
220
0
230
1
 70
8
 71
3
 72
11
 73
7
 74
0
 40
0.093830096
 40
0.093830096
 40
0.093830096
 40
0.093830096
 40
0.116369999
 40
0.116369999
 40
0.116369999
 40
0.144821795
 40
0.144821795
 40
0.144821795
 40
0.144821795
 10
287.562052293
 20
215.439130013
 30
0.000000000
 10
287.929630375
 20
216.008678714
 30
0.000000000
 10
288.377875262
 20
216.526407773
 30
0.000000000
 10
288.888192636
 20
216.972831441
 30
0.000000000
 10
289.532412044
 20
217.537021981
 30
0.000000000
 10
290.273383955
 20
217.985536613
 30
0.000000000
 10
291.056979421
 20
218.326864089
 30
0.000000000
  0
SPLINE
  5
EB6
330
A02
100
AcDbEntity
  8
S06_Bodywork_SecG
100
AcDbSpline
210
0
220
0
230
1
 70
8
 71
3
 72
11
 73
7
 74
0
 40
0.346414337
 40
0.346414337
 40
0.346414337
 40
0.346414337
 40
0.372645121
 40
0.372645121
 40
0.372645121
 40
0.397414111
 40
0.397414111
 40
0.397414111
 40
0.397414111
 10
308.942524422
 20
218.327081561
 30
0.000000000
 10
309.665027999
 20
218.012299933
 30
0.000000000
 10
310.351096838
 20
217.606913194
 30
0.000000000
 10
310.958821804
 20
217.103096028
 30
0.000000000
 10
311.532691949
 20
216.628104133
 30
0.000000000
 10
312.034174868
 20
216.064936634
 30
0.000000000
 10
312.438067264
 20
215.438935706
 30
0.000000000
  0
SPLINE
  5
EB7
330
A02
100
AcDbEntity
  8
S06_Bodywork_SecG
100
AcDbSpline
210
0
220
0
230
1
 70
8
 71
3
 72
26
 73
22
 74
0
 40
0.042858166
 40
0.042858166
 40
0.042858166
 40
0.042858166
 40
0.154091824
 40
0.154091824
 40
0.154091824
 40
0.211854431
 40
0.211854431
 40
0.211854431
 40
0.261706894
 40
0.261706894
 40
0.261706894
 40
0.314790129
 40
0.314790129
 40
0.314790129
 40
0.368201585
 40
0.368201585
 40
0.368201585
 40
0.423331575
 40
0.423331575
 40
0.423331575
 40
0.472022188
 40
0.472022188
 40
0.472022188
 40
0.472022188
 10
287.230121017
 20
220.727487872
 30
0.000000000
 10
287.258060808
 20
218.762487207
 30
0.000000000
 10
287.339958203
 20
216.792848504
 30
0.000000000
 10
287.649408772
 20
214.851528327
 30
0.000000000
 10
287.811740523
 20
213.843825872
 30
0.000000000
 10
288.038755003
 20
212.845923296
 30
0.000000000
 10
288.367051134
 20
211.877304650
 30
0.000000000
 10
288.650515102
 20
211.041843846
 30
0.000000000
 10
289.010799521
 20
210.230304023
 30
0.000000000
 10
289.477641932
 20
209.474318608
 30
0.000000000
 10
289.972833270
 20
208.671713044
 30
0.000000000
 10
290.595637542
 20
207.936114241
 30
0.000000000
 10
291.340140737
 20
207.348249491
 30
0.000000000
 10
292.087832695
 20
206.753951572
 30
0.000000000
 10
292.962035423
 20
206.315603518
 30
0.000000000
 10
293.879633520
 20
206.043287981
 30
0.000000000
 10
294.828003752
 20
205.757707359
 30
0.000000000
 10
295.804178791
 20
205.636333440
 30
0.000000000
 10
296.779374564
 20
205.569567279
 30
0.000000000
 10
297.641055723
 20
205.512784401
 30
0.000000000
 10
298.503605717
 20
205.502597852
 30
0.000000000
 10
299.366341078
 20
205.500463248
 30
0.000000000
  0
SPLINE
  5
EB8
330
A02
100
AcDbEntity
  8
S06_Bodywork_SecG
100
AcDbSpline
210
0
220
0
230
1
 70
8
 71
1
 72
4
 73
2
 74
0
 40
0.472022188
 40
0.472022188
 40
0.495866182
 40
0.495866182
 10
299.366341078
 20
205.500463248
 30
0.000000000
 10
300.633733244
 20
205.500463434
 30
0.000000000
  0
SPLINE
  5
EB9
330
A02
100
AcDbEntity
  8
S06_Bodywork_SecG
100
AcDbSpline
210
0
220
0
230
1
 70
8
 71
3
 72
26
 73
22
 74
0
 40
0.495866182
 40
0.495866182
 40
0.495866182
 40
0.495866182
 40
0.550387133
 40
0.550387133
 40
0.550387133
 40
0.603535662
 40
0.603535662
 40
0.603535662
 40
0.652932723
 40
0.652932723
 40
0.652932723
 40
0.706345572
 40
0.706345572
 40
0.706345572
 40
0.756579523
 40
0.756579523
 40
0.756579523
 40
0.812736465
 40
0.812736465
 40
0.812736465
 40
0.926916009
 40
0.926916009
 40
0.926916009
 40
0.926916009
 10
300.633733244
 20
205.500463434
 30
0.000000000
 10
301.599513766
 20
205.503069797
 30
0.000000000
 10
302.566374047
 20
205.514916357
 30
0.000000000
 10
303.529551272
 20
205.592358054
 30
0.000000000
 10
304.467790601
 20
205.669656437
 30
0.000000000
 10
305.412776083
 20
205.808045559
 30
0.000000000
 10
306.319590605
 20
206.105865883
 30
0.000000000
 10
307.161917817
 20
206.377994731
 30
0.000000000
 10
307.961611596
 20
206.795396992
 30
0.000000000
 10
308.653667641
 20
207.343360341
 30
0.000000000
 10
309.403296343
 20
207.934382885
 30
0.000000000
 10
310.023435485
 20
208.667652816
 30
0.000000000
 10
310.518253361
 20
209.467690720
 30
0.000000000
 10
310.984927800
 20
210.221883354
 30
0.000000000
 10
311.346645913
 20
211.034662437
 30
0.000000000
 10
311.630507173
 20
211.870026622
 30
0.000000000
 10
311.947950715
 20
212.804841105
 30
0.000000000
 10
312.170733297
 20
213.767783329
 30
0.000000000
 10
312.332241507
 20
214.739798261
 30
0.000000000
 10
312.659554208
 20
216.718716597
 30
0.000000000
 10
312.740390707
 20
218.727017188
 30
0.000000000
 10
312.765230375
 20
220.727861983
 30
0.000000000
  0
SPLINE
  5
EBA
330
A02
100
AcDbEntity
  8
S06_Bodywork_SecG
100
AcDbSpline
210
0
220
0
230
1
 70
8
 71
3
 72
53
 73
49
 74
0
 40
0.510076534
 40
0.510076534
 40
0.510076534
 40
0.510076534
 40
0.558858070
 40
0.558858070
 40
0.558858070
 40
0.592728341
 40
0.592728341
 40
0.592728341
 40
0.627546089
 40
0.627546089
 40
0.627546089
 40
0.655783800
 40
0.655783800
 40
0.655783800
 40
0.688478802
 40
0.688478802
 40
0.688478802
 40
0.703932371
 40
0.703932371
 40
0.703932371
 40
0.721149050
 40
0.721149050
 40
0.721149050
 40
0.750000000
 40
0.750000000
 40
0.750000000
 40
0.778850950
 40
0.778850950
 40
0.778850950
 40
0.796067629
 40
0.796067629
 40
0.796067629
 40
0.811521198
 40
0.811521198
 40
0.811521198
 40
0.844216200
 40
0.844216200
 40
0.844216200
 40
0.872453911
 40
0.872453911
 40
0.872453911
 40
0.907271659
 40
0.907271659
 40
0.907271659
 40
0.941141930
 40
0.941141930
 40
0.941141930
 40
0.989881791
 40
0.989881791
 40
0.989881791
 40
0.989881791
 10
308.999609944
 20
222.085767606
 30
0.000000000
 10
308.997639620
 20
220.610508605
 30
0.000000000
 10
308.985759337
 20
219.135512003
 30
0.000000000
 10
308.914059490
 20
217.662095284
 30
0.000000000
 10
308.864232183
 20
216.639099540
 30
0.000000000
 10
308.785226426
 20
215.617159357
 30
0.000000000
 10
308.655337249
 20
214.600897705
 30
0.000000000
 10
308.521270705
 20
213.556708312
 30
0.000000000
 10
308.333876454
 20
212.517702652
 30
0.000000000
 10
308.053081180
 20
211.502047533
 30
0.000000000
 10
307.824303081
 20
210.679700046
 30
0.000000000
 10
307.534150895
 20
209.870778191
 30
0.000000000
 10
307.143304734
 20
209.110240793
 30
0.000000000
 10
306.692748899
 20
208.231687468
 30
0.000000000
 10
306.095928673
 20
207.412179057
 30
0.000000000
 10
305.316269875
 20
206.795885444
 30
0.000000000
 10
304.946525112
 20
206.503929306
 30
0.000000000
 10
304.545662600
 20
206.263890647
 30
0.000000000
 10
304.113682339
 20
206.075769466
 30
0.000000000
 10
303.635069243
 20
205.867882838
 30
0.000000000
 10
303.126696963
 20
205.730109397
 30
0.000000000
 10
302.612948221
 20
205.643932381
 30
0.000000000
 10
301.752030780
 20
205.499520747
 30
0.000000000
 10
300.876015385
 20
205.500000002
 30
0.000000000
 10
300.000000000
 20
205.499999997
 30
0.000000000
 10
299.123984615
 20
205.499999993
 30
0.000000000
 10
298.247969241
 20
205.499520728
 30
0.000000000
 10
297.387051779
 20
205.643932381
 30
0.000000000
 10
296.873303024
 20
205.730109408
 30
0.000000000
 10
296.364930718
 20
205.867882870
 30
0.000000000
 10
295.886317661
 20
206.075769466
 30
0.000000000
 10
295.454337480
 20
206.263890582
 30
0.000000000
 10
295.053474968
 20
206.503929241
 30
0.000000000
 10
294.683730125
 20
206.795885444
 30
0.000000000
 10
293.904069615
 20
207.412180432
 30
0.000000000
 10
293.307253623
 20
208.231685442
 30
0.000000000
 10
292.856695266
 20
209.110240793
 30
0.000000000
 10
292.465841969
 20
209.870783921
 30
0.000000000
 10
292.175689337
 20
210.679706134
 30
0.000000000
 10
291.946935434
 20
211.502034191
 30
0.000000000
 10
291.666213051
 20
212.517630775
 30
0.000000000
 10
291.478562920
 20
213.556841919
 30
0.000000000
 10
291.344589562
 20
214.600956479
 30
0.000000000
 10
291.214776446
 20
215.617157050
 30
0.000000000
 10
291.136750568
 20
216.638310340
 30
0.000000000
 10
291.086169749
 20
217.661911193
 30
0.000000000
 10
291.013504583
 20
219.134893527
 30
0.000000000
 10
290.995648839
 20
220.613394435
 30
0.000000000
 10
290.996993143
 20
222.084718544
 30
0.000000000
  0
SPLINE
  5
EBB
330
A02
100
AcDbEntity
  8
S06_Bodywork_SecG
100
AcDbSpline
210
0
220
0
230
1
 70
8
 71
3
 72
77
 73
73
 74
0
 40
0.000000000
 40
0.000000000
 40
0.000000000
 40
0.000000000
 40
0.038596517
 40
0.038596517
 40
0.038596517
 40
0.061555817
 40
0.061555817
 40
0.061555817
 40
0.076901914
 40
0.076901914
 40
0.076901914
 40
0.096600961
 40
0.096600961
 40
0.096600961
 40
0.116233383
 40
0.116233383
 40
0.116233383
 40
0.136545445
 40
0.136545445
 40
0.136545445
 40
0.156039633
 40
0.156039633
 40
0.156039633
 40
0.195716688
 40
0.195716688
 40
0.195716688
 40
0.236289486
 40
0.236289486
 40
0.236289486
 40
0.272672116
 40
0.272672116
 40
0.272672116
 40
0.312045656
 40
0.312045656
 40
0.312045656
 40
0.352323098
 40
0.352323098
 40
0.352323098
 40
0.370318590
 40
0.370318590
 40
0.370318590
 40
0.389530156
 40
0.389530156
 40
0.389530156
 40
0.407462049
 40
0.407462049
 40
0.407462049
 40
0.425685874
 40
0.425685874
 40
0.425685874
 40
0.443995995
 40
0.443995995
 40
0.443995995
 40
0.463181967
 40
0.463181967
 40
0.463181967
 40
0.503879543
 40
0.503879543
 40
0.503879543
 40
0.546068340
 40
0.546068340
 40
0.546068340
 40
0.570760061
 40
0.570760061
 40
0.570760061
 40
0.591665521
 40
0.591665521
 40
0.591665521
 40
0.610082329
 40
0.610082329
 40
0.610082329
 40
0.634644054
 40
0.634644054
 40
0.634644054
 40
0.634644054
 10
283.061278687
 20
208.248137677
 30
0.000000000
 10
283.024446558
 20
206.841654523
 30
0.000000000
 10
282.987655948
 20
205.434585133
 30
0.000000000
 10
283.011142675
 20
204.027538706
 30
0.000000000
 10
283.022920259
 20
203.190283415
 30
0.000000000
 10
283.062355177
 20
202.354358466
 30
0.000000000
 10
283.129447429
 20
201.519763860
 30
0.000000000
 10
283.177111041
 20
200.962476264
 30
0.000000000
 10
283.233151313
 20
200.405212285
 30
0.000000000
 10
283.327062054
 20
199.853567460
 30
0.000000000
 10
283.447359801
 20
199.146659961
 30
0.000000000
 10
283.644276133
 20
198.446650321
 30
0.000000000
 10
283.976906549
 20
197.808647770
 30
0.000000000
 10
284.305776123
 20
197.172556433
 30
0.000000000
 10
284.776769368
 20
196.612111521
 30
0.000000000
 10
285.341008103
 20
196.171870040
 30
0.000000000
 10
285.924668912
 20
195.714350070
 30
0.000000000
 10
286.593535022
 20
195.376099170
 30
0.000000000
 10
287.286206897
 20
195.117140545
 30
0.000000000
 10
287.952095911
 20
194.868218997
 30
0.000000000
 10
288.642193204
 20
194.689185368
 30
0.000000000
 10
289.338794282
 20
194.550352371
 30
0.000000000
 10
290.758531077
 20
194.270096787
 30
0.000000000
 10
292.204338328
 20
194.150477088
 30
0.000000000
 10
293.648000536
 20
194.080267971
 30
0.000000000
 10
295.125360568
 20
194.010461388
 30
0.000000000
 10
296.604643847
 20
193.996278213
 30
0.000000000
 10
298.083434275
 20
193.993909954
 30
0.000000000
 10
299.409591533
 20
193.993985923
 30
0.000000000
 10
300.735748790
 20
193.994061893
 30
0.000000000
 10
302.061906048
 20
193.994137862
 30
0.000000000
 10
303.496989861
 20
193.997207413
 30
0.000000000
 10
304.932515348
 20
194.012720387
 30
0.000000000
 10
306.366186776
 20
194.080728039
 30
0.000000000
 10
307.831611168
 20
194.152421581
 30
0.000000000
 10
309.299488911
 20
194.274834043
 30
0.000000000
 10
310.739525742
 20
194.565578592
 30
0.000000000
 10
311.382078580
 20
194.696476492
 30
0.000000000
 10
312.018544464
 20
194.862566251
 30
0.000000000
 10
312.635091421
 20
195.087185749
 30
0.000000000
 10
313.292494329
 20
195.326633687
 30
0.000000000
 10
313.929243431
 20
195.634965600
 30
0.000000000
 10
314.496387987
 20
196.047390502
 30
0.000000000
 10
315.026131523
 20
196.430257332
 30
0.000000000
 10
315.485220465
 20
196.912544225
 30
0.000000000
 10
315.830731467
 20
197.468012070
 30
0.000000000
 10
316.182692621
 20
198.032586191
 30
0.000000000
 10
316.415375144
 20
198.664557513
 30
0.000000000
 10
316.565832252
 20
199.310655078
 30
0.000000000
 10
316.717295646
 20
199.961176318
 30
0.000000000
 10
316.791425965
 20
200.626497937
 30
0.000000000
 10
316.850686310
 20
201.290833544
 30
0.000000000
 10
316.909448649
 20
201.987913086
 30
0.000000000
 10
316.946318302
 20
202.686167934
 30
0.000000000
 10
316.961295267
 20
203.385598088
 30
0.000000000
 10
316.996703135
 20
204.868865396
 30
0.000000000
 10
316.957094349
 20
206.352397210
 30
0.000000000
 10
316.942241573
 20
207.835656297
 30
0.000000000
 10
316.924894427
 20
209.373106025
 30
0.000000000
 10
316.958555131
 20
210.912104065
 30
0.000000000
 10
316.869940837
 20
212.447952004
 30
0.000000000
 10
316.817248205
 20
213.346052320
 30
0.000000000
 10
316.726703579
 20
214.244000950
 30
0.000000000
 10
316.547326329
 20
215.126394386
 30
0.000000000
 10
316.395243838
 20
215.872629111
 30
0.000000000
 10
316.178781515
 20
216.608236473
 30
0.000000000
 10
315.866243161
 20
217.303738799
 30
0.000000000
 10
315.591187794
 20
217.915841987
 30
0.000000000
 10
315.241313386
 20
218.495801483
 30
0.000000000
 10
314.813778142
 20
219.013715758
 30
0.000000000
 10
314.245071964
 20
219.706226540
 30
0.000000000
 10
313.541142547
 20
220.282242522
 30
0.000000000
 10
312.765230372
 20
220.727861978
 30
0.000000000
  0
SPLINE
  5
EBC
330
A02
100
AcDbEntity
  8
S06_Bodywork_SecG
100
AcDbSpline
210
0
220
0
230
1
 70
8
 71
3
 72
14
 73
10
 74
0
 40
0.000000000
 40
0.000000000
 40
0.000000000
 40
0.000000000
 40
0.233526160
 40
0.233526160
 40
0.233526160
 40
0.348005528
 40
0.348005528
 40
0.348005528
 40
0.482425901
 40
0.482425901
 40
0.482425901
 40
0.482425901
 10
308.999609944
 20
222.085767606
 30
0.000000000
 10
310.256356211
 20
221.879317193
 30
0.000000000
 10
311.218527007
 20
221.543948221
 30
0.000000000
 10
311.855152067
 20
221.249556721
 30
0.000000000
 10
312.167416425
 20
221.106166414
 30
0.000000000
 10
312.401797702
 20
220.975588265
 30
0.000000000
 10
312.555937154
 20
220.882243970
 30
0.000000000
 10
312.737235161
 20
220.769365393
 30
0.000000000
 10
312.806999568
 20
220.717904731
 30
0.000000000
 10
312.765230375
 20
220.727861983
 30
0.000000000
  0
SPLINE
  5
EBD
330
A02
100
AcDbEntity
  8
S06_Bodywork_SecG
100
AcDbSpline
210
0
220
0
230
1
 70
8
 71
3
 72
14
 73
10
 74
0
 40
0.517576382
 40
0.517576382
 40
0.517576382
 40
0.517576382
 40
0.650416314
 40
0.650416314
 40
0.650416314
 40
0.764876813
 40
0.764876813
 40
0.764876813
 40
1.000000000
 40
1.000000000
 40
1.000000000
 40
1.000000000
 10
287.230121017
 20
220.727487872
 30
0.000000000
 10
287.188846839
 20
220.717538576
 30
0.000000000
 10
287.256492997
 20
220.767639777
 30
0.000000000
 10
287.433059490
 20
220.877791474
 30
0.000000000
 10
287.584950880
 20
220.970019875
 30
0.000000000
 10
287.817102354
 20
221.099770330
 30
0.000000000
 10
288.127223921
 20
221.242727237
 30
0.000000000
 10
288.763877374
 20
221.538321798
 30
0.000000000
 10
289.731146225
 20
221.876922266
 30
0.000000000
 10
290.996993143
 20
222.084718544
 30
0.000000000
  0
SPLINE
  5
EBE
330
A02
100
AcDbEntity
  8
S06_Bodywork_SecG
100
AcDbSpline
210
0
220
0
230
1
 70
8
 71
3
 72
20
 73
16
 74
0
 40
0.873020445
 40
0.873020445
 40
0.873020445
 40
0.873020445
 40
0.885963006
 40
0.885963006
 40
0.885963006
 40
0.905489238
 40
0.905489238
 40
0.905489238
 40
0.936010563
 40
0.936010563
 40
0.936010563
 40
0.969412315
 40
0.969412315
 40
0.969412315
 40
1.000000000
 40
1.000000000
 40
1.000000000
 40
1.000000000
 10
287.230121018
 20
220.727487871
 30
0.000000000
 10
286.819947275
 20
220.491891573
 30
0.000000000
 10
286.434247159
 20
220.221460171
 30
0.000000000
 10
286.073020671
 20
219.916193664
 30
0.000000000
 10
285.530613481
 20
219.455497835
 30
0.000000000
 10
285.057127083
 20
218.913648454
 30
0.000000000
 10
284.675116987
 20
218.313125219
 30
0.000000000
 10
284.073646506
 20
217.374313588
 30
0.000000000
 10
283.700690071
 20
216.306609069
 30
0.000000000
 10
283.470760180
 20
215.220353928
 30
0.000000000
 10
283.217323654
 20
214.028366657
 30
0.000000000
 10
283.133316753
 20
212.808086205
 30
0.000000000
 10
283.102213476
 20
211.592203013
 30
0.000000000
 10
283.073410019
 20
210.477720820
 30
0.000000000
 10
283.089956455
 20
209.362620783
 30
0.000000000
 10
283.061278687
 20
208.248137677
 30
0.000000000
  0
SPLINE
  5
EBF
330
A02
100
AcDbEntity
  8
S06_Bodywork_SecG
100
AcDbSpline
210
0
220
0
230
1
 70
8
 71
3
 72
26
 73
22
 74
0
 40
0.042858166
 40
0.042858166
 40
0.042858166
 40
0.042858166
 40
0.154091824
 40
0.154091824
 40
0.154091824
 40
0.211854431
 40
0.211854431
 40
0.211854431
 40
0.261706894
 40
0.261706894
 40
0.261706894
 40
0.314790129
 40
0.314790129
 40
0.314790129
 40
0.368201585
 40
0.368201585
 40
0.368201585
 40
0.423331575
 40
0.423331575
 40
0.423331575
 40
0.472022188
 40
0.472022188
 40
0.472022188
 40
0.472022188
 10
287.230121017
 20
220.727487872
 30
0.000000000
 10
287.258060808
 20
218.762487207
 30
0.000000000
 10
287.339958203
 20
216.792848504
 30
0.000000000
 10
287.649408772
 20
214.851528327
 30
0.000000000
 10
287.811740523
 20
213.843825872
 30
0.000000000
 10
288.038755003
 20
212.845923296
 30
0.000000000
 10
288.367051134
 20
211.877304650
 30
0.000000000
 10
288.650515102
 20
211.041843846
 30
0.000000000
 10
289.010799521
 20
210.230304023
 30
0.000000000
 10
289.477641932
 20
209.474318608
 30
0.000000000
 10
289.972833270
 20
208.671713044
 30
0.000000000
 10
290.595637542
 20
207.936114241
 30
0.000000000
 10
291.340140737
 20
207.348249491
 30
0.000000000
 10
292.087832695
 20
206.753951572
 30
0.000000000
 10
292.962035423
 20
206.315603518
 30
0.000000000
 10
293.879633520
 20
206.043287981
 30
0.000000000
 10
294.828003752
 20
205.757707359
 30
0.000000000
 10
295.804178791
 20
205.636333440
 30
0.000000000
 10
296.779374564
 20
205.569567279
 30
0.000000000
 10
297.641055723
 20
205.512784401
 30
0.000000000
 10
298.503605717
 20
205.502597852
 30
0.000000000
 10
299.366341078
 20
205.500463248
 30
0.000000000
  0
SPLINE
  5
EC0
330
A02
100
AcDbEntity
  8
S06_Bodywork_SecG
100
AcDbSpline
210
0
220
0
230
1
 70
8
 71
1
 72
4
 73
2
 74
0
 40
0.472022188
 40
0.472022188
 40
0.495866182
 40
0.495866182
 10
299.366341078
 20
205.500463248
 30
0.000000000
 10
300.633733244
 20
205.500463434
 30
0.000000000
  0
SPLINE
  5
EC1
330
A02
100
AcDbEntity
  8
S06_Bodywork_SecG
100
AcDbSpline
210
0
220
0
230
1
 70
8
 71
3
 72
26
 73
22
 74
0
 40
0.495866182
 40
0.495866182
 40
0.495866182
 40
0.495866182
 40
0.550387133
 40
0.550387133
 40
0.550387133
 40
0.603535662
 40
0.603535662
 40
0.603535662
 40
0.652932723
 40
0.652932723
 40
0.652932723
 40
0.706345572
 40
0.706345572
 40
0.706345572
 40
0.756579523
 40
0.756579523
 40
0.756579523
 40
0.812736465
 40
0.812736465
 40
0.812736465
 40
0.926916009
 40
0.926916009
 40
0.926916009
 40
0.926916009
 10
300.633733244
 20
205.500463434
 30
0.000000000
 10
301.599513766
 20
205.503069797
 30
0.000000000
 10
302.566374047
 20
205.514916357
 30
0.000000000
 10
303.529551272
 20
205.592358054
 30
0.000000000
 10
304.467790601
 20
205.669656437
 30
0.000000000
 10
305.412776083
 20
205.808045559
 30
0.000000000
 10
306.319590605
 20
206.105865883
 30
0.000000000
 10
307.161917817
 20
206.377994731
 30
0.000000000
 10
307.961611596
 20
206.795396992
 30
0.000000000
 10
308.653667641
 20
207.343360341
 30
0.000000000
 10
309.403296343
 20
207.934382885
 30
0.000000000
 10
310.023435485
 20
208.667652816
 30
0.000000000
 10
310.518253361
 20
209.467690720
 30
0.000000000
 10
310.984927800
 20
210.221883354
 30
0.000000000
 10
311.346645913
 20
211.034662437
 30
0.000000000
 10
311.630507173
 20
211.870026622
 30
0.000000000
 10
311.947950715
 20
212.804841105
 30
0.000000000
 10
312.170733297
 20
213.767783329
 30
0.000000000
 10
312.332241507
 20
214.739798261
 30
0.000000000
 10
312.659554208
 20
216.718716597
 30
0.000000000
 10
312.740390707
 20
218.727017188
 30
0.000000000
 10
312.765230375
 20
220.727861983
 30
0.000000000
  0
LINE
  5
EC2
330
A02
100
AcDbEntity
  8
S06_Bodywork_SecG
100
AcDbLine
 10
340.000000000
 20
191.999999997
 30
0.000000000
 11
260.000000000
 21
191.999999997
 31
0.000000000
  0
LINE
  5
EC3
330
A02
100
AcDbEntity
  8
S06_Bodywork_SecG
100
AcDbLine
 10
340.000000000
 20
192.899999997
 30
0.000000000
 11
340.000000000
 21
191.999999997
 31
0.000000000
  0
LINE
  5
EC4
330
A02
100
AcDbEntity
  8
S06_Bodywork_SecG
100
AcDbLine
 10
260.000000000
 20
191.999999997
 30
0.000000000
 11
260.000000000
 21
192.899999997
 31
0.000000000
  0
LINE
  5
EC5
330
A02
100
AcDbEntity
  8
S06_Bodywork_SecG
100
AcDbLine
 10
260.100000000
 20
192.899999997
 30
0.000000000
 11
260.000000000
 21
192.899999997
 31
0.000000000
  0
LINE
  5
EC6
330
A02
100
AcDbEntity
  8
S06_Bodywork_SecG
100
AcDbLine
 10
260.100000000
 20
195.097087376
 30
0.000000000
 11
260.100000000
 21
192.899999997
 31
0.000000000
  0
LINE
  5
EC7
330
A02
100
AcDbEntity
  8
S06_Bodywork_SecG
100
AcDbLine
 10
260.100000000
 20
195.097087376
 30
0.000000000
 11
260.500000000
 21
195.097087376
 31
0.000000000
  0
LINE
  5
EC8
330
A02
100
AcDbEntity
  8
S06_Bodywork_SecG
100
AcDbLine
 10
260.500000000
 20
195.097087376
 30
0.000000000
 11
260.500000000
 21
192.899999997
 31
0.000000000
  0
LINE
  5
EC9
330
A02
100
AcDbEntity
  8
S06_Bodywork_SecG
100
AcDbLine
 10
339.500000000
 20
192.899999997
 30
0.000000000
 11
260.500000000
 21
192.899999997
 31
0.000000000
  0
LINE
  5
ECA
330
A02
100
AcDbEntity
  8
S06_Bodywork_SecG
100
AcDbLine
 10
339.500000000
 20
195.097087376
 30
0.000000000
 11
339.500000000
 21
192.899999997
 31
0.000000000
  0
LINE
  5
ECB
330
A02
100
AcDbEntity
  8
S06_Bodywork_SecG
100
AcDbLine
 10
339.500000000
 20
195.097087376
 30
0.000000000
 11
339.900000000
 21
195.097087376
 31
0.000000000
  0
LINE
  5
ECC
330
A02
100
AcDbEntity
  8
S06_Bodywork_SecG
100
AcDbLine
 10
339.900000000
 20
195.097087376
 30
0.000000000
 11
339.900000000
 21
192.899999997
 31
0.000000000
  0
LINE
  5
ECD
330
A02
100
AcDbEntity
  8
S06_Bodywork_SecG
100
AcDbLine
 10
340.000000000
 20
192.899999997
 30
0.000000000
 11
339.900000000
 21
192.899999997
 31
0.000000000
  0
LINE
  5
ECE
330
A02
100
AcDbEntity
  8
S06_Bodywork_SecG
100
AcDbLine
 10
260.100000000
 20
195.999999997
 30
0.000000000
 11
260.100000000
 21
195.097087376
 31
0.000000000
  0
LINE
  5
ECF
330
A02
100
AcDbEntity
  8
S06_Bodywork_SecG
100
AcDbLine
 10
260.500000000
 20
195.999999997
 30
0.000000000
 11
260.500000000
 21
195.097087376
 31
0.000000000
  0
LINE
  5
ED0
330
A02
100
AcDbEntity
  8
S06_Bodywork_SecG
100
AcDbLine
 10
260.500000000
 20
195.999999997
 30
0.000000000
 11
260.100000000
 21
195.999999997
 31
0.000000000
  0
LINE
  5
ED1
330
A02
100
AcDbEntity
  8
S06_Bodywork_SecG
100
AcDbLine
 10
339.500000000
 20
195.999999997
 30
0.000000000
 11
339.500000000
 21
195.097087376
 31
0.000000000
  0
LINE
  5
ED2
330
A02
100
AcDbEntity
  8
S06_Bodywork_SecG
100
AcDbLine
 10
339.900000000
 20
195.999999997
 30
0.000000000
 11
339.900000000
 21
195.097087376
 31
0.000000000
  0
LINE
  5
ED3
330
A02
100
AcDbEntity
  8
S06_Bodywork_SecG
100
AcDbLine
 10
339.900000000
 20
195.999999997
 30
0.000000000
 11
339.500000000
 21
195.999999997
 31
0.000000000
  0
LINE
  5
ED4
330
A02
100
AcDbEntity
  8
S06_Bodywork_SecG
100
AcDbLine
 10
340.000000000
 20
191.999999997
 30
0.000000000
 11
260.000000000
 21
191.999999997
 31
0.000000000
  0
LINE
  5
ED5
330
A02
100
AcDbEntity
  8
S06_Bodywork_SecG
100
AcDbLine
 10
340.000000000
 20
192.899999997
 30
0.000000000
 11
340.000000000
 21
191.999999997
 31
0.000000000
  0
LINE
  5
ED6
330
A02
100
AcDbEntity
  8
S06_Bodywork_SecG
100
AcDbLine
 10
260.000000000
 20
191.999999997
 30
0.000000000
 11
260.000000000
 21
192.899999997
 31
0.000000000
  0
LINE
  5
ED7
330
A02
100
AcDbEntity
  8
S06_Bodywork_SecG
100
AcDbLine
 10
260.100000000
 20
192.899999997
 30
0.000000000
 11
260.000000000
 21
192.899999997
 31
0.000000000
  0
LINE
  5
ED8
330
A02
100
AcDbEntity
  8
S06_Bodywork_SecG
100
AcDbLine
 10
260.100000000
 20
195.097087376
 30
0.000000000
 11
260.100000000
 21
192.899999997
 31
0.000000000
  0
LINE
  5
ED9
330
A02
100
AcDbEntity
  8
S06_Bodywork_SecG
100
AcDbLine
 10
260.100000000
 20
195.097087376
 30
0.000000000
 11
260.500000000
 21
195.097087376
 31
0.000000000
  0
LINE
  5
EDA
330
A02
100
AcDbEntity
  8
S06_Bodywork_SecG
100
AcDbLine
 10
260.500000000
 20
195.097087376
 30
0.000000000
 11
260.500000000
 21
192.899999997
 31
0.000000000
  0
LINE
  5
EDB
330
A02
100
AcDbEntity
  8
S06_Bodywork_SecG
100
AcDbLine
 10
339.500000000
 20
192.899999997
 30
0.000000000
 11
260.500000000
 21
192.899999997
 31
0.000000000
  0
LINE
  5
EDC
330
A02
100
AcDbEntity
  8
S06_Bodywork_SecG
100
AcDbLine
 10
339.500000000
 20
195.097087376
 30
0.000000000
 11
339.500000000
 21
192.899999997
 31
0.000000000
  0
LINE
  5
EDD
330
A02
100
AcDbEntity
  8
S06_Bodywork_SecG
100
AcDbLine
 10
339.500000000
 20
195.097087376
 30
0.000000000
 11
339.900000000
 21
195.097087376
 31
0.000000000
  0
LINE
  5
EDE
330
A02
100
AcDbEntity
  8
S06_Bodywork_SecG
100
AcDbLine
 10
339.900000000
 20
195.097087376
 30
0.000000000
 11
339.900000000
 21
192.899999997
 31
0.000000000
  0
LINE
  5
EDF
330
A02
100
AcDbEntity
  8
S06_Bodywork_SecG
100
AcDbLine
 10
340.000000000
 20
192.899999997
 30
0.000000000
 11
339.900000000
 21
192.899999997
 31
0.000000000
  0
LINE
  5
EE0
330
A02
100
AcDbEntity
  8
S06_Bodywork_SecG
100
AcDbLine
 10
260.100000000
 20
195.999999997
 30
0.000000000
 11
260.100000000
 21
195.097087376
 31
0.000000000
  0
LINE
  5
EE1
330
A02
100
AcDbEntity
  8
S06_Bodywork_SecG
100
AcDbLine
 10
260.500000000
 20
195.999999997
 30
0.000000000
 11
260.500000000
 21
195.097087376
 31
0.000000000
  0
LINE
  5
EE2
330
A02
100
AcDbEntity
  8
S06_Bodywork_SecG
100
AcDbLine
 10
339.500000000
 20
195.999999997
 30
0.000000000
 11
339.500000000
 21
195.097087376
 31
0.000000000
  0
LINE
  5
EE3
330
A02
100
AcDbEntity
  8
S06_Bodywork_SecG
100
AcDbLine
 10
339.900000000
 20
195.999999997
 30
0.000000000
 11
339.900000000
 21
195.097087376
 31
0.000000000
  0
SPLINE
  5
EE4
330
A02
100
AcDbEntity
  8
S06_Bodywork_SecG
100
AcDbSpline
210
0
220
0
230
1
 70
8
 71
1
 72
4
 73
2
 74
0
 40
0.017726595
 40
0.017726595
 40
0.044328142
 40
0.044328142
 10
300.922873109
 20
205.501508074
 30
0.000000000
 10
301.357689904
 20
205.504974362
 30
0.000000000
  0
SPLINE
  5
EE5
330
A02
100
AcDbEntity
  8
S06_Bodywork_SecG
100
AcDbSpline
210
0
220
0
230
1
 70
8
 71
1
 72
4
 73
2
 74
0
 40
0.078542399
 40
0.078542399
 40
0.107523085
 40
0.107523085
 10
301.917380517
 20
205.514315324
 30
0.000000000
 10
302.391514677
 20
205.528068639
 30
0.000000000
  0
SPLINE
  5
EE6
330
A02
100
AcDbEntity
  8
S06_Bodywork_SecG
100
AcDbSpline
210
0
220
0
230
1
 70
8
 71
1
 72
4
 73
2
 74
0
 40
0.203087627
 40
0.203087627
 40
0.221332507
 40
0.221332507
 10
303.957514324
 20
205.632096493
 30
0.000000000
 10
304.300243468
 20
205.671605012
 30
0.000000000
  0
SPLINE
  5
EE7
330
A02
100
AcDbEntity
  8
S06_Bodywork_SecG
100
AcDbSpline
210
0
220
0
230
1
 70
8
 71
2
 72
6
 73
3
 74
0
 40
0.936963197
 40
0.936963197
 40
0.936963197
 40
1.000000000
 40
1.000000000
 40
1.000000000
 10
312.776935711
 20
220.721094914
 30
0.000000000
 10
312.783900075
 20
221.345074724
 30
0.000000000
 10
312.784968141
 20
221.969099439
 30
0.000000000
  0
SPLINE
  5
EE8
330
A02
100
AcDbEntity
  8
S06_Bodywork_SecG
100
AcDbSpline
210
0
220
0
230
1
 70
8
 71
2
 72
6
 73
3
 74
0
 40
0.000000000
 40
0.000000000
 40
0.000000000
 40
0.055196434
 40
0.055196434
 40
0.055196434
 10
287.211025808
 20
221.970277287
 30
0.000000000
 10
287.210851623
 20
221.345472310
 30
0.000000000
 10
287.218428549
 20
220.720722064
 30
0.000000000
  0
SPLINE
  5
EE9
330
A02
100
AcDbEntity
  8
S06_Bodywork_SecG
100
AcDbSpline
210
0
220
0
230
1
 70
8
 71
1
 72
4
 73
2
 74
0
 40
0.783503885
 40
0.783503885
 40
0.799530533
 40
0.799530533
 10
295.559148858
 20
205.690003091
 30
0.000000000
 10
295.843347235
 20
205.654165241
 30
0.000000000
  0
SPLINE
  5
EEA
330
A02
100
AcDbEntity
  8
S06_Bodywork_SecG
100
AcDbSpline
210
0
220
0
230
1
 70
8
 71
1
 72
4
 73
2
 74
0
 40
0.851187931
 40
0.851187931
 40
0.866629227
 40
0.866629227
 10
296.748359780
 20
205.571651112
 30
0.000000000
 10
297.019441692
 20
205.554860018
 30
0.000000000
  0
SPLINE
  5
EEB
330
A02
100
AcDbEntity
  8
S06_Bodywork_SecG
100
AcDbSpline
210
0
220
0
230
1
 70
8
 71
1
 72
4
 73
2
 74
0
 40
0.901296596
 40
0.901296596
 40
0.929035805
 40
0.929035805
 10
297.629332867
 20
205.527330624
 30
0.000000000
 10
298.117881639
 20
205.513526716
 30
0.000000000
  0
SPLINE
  5
EEC
330
A02
100
AcDbEntity
  8
S06_Bodywork_SecG
100
AcDbSpline
210
0
220
0
230
1
 70
8
 71
1
 72
4
 73
2
 74
0
 40
0.959871420
 40
0.959871420
 40
0.983018216
 40
0.983018216
 10
298.660856007
 20
205.504768350
 30
0.000000000
 10
299.068128936
 20
205.501554352
 30
0.000000000
  0
SPLINE
  5
EED
330
A02
100
AcDbEntity
  8
S06_Bodywork_SecG
100
AcDbSpline
210
0
220
0
230
1
 70
8
 71
1
 72
4
 73
2
 74
0
 40
0.017726595
 40
0.017726595
 40
0.044328142
 40
0.044328142
 10
300.922873109
 20
205.501508074
 30
0.000000000
 10
301.357689904
 20
205.504974362
 30
0.000000000
  0
SPLINE
  5
EEE
330
A02
100
AcDbEntity
  8
S06_Bodywork_SecG
100
AcDbSpline
210
0
220
0
230
1
 70
8
 71
1
 72
4
 73
2
 74
0
 40
0.078542399
 40
0.078542399
 40
0.107523085
 40
0.107523085
 10
301.917380517
 20
205.514315324
 30
0.000000000
 10
302.391514677
 20
205.528068639
 30
0.000000000
  0
SPLINE
  5
EEF
330
A02
100
AcDbEntity
  8
S06_Bodywork_SecG
100
AcDbSpline
210
0
220
0
230
1
 70
8
 71
1
 72
4
 73
2
 74
0
 40
0.203087627
 40
0.203087627
 40
0.221332507
 40
0.221332507
 10
303.957514324
 20
205.632096493
 30
0.000000000
 10
304.300243468
 20
205.671605012
 30
0.000000000
  0
SPLINE
  5
EF0
330
A02
100
AcDbEntity
  8
S06_Bodywork_SecG
100
AcDbSpline
210
0
220
0
230
1
 70
8
 71
2
 72
6
 73
3
 74
0
 40
0.936963197
 40
0.936963197
 40
0.936963197
 40
1.000000000
 40
1.000000000
 40
1.000000000
 10
312.776935711
 20
220.721094914
 30
0.000000000
 10
312.783900075
 20
221.345074724
 30
0.000000000
 10
312.784968141
 20
221.969099439
 30
0.000000000
  0
SPLINE
  5
EF1
330
A02
100
AcDbEntity
  8
S06_Bodywork_SecG
100
AcDbSpline
210
0
220
0
230
1
 70
8
 71
2
 72
6
 73
3
 74
0
 40
0.000000000
 40
0.000000000
 40
0.000000000
 40
0.055196434
 40
0.055196434
 40
0.055196434
 10
287.211025808
 20
221.970277287
 30
0.000000000
 10
287.210851623
 20
221.345472310
 30
0.000000000
 10
287.218428549
 20
220.720722064
 30
0.000000000
  0
SPLINE
  5
EF2
330
A02
100
AcDbEntity
  8
S06_Bodywork_SecG
100
AcDbSpline
210
0
220
0
230
1
 70
8
 71
1
 72
4
 73
2
 74
0
 40
0.783503885
 40
0.783503885
 40
0.799530533
 40
0.799530533
 10
295.559148858
 20
205.690003091
 30
0.000000000
 10
295.843347235
 20
205.654165241
 30
0.000000000
  0
SPLINE
  5
EF3
330
A02
100
AcDbEntity
  8
S06_Bodywork_SecG
100
AcDbSpline
210
0
220
0
230
1
 70
8
 71
1
 72
4
 73
2
 74
0
 40
0.851187931
 40
0.851187931
 40
0.866629227
 40
0.866629227
 10
296.748359780
 20
205.571651112
 30
0.000000000
 10
297.019441692
 20
205.554860018
 30
0.000000000
  0
SPLINE
  5
EF4
330
A02
100
AcDbEntity
  8
S06_Bodywork_SecG
100
AcDbSpline
210
0
220
0
230
1
 70
8
 71
1
 72
4
 73
2
 74
0
 40
0.901296596
 40
0.901296596
 40
0.929035805
 40
0.929035805
 10
297.629332867
 20
205.527330624
 30
0.000000000
 10
298.117881639
 20
205.513526716
 30
0.000000000
  0
SPLINE
  5
EF5
330
A02
100
AcDbEntity
  8
S06_Bodywork_SecG
100
AcDbSpline
210
0
220
0
230
1
 70
8
 71
1
 72
4
 73
2
 74
0
 40
0.959871420
 40
0.959871420
 40
0.983018216
 40
0.983018216
 10
298.660856007
 20
205.504768350
 30
0.000000000
 10
299.068128936
 20
205.501554352
 30
0.000000000
  0
SPLINE
  5
EF6
330
A02
100
AcDbEntity
  8
S06_Bodywork_SecG
100
AcDbSpline
210
0
220
0
230
1
 70
8
 71
1
 72
4
 73
2
 74
0
 40
0.200000000
 40
0.200000000
 40
1.000000000
 40
1.000000000
 10
295.900000000
 20
233.249999997
 30
0.000000000
 10
296.500000000
 20
233.249999997
 30
0.000000000
  0
SPLINE
  5
EF7
330
A02
100
AcDbEntity
  8
S06_Bodywork_SecH
100
AcDbSpline
210
0
220
0
230
1
 70
9
 71
3
 72
83
 73
79
 74
0
 40
0.000000000
 40
0.000000000
 40
0.000000000
 40
0.000000000
 40
0.040666993
 40
0.040666993
 40
0.040666993
 40
0.063884878
 40
0.063884878
 40
0.063884878
 40
0.101609008
 40
0.101609008
 40
0.101609008
 40
0.128936749
 40
0.128936749
 40
0.128936749
 40
0.151849279
 40
0.151849279
 40
0.151849279
 40
0.185944420
 40
0.185944420
 40
0.185944420
 40
0.250803859
 40
0.250803859
 40
0.250803859
 40
0.321360570
 40
0.321360570
 40
0.321360570
 40
0.353661561
 40
0.353661561
 40
0.353661561
 40
0.382581659
 40
0.382581659
 40
0.382581659
 40
0.413414779
 40
0.413414779
 40
0.413414779
 40
0.441827023
 40
0.441827023
 40
0.441827023
 40
0.500604280
 40
0.500604280
 40
0.500604280
 40
0.533391397
 40
0.533391397
 40
0.533391397
 40
0.567881783
 40
0.567881783
 40
0.567881783
 40
0.601608439
 40
0.601608439
 40
0.601608439
 40
0.628936133
 40
0.628936133
 40
0.628936133
 40
0.651848640
 40
0.651848640
 40
0.651848640
 40
0.685943685
 40
0.685943685
 40
0.685943685
 40
0.750802938
 40
0.750802938
 40
0.750802938
 40
0.821359447
 40
0.821359447
 40
0.821359447
 40
0.853660344
 40
0.853660344
 40
0.853660344
 40
0.882580369
 40
0.882580369
 40
0.882580369
 40
0.913213044
 40
0.913213044
 40
0.913213044
 40
0.942515073
 40
0.942515073
 40
0.942515073
 40
1.000000000
 40
1.000000000
 40
1.000000000
 40
1.000000000
 10
269.000000000
 20
118.004415042
 30
0.000000000
 10
268.988878953
 20
117.227466931
 30
0.000000000
 10
268.990223903
 20
116.449216882
 30
0.000000000
 10
269.051289700
 20
115.674119638
 30
0.000000000
 10
269.086391646
 20
115.231922631
 30
0.000000000
 10
269.139587801
 20
114.790286712
 30
0.000000000
 10
269.233865438
 20
114.356481726
 30
0.000000000
 10
269.385248601
 20
113.653200635
 30
0.000000000
 10
269.653268995
 20
112.965746359
 30
0.000000000
 10
270.086174439
 20
112.386540901
 30
0.000000000
 10
270.397785485
 20
111.966991217
 30
0.000000000
 10
270.791453058
 20
111.610426645
 30
0.000000000
 10
271.233744593
 20
111.332839185
 30
0.000000000
 10
271.604250821
 20
111.098914892
 30
0.000000000
 10
272.006583199
 20
110.918191649
 30
0.000000000
 10
272.421380950
 20
110.778522716
 30
0.000000000
 10
273.039553585
 20
110.570612821
 30
0.000000000
 10
273.684224161
 20
110.451963359
 30
0.000000000
 10
274.331149170
 20
110.378254963
 30
0.000000000
 10
275.564292266
 20
110.241005725
 30
0.000000000
 10
276.807056520
 20
110.255168441
 30
0.000000000
 10
278.045859415
 20
110.254410328
 30
0.000000000
 10
279.392891149
 20
110.255682861
 30
0.000000000
 10
280.747080659
 20
110.239766499
 30
0.000000000
 10
282.083728575
 20
110.432152102
 30
0.000000000
 10
282.693934489
 20
110.522351722
 30
0.000000000
 10
283.299836358
 20
110.660776777
 30
0.000000000
 10
283.875066006
 20
110.886440229
 30
0.000000000
 10
284.389268028
 20
111.087699685
 30
0.000000000
 10
284.877899507
 20
111.362702551
 30
0.000000000
 10
285.296820000
 20
111.724293850
 30
0.000000000
 10
285.744497736
 20
112.108285031
 30
0.000000000
 10
286.104054248
 20
112.591082717
 30
0.000000000
 10
286.355652594
 20
113.123848422
 30
0.000000000
 10
286.589318177
 20
113.614706036
 30
0.000000000
 10
286.736233655
 20
114.142886982
 30
0.000000000
 10
286.828810042
 20
114.677401247
 30
0.000000000
 10
287.017516598
 20
115.787195756
 30
0.000000000
 10
286.998888934
 20
116.917160057
 30
0.000000000
 10
287.000004192
 20
118.038828886
 30
0.000000000
 10
287.000144613
 20
118.665391793
 30
0.000000000
 10
287.004033229
 20
119.292336177
 30
0.000000000
 10
286.973779883
 20
119.918361734
 30
0.000000000
 10
286.941141606
 20
120.576092962
 30
0.000000000
 10
286.875429400
 20
121.235659465
 30
0.000000000
 10
286.713697359
 20
121.875454872
 30
0.000000000
 10
286.556817108
 20
122.499617187
 30
0.000000000
 10
286.300392583
 20
123.104772925
 30
0.000000000
 10
285.913825469
 20
123.622289326
 30
0.000000000
 10
285.602218879
 20
124.041842291
 30
0.000000000
 10
285.208545736
 20
124.398399988
 30
0.000000000
 10
284.766256520
 20
124.675989171
 30
0.000000000
 10
284.395751394
 20
124.909915142
 30
0.000000000
 10
283.993417682
 20
125.090638969
 30
0.000000000
 10
283.578619048
 20
125.230307370
 30
0.000000000
 10
282.960446216
 20
125.438216646
 30
0.000000000
 10
282.315775847
 20
125.556867040
 30
0.000000000
 10
281.668850758
 20
125.630575231
 30
0.000000000
 10
280.435707668
 20
125.767824238
 30
0.000000000
 10
279.192943448
 20
125.753661513
 30
0.000000000
 10
277.954140576
 20
125.754419759
 30
0.000000000
 10
276.607108858
 20
125.753147435
 30
0.000000000
 10
275.252919377
 20
125.769063570
 30
0.000000000
 10
273.916271488
 20
125.576677883
 30
0.000000000
 10
273.306065632
 20
125.486478335
 30
0.000000000
 10
272.700163406
 20
125.348054388
 30
0.000000000
 10
272.124934352
 20
125.122389298
 30
0.000000000
 10
271.610734753
 20
124.921125835
 30
0.000000000
 10
271.122095168
 20
124.646134839
 30
0.000000000
 10
270.703180028
 20
124.284536189
 30
0.000000000
 10
270.258494155
 20
123.902988339
 30
0.000000000
 10
269.900501115
 20
123.424080760
 30
0.000000000
 10
269.649281302
 20
122.895359619
 30
0.000000000
 10
269.407272553
 20
122.389562718
 30
0.000000000
 10
269.257604346
 20
121.844060141
 30
0.000000000
 10
269.163985661
 20
121.292562121
 30
0.000000000
 10
268.980926875
 20
120.206489026
 30
0.000000000
 10
269.015579190
 20
119.101308911
 30
0.000000000
 10
269.000000000
 20
118.004415042
 30
0.000000000
  0
SPLINE
  5
EF8
330
A02
100
AcDbEntity
  8
S06_Bodywork_SecH
100
AcDbSpline
210
0
220
0
230
1
 70
8
 71
3
 72
14
 73
10
 74
0
 40
0.151430880
 40
0.151430880
 40
0.151430880
 40
0.151430880
 40
0.220845321
 40
0.220845321
 40
0.220845321
 40
0.250000000
 40
0.250000000
 40
0.250000000
 40
0.279460067
 40
0.279460067
 40
0.279460067
 40
0.279460067
 10
286.998704478
 20
117.080272244
 30
0.000000000
 10
287.369183815
 20
117.431910762
 30
0.000000000
 10
287.857015621
 20
117.646818292
 30
0.000000000
 10
288.360660374
 20
117.715901442
 30
0.000000000
 10
288.572483745
 20
117.743995217
 30
0.000000000
 10
288.785596952
 20
117.756833084
 30
0.000000000
 10
288.999999994
 20
117.754415042
 30
0.000000000
 10
289.216658016
 20
117.756909856
 30
0.000000000
 10
289.431985235
 20
117.743749915
 30
0.000000000
 10
289.645981649
 20
117.714935217
 30
0.000000000
  0
SPLINE
  5
EF9
330
A02
100
AcDbEntity
  8
S06_Bodywork_SecH
100
AcDbSpline
210
0
220
0
230
1
 70
8
 71
3
 72
32
 73
28
 74
0
 40
0.507590127
 40
0.507590127
 40
0.507590127
 40
0.507590127
 40
0.562383119
 40
0.562383119
 40
0.562383119
 40
0.612999733
 40
0.612999733
 40
0.612999733
 40
0.668643533
 40
0.668643533
 40
0.668643533
 40
0.720845321
 40
0.720845321
 40
0.720845321
 40
0.749999999
 40
0.749999999
 40
0.749999999
 40
0.779154679
 40
0.779154679
 40
0.779154679
 40
0.831356467
 40
0.831356467
 40
0.831356467
 40
0.883506609
 40
0.883506609
 40
0.883506609
 40
0.938987452
 40
0.938987452
 40
0.938987452
 40
0.938987452
 10
291.999069768
 20
113.837529434
 30
0.000000000
 10
291.994950166
 20
113.436350742
 30
0.000000000
 10
291.968086285
 20
113.034201324
 30
0.000000000
 10
291.886683907
 20
112.640461554
 30
0.000000000
 10
291.812257085
 20
112.277403896
 30
0.000000000
 10
291.693593893
 20
111.921445290
 30
0.000000000
 10
291.514312716
 20
111.596098850
 30
0.000000000
 10
291.318430649
 20
111.238833612
 30
0.000000000
 10
291.045059508
 20
110.920587950
 30
0.000000000
 10
290.705547966
 20
110.692618984
 30
0.000000000
 10
290.388290258
 20
110.477257574
 30
0.000000000
 10
290.017776417
 20
110.346555173
 30
0.000000000
 10
289.639339625
 20
110.292928641
 30
0.000000000
 10
289.427516264
 20
110.264834871
 30
0.000000000
 10
289.214403059
 20
110.251997005
 30
0.000000000
 10
289.000000012
 20
110.254415042
 30
0.000000000
 10
288.785596949
 20
110.251996999
 30
0.000000000
 10
288.572483735
 20
110.264834866
 30
0.000000000
 10
288.360660371
 20
110.292928641
 30
0.000000000
 10
287.982223699
 20
110.346555250
 30
0.000000000
 10
287.611709522
 20
110.477257424
 30
0.000000000
 10
287.294452156
 20
110.692619067
 30
0.000000000
 10
286.976436421
 20
110.906278242
 30
0.000000000
 10
286.715860690
 20
111.199220683
 30
0.000000000
 10
286.523636180
 20
111.529281580
 30
0.000000000
 10
286.317889975
 20
111.880840842
 30
0.000000000
 10
286.186457427
 20
112.271752046
 30
0.000000000
 10
286.107316481
 20
112.669971247
 30
0.000000000
  0
SPLINE
  5
EFA
330
A02
100
AcDbEntity
  8
S06_Bodywork_SecH
100
AcDbSpline
210
0
220
0
230
1
 70
9
 71
3
 72
83
 73
79
 74
0
 40
0.000000000
 40
0.000000000
 40
0.000000000
 40
0.000000000
 40
0.040666993
 40
0.040666993
 40
0.040666993
 40
0.063884878
 40
0.063884878
 40
0.063884878
 40
0.101609008
 40
0.101609008
 40
0.101609008
 40
0.128936749
 40
0.128936749
 40
0.128936749
 40
0.151849279
 40
0.151849279
 40
0.151849279
 40
0.185944420
 40
0.185944420
 40
0.185944420
 40
0.250803859
 40
0.250803859
 40
0.250803859
 40
0.321360570
 40
0.321360570
 40
0.321360570
 40
0.353661561
 40
0.353661561
 40
0.353661561
 40
0.382581659
 40
0.382581659
 40
0.382581659
 40
0.413414779
 40
0.413414779
 40
0.413414779
 40
0.441827023
 40
0.441827023
 40
0.441827023
 40
0.500604280
 40
0.500604280
 40
0.500604280
 40
0.533391397
 40
0.533391397
 40
0.533391397
 40
0.567881783
 40
0.567881783
 40
0.567881783
 40
0.601608439
 40
0.601608439
 40
0.601608439
 40
0.628936133
 40
0.628936133
 40
0.628936133
 40
0.651848640
 40
0.651848640
 40
0.651848640
 40
0.685943685
 40
0.685943685
 40
0.685943685
 40
0.750802938
 40
0.750802938
 40
0.750802938
 40
0.821359447
 40
0.821359447
 40
0.821359447
 40
0.853660344
 40
0.853660344
 40
0.853660344
 40
0.882580369
 40
0.882580369
 40
0.882580369
 40
0.913213044
 40
0.913213044
 40
0.913213044
 40
0.942515073
 40
0.942515073
 40
0.942515073
 40
1.000000000
 40
1.000000000
 40
1.000000000
 40
1.000000000
 10
269.000000000
 20
118.004415042
 30
0.000000000
 10
268.988878953
 20
117.227466931
 30
0.000000000
 10
268.990223903
 20
116.449216882
 30
0.000000000
 10
269.051289700
 20
115.674119638
 30
0.000000000
 10
269.086391646
 20
115.231922631
 30
0.000000000
 10
269.139587801
 20
114.790286712
 30
0.000000000
 10
269.233865438
 20
114.356481726
 30
0.000000000
 10
269.385248601
 20
113.653200635
 30
0.000000000
 10
269.653268995
 20
112.965746359
 30
0.000000000
 10
270.086174439
 20
112.386540901
 30
0.000000000
 10
270.397785485
 20
111.966991217
 30
0.000000000
 10
270.791453058
 20
111.610426645
 30
0.000000000
 10
271.233744593
 20
111.332839185
 30
0.000000000
 10
271.604250821
 20
111.098914892
 30
0.000000000
 10
272.006583199
 20
110.918191649
 30
0.000000000
 10
272.421380950
 20
110.778522716
 30
0.000000000
 10
273.039553585
 20
110.570612821
 30
0.000000000
 10
273.684224161
 20
110.451963359
 30
0.000000000
 10
274.331149170
 20
110.378254963
 30
0.000000000
 10
275.564292266
 20
110.241005725
 30
0.000000000
 10
276.807056520
 20
110.255168441
 30
0.000000000
 10
278.045859415
 20
110.254410328
 30
0.000000000
 10
279.392891149
 20
110.255682861
 30
0.000000000
 10
280.747080659
 20
110.239766499
 30
0.000000000
 10
282.083728575
 20
110.432152102
 30
0.000000000
 10
282.693934489
 20
110.522351722
 30
0.000000000
 10
283.299836358
 20
110.660776777
 30
0.000000000
 10
283.875066006
 20
110.886440229
 30
0.000000000
 10
284.389268028
 20
111.087699685
 30
0.000000000
 10
284.877899507
 20
111.362702551
 30
0.000000000
 10
285.296820000
 20
111.724293850
 30
0.000000000
 10
285.744497736
 20
112.108285031
 30
0.000000000
 10
286.104054248
 20
112.591082717
 30
0.000000000
 10
286.355652594
 20
113.123848422
 30
0.000000000
 10
286.589318177
 20
113.614706036
 30
0.000000000
 10
286.736233655
 20
114.142886982
 30
0.000000000
 10
286.828810042
 20
114.677401247
 30
0.000000000
 10
287.017516598
 20
115.787195756
 30
0.000000000
 10
286.998888934
 20
116.917160057
 30
0.000000000
 10
287.000004192
 20
118.038828886
 30
0.000000000
 10
287.000144613
 20
118.665391793
 30
0.000000000
 10
287.004033229
 20
119.292336177
 30
0.000000000
 10
286.973779883
 20
119.918361734
 30
0.000000000
 10
286.941141606
 20
120.576092962
 30
0.000000000
 10
286.875429400
 20
121.235659465
 30
0.000000000
 10
286.713697359
 20
121.875454872
 30
0.000000000
 10
286.556817108
 20
122.499617187
 30
0.000000000
 10
286.300392583
 20
123.104772925
 30
0.000000000
 10
285.913825469
 20
123.622289326
 30
0.000000000
 10
285.602218879
 20
124.041842291
 30
0.000000000
 10
285.208545736
 20
124.398399988
 30
0.000000000
 10
284.766256520
 20
124.675989171
 30
0.000000000
 10
284.395751394
 20
124.909915142
 30
0.000000000
 10
283.993417682
 20
125.090638969
 30
0.000000000
 10
283.578619048
 20
125.230307370
 30
0.000000000
 10
282.960446216
 20
125.438216646
 30
0.000000000
 10
282.315775847
 20
125.556867040
 30
0.000000000
 10
281.668850758
 20
125.630575231
 30
0.000000000
 10
280.435707668
 20
125.767824238
 30
0.000000000
 10
279.192943448
 20
125.753661513
 30
0.000000000
 10
277.954140576
 20
125.754419759
 30
0.000000000
 10
276.607108858
 20
125.753147435
 30
0.000000000
 10
275.252919377
 20
125.769063570
 30
0.000000000
 10
273.916271488
 20
125.576677883
 30
0.000000000
 10
273.306065632
 20
125.486478335
 30
0.000000000
 10
272.700163406
 20
125.348054388
 30
0.000000000
 10
272.124934352
 20
125.122389298
 30
0.000000000
 10
271.610734753
 20
124.921125835
 30
0.000000000
 10
271.122095168
 20
124.646134839
 30
0.000000000
 10
270.703180028
 20
124.284536189
 30
0.000000000
 10
270.258494155
 20
123.902988339
 30
0.000000000
 10
269.900501115
 20
123.424080760
 30
0.000000000
 10
269.649281302
 20
122.895359619
 30
0.000000000
 10
269.407272553
 20
122.389562718
 30
0.000000000
 10
269.257604346
 20
121.844060141
 30
0.000000000
 10
269.163985661
 20
121.292562121
 30
0.000000000
 10
268.980926875
 20
120.206489026
 30
0.000000000
 10
269.015579190
 20
119.101308911
 30
0.000000000
 10
269.000000000
 20
118.004415042
 30
0.000000000
  0
SPLINE
  5
EFB
330
A02
100
AcDbEntity
  8
S06_Bodywork_SecH
100
AcDbSpline
210
0
220
0
230
1
 70
9
 71
3
 72
83
 73
79
 74
0
 40
0.000000000
 40
0.000000000
 40
0.000000000
 40
0.000000000
 40
0.040666993
 40
0.040666993
 40
0.040666993
 40
0.063884878
 40
0.063884878
 40
0.063884878
 40
0.101609008
 40
0.101609008
 40
0.101609008
 40
0.128936749
 40
0.128936749
 40
0.128936749
 40
0.151849279
 40
0.151849279
 40
0.151849279
 40
0.185944420
 40
0.185944420
 40
0.185944420
 40
0.250803859
 40
0.250803859
 40
0.250803859
 40
0.321360570
 40
0.321360570
 40
0.321360570
 40
0.353661561
 40
0.353661561
 40
0.353661561
 40
0.382581659
 40
0.382581659
 40
0.382581659
 40
0.413414779
 40
0.413414779
 40
0.413414779
 40
0.441827023
 40
0.441827023
 40
0.441827023
 40
0.500604280
 40
0.500604280
 40
0.500604280
 40
0.533391397
 40
0.533391397
 40
0.533391397
 40
0.567881783
 40
0.567881783
 40
0.567881783
 40
0.601608439
 40
0.601608439
 40
0.601608439
 40
0.628936133
 40
0.628936133
 40
0.628936133
 40
0.651848640
 40
0.651848640
 40
0.651848640
 40
0.685943685
 40
0.685943685
 40
0.685943685
 40
0.750802938
 40
0.750802938
 40
0.750802938
 40
0.821359447
 40
0.821359447
 40
0.821359447
 40
0.853660345
 40
0.853660345
 40
0.853660345
 40
0.882580369
 40
0.882580369
 40
0.882580369
 40
0.913213044
 40
0.913213044
 40
0.913213044
 40
0.942515073
 40
0.942515073
 40
0.942515073
 40
1.000000000
 40
1.000000000
 40
1.000000000
 40
1.000000000
 10
313.000000000
 20
118.004415042
 30
0.000000000
 10
312.988878953
 20
117.227466931
 30
0.000000000
 10
312.990223903
 20
116.449216882
 30
0.000000000
 10
313.051289700
 20
115.674119638
 30
0.000000000
 10
313.086391646
 20
115.231922631
 30
0.000000000
 10
313.139587801
 20
114.790286712
 30
0.000000000
 10
313.233865438
 20
114.356481726
 30
0.000000000
 10
313.385248601
 20
113.653200635
 30
0.000000000
 10
313.653268995
 20
112.965746360
 30
0.000000000
 10
314.086174439
 20
112.386540901
 30
0.000000000
 10
314.397785485
 20
111.966991217
 30
0.000000000
 10
314.791453058
 20
111.610426645
 30
0.000000000
 10
315.233744593
 20
111.332839185
 30
0.000000000
 10
315.604250821
 20
111.098914892
 30
0.000000000
 10
316.006583199
 20
110.918191649
 30
0.000000000
 10
316.421380950
 20
110.778522716
 30
0.000000000
 10
317.039553585
 20
110.570612821
 30
0.000000000
 10
317.684224161
 20
110.451963359
 30
0.000000000
 10
318.331149170
 20
110.378254963
 30
0.000000000
 10
319.564292266
 20
110.241005725
 30
0.000000000
 10
320.807056520
 20
110.255168441
 30
0.000000000
 10
322.045859415
 20
110.254410328
 30
0.000000000
 10
323.392891149
 20
110.255682861
 30
0.000000000
 10
324.747080659
 20
110.239766499
 30
0.000000000
 10
326.083728575
 20
110.432152102
 30
0.000000000
 10
326.693934489
 20
110.522351722
 30
0.000000000
 10
327.299836358
 20
110.660776777
 30
0.000000000
 10
327.875066006
 20
110.886440229
 30
0.000000000
 10
328.389268028
 20
111.087699685
 30
0.000000000
 10
328.877899507
 20
111.362702551
 30
0.000000000
 10
329.296820000
 20
111.724293850
 30
0.000000000
 10
329.744497736
 20
112.108285031
 30
0.000000000
 10
330.104054248
 20
112.591082717
 30
0.000000000
 10
330.355652594
 20
113.123848422
 30
0.000000000
 10
330.589318177
 20
113.614706036
 30
0.000000000
 10
330.736233655
 20
114.142886982
 30
0.000000000
 10
330.828810042
 20
114.677401247
 30
0.000000000
 10
331.017516598
 20
115.787195756
 30
0.000000000
 10
330.998888934
 20
116.917160057
 30
0.000000000
 10
331.000004192
 20
118.038828886
 30
0.000000000
 10
331.000144613
 20
118.665391793
 30
0.000000000
 10
331.004033229
 20
119.292336177
 30
0.000000000
 10
330.973779883
 20
119.918361734
 30
0.000000000
 10
330.941141606
 20
120.576092962
 30
0.000000000
 10
330.875429400
 20
121.235659465
 30
0.000000000
 10
330.713697359
 20
121.875454872
 30
0.000000000
 10
330.556817108
 20
122.499617187
 30
0.000000000
 10
330.300392583
 20
123.104772925
 30
0.000000000
 10
329.913825469
 20
123.622289326
 30
0.000000000
 10
329.602218879
 20
124.041842291
 30
0.000000000
 10
329.208545736
 20
124.398399988
 30
0.000000000
 10
328.766256520
 20
124.675989171
 30
0.000000000
 10
328.395751394
 20
124.909915142
 30
0.000000000
 10
327.993417682
 20
125.090638969
 30
0.000000000
 10
327.578619048
 20
125.230307370
 30
0.000000000
 10
326.960446216
 20
125.438216646
 30
0.000000000
 10
326.315775847
 20
125.556867040
 30
0.000000000
 10
325.668850758
 20
125.630575231
 30
0.000000000
 10
324.435707668
 20
125.767824238
 30
0.000000000
 10
323.192943448
 20
125.753661513
 30
0.000000000
 10
321.954140576
 20
125.754419759
 30
0.000000000
 10
320.607108858
 20
125.753147435
 30
0.000000000
 10
319.252919377
 20
125.769063570
 30
0.000000000
 10
317.916271488
 20
125.576677883
 30
0.000000000
 10
317.306065633
 20
125.486478335
 30
0.000000000
 10
316.700163406
 20
125.348054388
 30
0.000000000
 10
316.124934352
 20
125.122389298
 30
0.000000000
 10
315.610734753
 20
124.921125835
 30
0.000000000
 10
315.122095168
 20
124.646134839
 30
0.000000000
 10
314.703180028
 20
124.284536189
 30
0.000000000
 10
314.258494155
 20
123.902988339
 30
0.000000000
 10
313.900501115
 20
123.424080760
 30
0.000000000
 10
313.649281302
 20
122.895359619
 30
0.000000000
 10
313.407272553
 20
122.389562718
 30
0.000000000
 10
313.257604346
 20
121.844060141
 30
0.000000000
 10
313.163985661
 20
121.292562121
 30
0.000000000
 10
312.980926875
 20
120.206489026
 30
0.000000000
 10
313.015579190
 20
119.101308911
 30
0.000000000
 10
313.000000000
 20
118.004415042
 30
0.000000000
  0
SPLINE
  5
EFC
330
A02
100
AcDbEntity
  8
S06_Bodywork_SecH
100
AcDbSpline
210
0
220
0
230
1
 70
8
 71
3
 72
17
 73
13
 74
0
 40
0.581622092
 40
0.581622092
 40
0.581622092
 40
0.581622092
 40
0.681393611
 40
0.681393611
 40
0.681393611
 40
0.781165129
 40
0.781165129
 40
0.781165129
 40
0.880936648
 40
0.880936648
 40
0.880936648
 40
0.980708166
 40
0.980708166
 40
0.980708166
 40
0.980708166
 10
313.000000000
 20
118.004415042
 30
0.000000000
 10
312.503609222
 20
117.559168154
 30
0.000000000
 10
312.024926618
 20
117.124751727
 30
0.000000000
 10
311.591460551
 20
116.724375600
 30
0.000000000
 10
311.157748117
 20
116.321793172
 30
0.000000000
 10
310.767922536
 20
115.959243207
 30
0.000000000
 10
310.421983806
 20
115.636725703
 30
0.000000000
 10
310.073230948
 20
115.315164317
 30
0.000000000
 10
309.767035258
 20
115.039627555
 30
0.000000000
 10
309.445211220
 20
114.798320135
 30
0.000000000
 10
309.120815759
 20
114.555872173
 30
0.000000000
 10
308.782272732
 20
114.348386638
 30
0.000000000
 10
308.299396758
 20
114.132133064
 30
0.000000000
  0
SPLINE
  5
EFD
330
A02
100
AcDbEntity
  8
S06_Bodywork_SecH
100
AcDbSpline
210
0
220
0
230
1
 70
8
 71
3
 72
14
 73
10
 74
0
 40
0.220540627
 40
0.220540627
 40
0.220540627
 40
0.220540627
 40
0.249999997
 40
0.249999997
 40
0.249999997
 40
0.279154679
 40
0.279154679
 40
0.279154679
 40
0.348212246
 40
0.348212246
 40
0.348212246
 40
0.348212246
 10
310.354033444
 20
117.714937430
 30
0.000000000
 10
310.568024905
 20
117.743750479
 30
0.000000000
 10
310.783347070
 20
117.756909683
 30
0.000000000
 10
310.999999939
 20
117.754415042
 30
0.000000000
 10
311.214403010
 20
117.756833081
 30
0.000000000
 10
311.427516240
 20
117.743995214
 30
0.000000000
 10
311.639339628
 20
117.715901442
 30
0.000000000
 10
312.140379611
 20
117.647115519
 30
0.000000000
 10
312.625827445
 20
117.434218852
 30
0.000000000
 10
312.995555836
 20
117.085628688
 30
0.000000000
  0
SPLINE
  5
EFE
330
A02
100
AcDbEntity
  8
S06_Bodywork_SecH
100
AcDbSpline
210
0
220
0
230
1
 70
8
 71
3
 72
32
 73
28
 74
0
 40
0.561011260
 40
0.561011260
 40
0.561011260
 40
0.561011260
 40
0.616493391
 40
0.616493391
 40
0.616493391
 40
0.668643533
 40
0.668643533
 40
0.668643533
 40
0.720845321
 40
0.720845321
 40
0.720845321
 40
0.749999999
 40
0.749999999
 40
0.749999999
 40
0.779154679
 40
0.779154679
 40
0.779154679
 40
0.831356467
 40
0.831356467
 40
0.831356467
 40
0.887000267
 40
0.887000267
 40
0.887000267
 40
0.937616881
 40
0.937616881
 40
0.937616881
 40
0.992418706
 40
0.992418706
 40
0.992418706
 40
0.992418706
 10
313.892649983
 20
112.670025746
 30
0.000000000
 10
313.813690731
 20
112.271672977
 30
0.000000000
 10
313.682028837
 20
111.880907848
 30
0.000000000
 10
313.476365450
 20
111.529280466
 30
0.000000000
 10
313.284140227
 20
111.199220056
 30
0.000000000
 10
313.023562036
 20
110.906279298
 30
0.000000000
 10
312.705547966
 20
110.692618984
 30
0.000000000
 10
312.388290258
 20
110.477257574
 30
0.000000000
 10
312.017776417
 20
110.346555173
 30
0.000000000
 10
311.639339625
 20
110.292928641
 30
0.000000000
 10
311.427516264
 20
110.264834871
 30
0.000000000
 10
311.214403059
 20
110.251997005
 30
0.000000000
 10
311.000000012
 20
110.254415042
 30
0.000000000
 10
310.785596949
 20
110.251996999
 30
0.000000000
 10
310.572483735
 20
110.264834866
 30
0.000000000
 10
310.360660371
 20
110.292928641
 30
0.000000000
 10
309.982223699
 20
110.346555250
 30
0.000000000
 10
309.611709522
 20
110.477257424
 30
0.000000000
 10
309.294452156
 20
110.692619067
 30
0.000000000
 10
308.954937460
 20
110.920585877
 30
0.000000000
 10
308.681573243
 20
111.238836273
 30
0.000000000
 10
308.485687284
 20
111.596098850
 30
0.000000000
 10
308.306328335
 20
111.921392098
 30
0.000000000
 10
308.187870465
 20
112.277491133
 30
0.000000000
 10
308.113293732
 20
112.640446260
 30
0.000000000
 10
308.030924561
 20
113.033597640
 30
0.000000000
 10
308.006230236
 20
113.437292981
 30
0.000000000
 10
308.001723724
 20
113.838267909
 30
0.000000000
  0
SPLINE
  5
EFF
330
A02
100
AcDbEntity
  8
S06_Bodywork_SecH
100
AcDbSpline
210
0
220
0
230
1
 70
9
 71
3
 72
83
 73
79
 74
0
 40
0.000000000
 40
0.000000000
 40
0.000000000
 40
0.000000000
 40
0.040666993
 40
0.040666993
 40
0.040666993
 40
0.063884878
 40
0.063884878
 40
0.063884878
 40
0.101609008
 40
0.101609008
 40
0.101609008
 40
0.128936749
 40
0.128936749
 40
0.128936749
 40
0.151849279
 40
0.151849279
 40
0.151849279
 40
0.185944420
 40
0.185944420
 40
0.185944420
 40
0.250803859
 40
0.250803859
 40
0.250803859
 40
0.321360570
 40
0.321360570
 40
0.321360570
 40
0.353661561
 40
0.353661561
 40
0.353661561
 40
0.382581659
 40
0.382581659
 40
0.382581659
 40
0.413414779
 40
0.413414779
 40
0.413414779
 40
0.441827023
 40
0.441827023
 40
0.441827023
 40
0.500604280
 40
0.500604280
 40
0.500604280
 40
0.533391397
 40
0.533391397
 40
0.533391397
 40
0.567881783
 40
0.567881783
 40
0.567881783
 40
0.601608439
 40
0.601608439
 40
0.601608439
 40
0.628936133
 40
0.628936133
 40
0.628936133
 40
0.651848640
 40
0.651848640
 40
0.651848640
 40
0.685943685
 40
0.685943685
 40
0.685943685
 40
0.750802938
 40
0.750802938
 40
0.750802938
 40
0.821359447
 40
0.821359447
 40
0.821359447
 40
0.853660345
 40
0.853660345
 40
0.853660345
 40
0.882580369
 40
0.882580369
 40
0.882580369
 40
0.913213044
 40
0.913213044
 40
0.913213044
 40
0.942515073
 40
0.942515073
 40
0.942515073
 40
1.000000000
 40
1.000000000
 40
1.000000000
 40
1.000000000
 10
313.000000000
 20
118.004415042
 30
0.000000000
 10
312.988878953
 20
117.227466931
 30
0.000000000
 10
312.990223903
 20
116.449216882
 30
0.000000000
 10
313.051289700
 20
115.674119638
 30
0.000000000
 10
313.086391646
 20
115.231922631
 30
0.000000000
 10
313.139587801
 20
114.790286712
 30
0.000000000
 10
313.233865438
 20
114.356481726
 30
0.000000000
 10
313.385248601
 20
113.653200635
 30
0.000000000
 10
313.653268995
 20
112.965746360
 30
0.000000000
 10
314.086174439
 20
112.386540901
 30
0.000000000
 10
314.397785485
 20
111.966991217
 30
0.000000000
 10
314.791453058
 20
111.610426645
 30
0.000000000
 10
315.233744593
 20
111.332839185
 30
0.000000000
 10
315.604250821
 20
111.098914892
 30
0.000000000
 10
316.006583199
 20
110.918191649
 30
0.000000000
 10
316.421380950
 20
110.778522716
 30
0.000000000
 10
317.039553585
 20
110.570612821
 30
0.000000000
 10
317.684224161
 20
110.451963359
 30
0.000000000
 10
318.331149170
 20
110.378254963
 30
0.000000000
 10
319.564292266
 20
110.241005725
 30
0.000000000
 10
320.807056520
 20
110.255168441
 30
0.000000000
 10
322.045859415
 20
110.254410328
 30
0.000000000
 10
323.392891149
 20
110.255682861
 30
0.000000000
 10
324.747080659
 20
110.239766499
 30
0.000000000
 10
326.083728575
 20
110.432152102
 30
0.000000000
 10
326.693934489
 20
110.522351722
 30
0.000000000
 10
327.299836358
 20
110.660776777
 30
0.000000000
 10
327.875066006
 20
110.886440229
 30
0.000000000
 10
328.389268028
 20
111.087699685
 30
0.000000000
 10
328.877899507
 20
111.362702551
 30
0.000000000
 10
329.296820000
 20
111.724293850
 30
0.000000000
 10
329.744497736
 20
112.108285031
 30
0.000000000
 10
330.104054248
 20
112.591082717
 30
0.000000000
 10
330.355652594
 20
113.123848422
 30
0.000000000
 10
330.589318177
 20
113.614706036
 30
0.000000000
 10
330.736233655
 20
114.142886982
 30
0.000000000
 10
330.828810042
 20
114.677401247
 30
0.000000000
 10
331.017516598
 20
115.787195756
 30
0.000000000
 10
330.998888934
 20
116.917160057
 30
0.000000000
 10
331.000004192
 20
118.038828886
 30
0.000000000
 10
331.000144613
 20
118.665391793
 30
0.000000000
 10
331.004033229
 20
119.292336177
 30
0.000000000
 10
330.973779883
 20
119.918361734
 30
0.000000000
 10
330.941141606
 20
120.576092962
 30
0.000000000
 10
330.875429400
 20
121.235659465
 30
0.000000000
 10
330.713697359
 20
121.875454872
 30
0.000000000
 10
330.556817108
 20
122.499617187
 30
0.000000000
 10
330.300392583
 20
123.104772925
 30
0.000000000
 10
329.913825469
 20
123.622289326
 30
0.000000000
 10
329.602218879
 20
124.041842291
 30
0.000000000
 10
329.208545736
 20
124.398399988
 30
0.000000000
 10
328.766256520
 20
124.675989171
 30
0.000000000
 10
328.395751394
 20
124.909915142
 30
0.000000000
 10
327.993417682
 20
125.090638969
 30
0.000000000
 10
327.578619048
 20
125.230307370
 30
0.000000000
 10
326.960446216
 20
125.438216646
 30
0.000000000
 10
326.315775847
 20
125.556867040
 30
0.000000000
 10
325.668850758
 20
125.630575231
 30
0.000000000
 10
324.435707668
 20
125.767824238
 30
0.000000000
 10
323.192943448
 20
125.753661513
 30
0.000000000
 10
321.954140576
 20
125.754419759
 30
0.000000000
 10
320.607108858
 20
125.753147435
 30
0.000000000
 10
319.252919377
 20
125.769063570
 30
0.000000000
 10
317.916271488
 20
125.576677883
 30
0.000000000
 10
317.306065633
 20
125.486478335
 30
0.000000000
 10
316.700163406
 20
125.348054388
 30
0.000000000
 10
316.124934352
 20
125.122389298
 30
0.000000000
 10
315.610734753
 20
124.921125835
 30
0.000000000
 10
315.122095168
 20
124.646134839
 30
0.000000000
 10
314.703180028
 20
124.284536189
 30
0.000000000
 10
314.258494155
 20
123.902988339
 30
0.000000000
 10
313.900501115
 20
123.424080760
 30
0.000000000
 10
313.649281302
 20
122.895359619
 30
0.000000000
 10
313.407272553
 20
122.389562718
 30
0.000000000
 10
313.257604346
 20
121.844060141
 30
0.000000000
 10
313.163985661
 20
121.292562121
 30
0.000000000
 10
312.980926875
 20
120.206489026
 30
0.000000000
 10
313.015579190
 20
119.101308911
 30
0.000000000
 10
313.000000000
 20
118.004415042
 30
0.000000000
  0
SPLINE
  5
F00
330
A02
100
AcDbEntity
  8
S06_Bodywork_SecH
100
AcDbSpline
210
0
220
0
230
1
 70
8
 71
3
 72
17
 73
13
 74
0
 40
0.581622092
 40
0.581622092
 40
0.581622092
 40
0.581622092
 40
0.681393611
 40
0.681393611
 40
0.681393611
 40
0.781165129
 40
0.781165129
 40
0.781165129
 40
0.880936648
 40
0.880936648
 40
0.880936648
 40
0.980708166
 40
0.980708166
 40
0.980708166
 40
0.980708166
 10
313.000000000
 20
118.004415042
 30
0.000000000
 10
312.503609222
 20
117.559168154
 30
0.000000000
 10
312.024926618
 20
117.124751727
 30
0.000000000
 10
311.591460551
 20
116.724375600
 30
0.000000000
 10
311.157748117
 20
116.321793172
 30
0.000000000
 10
310.767922536
 20
115.959243207
 30
0.000000000
 10
310.421983806
 20
115.636725703
 30
0.000000000
 10
310.073230948
 20
115.315164317
 30
0.000000000
 10
309.767035258
 20
115.039627555
 30
0.000000000
 10
309.445211220
 20
114.798320135
 30
0.000000000
 10
309.120815759
 20
114.555872173
 30
0.000000000
 10
308.782272732
 20
114.348386638
 30
0.000000000
 10
308.299396758
 20
114.132133064
 30
0.000000000
  0
SPLINE
  5
F01
330
A02
100
AcDbEntity
  8
S06_Bodywork_SecH
100
AcDbSpline
210
0
220
0
230
1
 70
9
 71
3
 72
113
 73
109
 74
0
 40
0.000000000
 40
0.000000000
 40
0.000000000
 40
0.000000000
 40
0.031005770
 40
0.031005770
 40
0.031005770
 40
0.061670526
 40
0.061670526
 40
0.061670526
 40
0.091738518
 40
0.091738518
 40
0.091738518
 40
0.110887796
 40
0.110887796
 40
0.110887796
 40
0.125460620
 40
0.125460620
 40
0.125460620
 40
0.140411074
 40
0.140411074
 40
0.140411074
 40
0.156016618
 40
0.156016618
 40
0.156016618
 40
0.185234209
 40
0.185234209
 40
0.185234209
 40
0.215907105
 40
0.215907105
 40
0.215907105
 40
0.232536981
 40
0.232536981
 40
0.232536981
 40
0.246970121
 40
0.246970121
 40
0.246970121
 40
0.279152952
 40
0.279152952
 40
0.279152952
 40
0.307329251
 40
0.307329251
 40
0.307329251
 40
0.334923069
 40
0.334923069
 40
0.334923069
 40
0.352249814
 40
0.352249814
 40
0.352249814
 40
0.359896914
 40
0.359896914
 40
0.359896914
 40
0.362446184
 40
0.362446184
 40
0.362446184
 40
0.362849133
 40
0.362849133
 40
0.362849133
 40
0.363252082
 40
0.363252082
 40
0.363252082
 40
0.363837869
 40
0.363837869
 40
0.363837869
 40
0.364423657
 40
0.364423657
 40
0.364423657
 40
0.367358366
 40
0.367358366
 40
0.367358366
 40
0.435850165
 40
0.435850165
 40
0.435850165
 40
0.496308272
 40
0.496308272
 40
0.496308272
 40
0.523217448
 40
0.523217448
 40
0.523217448
 40
0.559060214
 40
0.559060214
 40
0.559060214
 40
0.588423224
 40
0.588423224
 40
0.588423224
 40
0.619726254
 40
0.619726254
 40
0.619726254
 40
0.683427907
 40
0.683427907
 40
0.683427907
 40
0.715976477
 40
0.715976477
 40
0.715976477
 40
0.747893412
 40
0.747893412
 40
0.747893412
 40
0.780216846
 40
0.780216846
 40
0.780216846
 40
0.814039463
 40
0.814039463
 40
0.814039463
 40
0.875639753
 40
0.875639753
 40
0.875639753
 40
0.936101402
 40
0.936101402
 40
0.936101402
 40
1.000000000
 40
1.000000000
 40
1.000000000
 40
1.000000000
 10
288.615773579
 20
127.983570695
 30
0.000000000
 10
288.607348737
 20
126.652764881
 30
0.000000000
 10
288.610766704
 20
125.321340954
 30
0.000000000
 10
288.668657374
 20
123.991538549
 30
0.000000000
 10
288.726675729
 20
122.677033163
 30
0.000000000
 10
288.832033177
 20
121.361855918
 30
0.000000000
 10
289.061150329
 20
120.065064993
 30
0.000000000
 10
289.286732703
 20
118.795899961
 30
0.000000000
 10
289.629193618
 20
117.538661312
 30
0.000000000
 10
290.185196415
 20
116.372016150
 30
0.000000000
 10
290.538948586
 20
115.630644066
 30
0.000000000
 10
290.982708248
 20
114.928826278
 30
0.000000000
 10
291.531068274
 20
114.315613171
 30
0.000000000
 10
291.947316363
 20
113.848699829
 30
0.000000000
 10
292.424693609
 20
113.435993860
 30
0.000000000
 10
292.949385067
 20
113.095220768
 30
0.000000000
 10
293.487285655
 20
112.744703357
 30
0.000000000
 10
294.074659276
 20
112.472932332
 30
0.000000000
 10
294.684267043
 20
112.273090085
 30
0.000000000
 10
295.321098279
 20
112.064141022
 30
0.000000000
 10
295.981604303
 20
111.934080110
 30
0.000000000
 10
296.646264323
 20
111.853399790
 30
0.000000000
 10
297.892831497
 20
111.702621864
 30
0.000000000
 10
299.150810349
 20
111.723665577
 30
0.000000000
 10
300.403981222
 20
111.721679490
 30
0.000000000
 10
301.718423268
 20
111.723179734
 30
0.000000000
 10
303.044120071
 20
111.744122656
 30
0.000000000
 10
304.335892225
 20
112.013209151
 30
0.000000000
 10
305.034498472
 20
112.158166263
 30
0.000000000
 10
305.719177484
 20
112.380270999
 30
0.000000000
 10
306.358200600
 20
112.699427776
 30
0.000000000
 10
306.912863723
 20
112.975496711
 30
0.000000000
 10
307.430276236
 20
113.326129614
 30
0.000000000
 10
307.892483290
 20
113.738700407
 30
0.000000000
 10
308.928217411
 20
114.660574545
 30
0.000000000
 10
309.660917578
 20
115.878467905
 30
0.000000000
 10
310.155707477
 20
117.163941104
 30
0.000000000
 10
310.591324817
 20
118.293327599
 30
0.000000000
 10
310.860579929
 20
119.480407520
 30
0.000000000
 10
311.037809221
 20
120.675843926
 30
0.000000000
 10
311.211026091
 20
121.847889261
 30
0.000000000
 10
311.294708296
 20
123.031310155
 30
0.000000000
 10
311.338781812
 20
124.214671368
 30
0.000000000
 10
311.364552829
 20
124.958026080
 30
0.000000000
 10
311.378760210
 20
125.701610999
 30
0.000000000
 10
311.381403955
 20
126.445426123
 30
0.000000000
 10
311.382313249
 20
126.773676522
 30
0.000000000
 10
311.383222542
 20
127.101926921
 30
0.000000000
 10
311.384131836
 20
127.430177320
 30
0.000000000
 10
311.384163124
 20
127.539604775
 30
0.000000000
 10
311.384194411
 20
127.649032230
 30
0.000000000
 10
311.384225699
 20
127.758459685
 30
0.000000000
 10
311.384226454
 20
127.772140315
 30
0.000000000
 10
311.384227008
 20
127.788786109
 30
0.000000000
 10
311.384227361
 20
127.808397064
 30
0.000000000
 10
311.384227801
 20
127.830979876
 30
0.000000000
 10
311.384227713
 20
127.864358716
 30
0.000000000
 10
311.384227097
 20
127.908533584
 30
0.000000000
 10
311.384226228
 20
127.969236076
 30
0.000000000
 10
311.384226262
 20
127.994833212
 30
0.000000000
 10
311.384226869
 20
128.040827602
 30
0.000000000
 10
311.384227601
 20
128.082441103
 30
0.000000000
 10
311.384227887
 20
128.145145437
 30
0.000000000
 10
311.384227249
 20
128.161783685
 30
0.000000000
 10
311.384218399
 20
128.233693672
 30
0.000000000
 10
311.384209550
 20
128.305603660
 30
0.000000000
 10
311.384200700
 20
128.377513647
 30
0.000000000
 10
311.383740721
 20
130.055375743
 30
0.000000000
 10
311.375938450
 20
131.735340054
 30
0.000000000
 10
311.246013116
 20
133.409118966
 30
0.000000000
 10
311.129886370
 20
134.884621574
 30
0.000000000
 10
310.921191623
 20
136.360094397
 30
0.000000000
 10
310.501901012
 20
137.782421881
 30
0.000000000
 10
310.317200127
 20
138.416966564
 30
0.000000000
 10
310.082757562
 20
139.032471854
 30
0.000000000
 10
309.798573316
 20
139.628937752
 30
0.000000000
 10
309.417958587
 20
140.419665683
 30
0.000000000
 10
308.933358724
 20
141.164714576
 30
0.000000000
 10
308.329359666
 20
141.803476203
 30
0.000000000
 10
307.835842694
 20
142.327015426
 30
0.000000000
 10
307.261805628
 20
142.774759826
 30
0.000000000
 10
306.632368610
 20
143.123468693
 30
0.000000000
 10
305.961170235
 20
143.495874785
 30
0.000000000
 10
305.230939520
 20
143.755301940
 30
0.000000000
 10
304.482753990
 20
143.922151757
 30
0.000000000
 10
302.954303461
 20
144.263881414
 30
0.000000000
 10
301.378640788
 20
144.244735026
 30
0.000000000
 10
299.821490621
 20
144.245583466
 30
0.000000000
 10
299.024114181
 20
144.245503815
 30
0.000000000
 10
298.225905984
 20
144.243214810
 30
0.000000000
 10
297.430084591
 20
144.187676661
 30
0.000000000
 10
296.650416859
 20
144.133237954
 30
0.000000000
 10
295.871615946
 20
144.027480952
 30
0.000000000
 10
295.116162760
 20
143.823092130
 30
0.000000000
 10
294.352041229
 20
143.616694511
 30
0.000000000
 10
293.613426557
 20
143.304734411
 30
0.000000000
 10
292.949385437
 20
142.871920623
 30
0.000000000
 10
292.253418814
 20
142.421013484
 30
0.000000000
 10
291.644030059
 20
141.841386378
 30
0.000000000
 10
291.143376503
 20
141.181238448
 30
0.000000000
 10
290.227303212
 20
139.975125319
 30
0.000000000
 10
289.666513808
 20
138.537816536
 30
0.000000000
 10
289.307590278
 20
137.076456252
 30
0.000000000
 10
288.956524086
 20
135.636106533
 30
0.000000000
 10
288.788974307
 20
134.157393830
 30
0.000000000
 10
288.704846408
 20
132.679297091
 30
0.000000000
 10
288.616889296
 20
131.115680931
 30
0.000000000
 10
288.625620398
 20
129.549017019
 30
0.000000000
 10
288.615773579
 20
127.983570695
 30
0.000000000
  0
SPLINE
  5
F02
330
A02
100
AcDbEntity
  8
S06_Bodywork_SecH
100
AcDbSpline
210
0
220
0
230
1
 70
9
 71
3
 72
113
 73
109
 74
0
 40
0.000000000
 40
0.000000000
 40
0.000000000
 40
0.000000000
 40
0.031005770
 40
0.031005770
 40
0.031005770
 40
0.061670526
 40
0.061670526
 40
0.061670526
 40
0.091738518
 40
0.091738518
 40
0.091738518
 40
0.110887796
 40
0.110887796
 40
0.110887796
 40
0.125460620
 40
0.125460620
 40
0.125460620
 40
0.140411074
 40
0.140411074
 40
0.140411074
 40
0.156016618
 40
0.156016618
 40
0.156016618
 40
0.185234209
 40
0.185234209
 40
0.185234209
 40
0.215907105
 40
0.215907105
 40
0.215907105
 40
0.232536981
 40
0.232536981
 40
0.232536981
 40
0.246970121
 40
0.246970121
 40
0.246970121
 40
0.279152952
 40
0.279152952
 40
0.279152952
 40
0.307329251
 40
0.307329251
 40
0.307329251
 40
0.334923069
 40
0.334923069
 40
0.334923069
 40
0.352249814
 40
0.352249814
 40
0.352249814
 40
0.359896914
 40
0.359896914
 40
0.359896914
 40
0.362446184
 40
0.362446184
 40
0.362446184
 40
0.362849133
 40
0.362849133
 40
0.362849133
 40
0.363252082
 40
0.363252082
 40
0.363252082
 40
0.363837869
 40
0.363837869
 40
0.363837869
 40
0.364423657
 40
0.364423657
 40
0.364423657
 40
0.367358366
 40
0.367358366
 40
0.367358366
 40
0.435850165
 40
0.435850165
 40
0.435850165
 40
0.496308272
 40
0.496308272
 40
0.496308272
 40
0.523217448
 40
0.523217448
 40
0.523217448
 40
0.559060214
 40
0.559060214
 40
0.559060214
 40
0.588423224
 40
0.588423224
 40
0.588423224
 40
0.619726254
 40
0.619726254
 40
0.619726254
 40
0.683427907
 40
0.683427907
 40
0.683427907
 40
0.715976477
 40
0.715976477
 40
0.715976477
 40
0.747893412
 40
0.747893412
 40
0.747893412
 40
0.780216846
 40
0.780216846
 40
0.780216846
 40
0.814039463
 40
0.814039463
 40
0.814039463
 40
0.875639753
 40
0.875639753
 40
0.875639753
 40
0.936101402
 40
0.936101402
 40
0.936101402
 40
1.000000000
 40
1.000000000
 40
1.000000000
 40
1.000000000
 10
288.615773579
 20
127.983570695
 30
0.000000000
 10
288.607348737
 20
126.652764881
 30
0.000000000
 10
288.610766704
 20
125.321340954
 30
0.000000000
 10
288.668657374
 20
123.991538549
 30
0.000000000
 10
288.726675729
 20
122.677033163
 30
0.000000000
 10
288.832033177
 20
121.361855918
 30
0.000000000
 10
289.061150329
 20
120.065064993
 30
0.000000000
 10
289.286732703
 20
118.795899961
 30
0.000000000
 10
289.629193618
 20
117.538661312
 30
0.000000000
 10
290.185196415
 20
116.372016150
 30
0.000000000
 10
290.538948586
 20
115.630644066
 30
0.000000000
 10
290.982708248
 20
114.928826278
 30
0.000000000
 10
291.531068274
 20
114.315613171
 30
0.000000000
 10
291.947316363
 20
113.848699829
 30
0.000000000
 10
292.424693609
 20
113.435993860
 30
0.000000000
 10
292.949385067
 20
113.095220768
 30
0.000000000
 10
293.487285655
 20
112.744703357
 30
0.000000000
 10
294.074659276
 20
112.472932332
 30
0.000000000
 10
294.684267043
 20
112.273090085
 30
0.000000000
 10
295.321098279
 20
112.064141022
 30
0.000000000
 10
295.981604303
 20
111.934080110
 30
0.000000000
 10
296.646264323
 20
111.853399790
 30
0.000000000
 10
297.892831497
 20
111.702621864
 30
0.000000000
 10
299.150810349
 20
111.723665577
 30
0.000000000
 10
300.403981222
 20
111.721679490
 30
0.000000000
 10
301.718423268
 20
111.723179734
 30
0.000000000
 10
303.044120071
 20
111.744122656
 30
0.000000000
 10
304.335892225
 20
112.013209151
 30
0.000000000
 10
305.034498472
 20
112.158166263
 30
0.000000000
 10
305.719177484
 20
112.380270999
 30
0.000000000
 10
306.358200600
 20
112.699427776
 30
0.000000000
 10
306.912863723
 20
112.975496711
 30
0.000000000
 10
307.430276236
 20
113.326129614
 30
0.000000000
 10
307.892483290
 20
113.738700407
 30
0.000000000
 10
308.928217411
 20
114.660574545
 30
0.000000000
 10
309.660917578
 20
115.878467905
 30
0.000000000
 10
310.155707477
 20
117.163941104
 30
0.000000000
 10
310.591324817
 20
118.293327599
 30
0.000000000
 10
310.860579929
 20
119.480407520
 30
0.000000000
 10
311.037809221
 20
120.675843926
 30
0.000000000
 10
311.211026091
 20
121.847889261
 30
0.000000000
 10
311.294708296
 20
123.031310155
 30
0.000000000
 10
311.338781812
 20
124.214671368
 30
0.000000000
 10
311.364552829
 20
124.958026080
 30
0.000000000
 10
311.378760210
 20
125.701610999
 30
0.000000000
 10
311.381403955
 20
126.445426123
 30
0.000000000
 10
311.382313249
 20
126.773676522
 30
0.000000000
 10
311.383222542
 20
127.101926921
 30
0.000000000
 10
311.384131836
 20
127.430177320
 30
0.000000000
 10
311.384163124
 20
127.539604775
 30
0.000000000
 10
311.384194411
 20
127.649032230
 30
0.000000000
 10
311.384225699
 20
127.758459685
 30
0.000000000
 10
311.384226454
 20
127.772140315
 30
0.000000000
 10
311.384227008
 20
127.788786109
 30
0.000000000
 10
311.384227361
 20
127.808397064
 30
0.000000000
 10
311.384227801
 20
127.830979876
 30
0.000000000
 10
311.384227713
 20
127.864358716
 30
0.000000000
 10
311.384227097
 20
127.908533584
 30
0.000000000
 10
311.384226228
 20
127.969236076
 30
0.000000000
 10
311.384226262
 20
127.994833212
 30
0.000000000
 10
311.384226869
 20
128.040827602
 30
0.000000000
 10
311.384227601
 20
128.082441103
 30
0.000000000
 10
311.384227887
 20
128.145145437
 30
0.000000000
 10
311.384227249
 20
128.161783685
 30
0.000000000
 10
311.384218399
 20
128.233693672
 30
0.000000000
 10
311.384209550
 20
128.305603660
 30
0.000000000
 10
311.384200700
 20
128.377513647
 30
0.000000000
 10
311.383740721
 20
130.055375743
 30
0.000000000
 10
311.375938450
 20
131.735340054
 30
0.000000000
 10
311.246013116
 20
133.409118966
 30
0.000000000
 10
311.129886370
 20
134.884621574
 30
0.000000000
 10
310.921191623
 20
136.360094397
 30
0.000000000
 10
310.501901012
 20
137.782421881
 30
0.000000000
 10
310.317200127
 20
138.416966564
 30
0.000000000
 10
310.082757562
 20
139.032471854
 30
0.000000000
 10
309.798573316
 20
139.628937752
 30
0.000000000
 10
309.417958587
 20
140.419665683
 30
0.000000000
 10
308.933358724
 20
141.164714576
 30
0.000000000
 10
308.329359666
 20
141.803476203
 30
0.000000000
 10
307.835842694
 20
142.327015426
 30
0.000000000
 10
307.261805628
 20
142.774759826
 30
0.000000000
 10
306.632368610
 20
143.123468693
 30
0.000000000
 10
305.961170235
 20
143.495874785
 30
0.000000000
 10
305.230939520
 20
143.755301940
 30
0.000000000
 10
304.482753990
 20
143.922151757
 30
0.000000000
 10
302.954303461
 20
144.263881414
 30
0.000000000
 10
301.378640788
 20
144.244735026
 30
0.000000000
 10
299.821490621
 20
144.245583466
 30
0.000000000
 10
299.024114181
 20
144.245503815
 30
0.000000000
 10
298.225905984
 20
144.243214810
 30
0.000000000
 10
297.430084591
 20
144.187676661
 30
0.000000000
 10
296.650416859
 20
144.133237954
 30
0.000000000
 10
295.871615946
 20
144.027480952
 30
0.000000000
 10
295.116162760
 20
143.823092130
 30
0.000000000
 10
294.352041229
 20
143.616694511
 30
0.000000000
 10
293.613426557
 20
143.304734411
 30
0.000000000
 10
292.949385437
 20
142.871920623
 30
0.000000000
 10
292.253418814
 20
142.421013484
 30
0.000000000
 10
291.644030059
 20
141.841386378
 30
0.000000000
 10
291.143376503
 20
141.181238448
 30
0.000000000
 10
290.227303212
 20
139.975125319
 30
0.000000000
 10
289.666513808
 20
138.537816536
 30
0.000000000
 10
289.307590278
 20
137.076456252
 30
0.000000000
 10
288.956524086
 20
135.636106533
 30
0.000000000
 10
288.788974307
 20
134.157393830
 30
0.000000000
 10
288.704846408
 20
132.679297091
 30
0.000000000
 10
288.616889296
 20
131.115680931
 30
0.000000000
 10
288.625620398
 20
129.549017019
 30
0.000000000
 10
288.615773579
 20
127.983570695
 30
0.000000000
  0
LINE
  5
F03
330
A02
100
AcDbEntity
  8
S06_Bodywork_SecH
100
AcDbLine
 10
340.000000000
 20
105.754415042
 30
0.000000000
 11
260.000000000
 21
105.754415042
 31
0.000000000
  0
LINE
  5
F04
330
A02
100
AcDbEntity
  8
S06_Bodywork_SecH
100
AcDbLine
 10
340.000000000
 20
106.654415042
 30
0.000000000
 11
340.000000000
 21
105.754415042
 31
0.000000000
  0
LINE
  5
F05
330
A02
100
AcDbEntity
  8
S06_Bodywork_SecH
100
AcDbLine
 10
260.000000000
 20
105.754415042
 30
0.000000000
 11
260.000000000
 21
106.654415042
 31
0.000000000
  0
LINE
  5
F06
330
A02
100
AcDbEntity
  8
S06_Bodywork_SecH
100
AcDbLine
 10
260.100000000
 20
106.654415042
 30
0.000000000
 11
260.000000000
 21
106.654415042
 31
0.000000000
  0
LINE
  5
F07
330
A02
100
AcDbEntity
  8
S06_Bodywork_SecH
100
AcDbLine
 10
260.100000000
 20
109.385483003
 30
0.000000000
 11
260.100000000
 21
106.654415042
 31
0.000000000
  0
LINE
  5
F08
330
A02
100
AcDbEntity
  8
S06_Bodywork_SecH
100
AcDbLine
 10
260.100000000
 20
109.385483003
 30
0.000000000
 11
260.500000000
 21
109.385483003
 31
0.000000000
  0
LINE
  5
F09
330
A02
100
AcDbEntity
  8
S06_Bodywork_SecH
100
AcDbLine
 10
260.500000000
 20
109.385483003
 30
0.000000000
 11
260.500000000
 21
106.654415042
 31
0.000000000
  0
LINE
  5
F0A
330
A02
100
AcDbEntity
  8
S06_Bodywork_SecH
100
AcDbLine
 10
339.500000000
 20
106.654415042
 30
0.000000000
 11
260.500000000
 21
106.654415042
 31
0.000000000
  0
LINE
  5
F0B
330
A02
100
AcDbEntity
  8
S06_Bodywork_SecH
100
AcDbLine
 10
339.500000000
 20
109.385483003
 30
0.000000000
 11
339.500000000
 21
106.654415042
 31
0.000000000
  0
LINE
  5
F0C
330
A02
100
AcDbEntity
  8
S06_Bodywork_SecH
100
AcDbLine
 10
339.500000000
 20
109.385483003
 30
0.000000000
 11
339.900000000
 21
109.385483003
 31
0.000000000
  0
LINE
  5
F0D
330
A02
100
AcDbEntity
  8
S06_Bodywork_SecH
100
AcDbLine
 10
339.900000000
 20
109.385483003
 30
0.000000000
 11
339.900000000
 21
106.654415042
 31
0.000000000
  0
LINE
  5
F0E
330
A02
100
AcDbEntity
  8
S06_Bodywork_SecH
100
AcDbLine
 10
340.000000000
 20
106.654415042
 30
0.000000000
 11
339.900000000
 21
106.654415042
 31
0.000000000
  0
LINE
  5
F0F
330
A02
100
AcDbEntity
  8
S06_Bodywork_SecH
100
AcDbLine
 10
260.100000000
 20
109.754415042
 30
0.000000000
 11
260.100000000
 21
109.385483003
 31
0.000000000
  0
LINE
  5
F10
330
A02
100
AcDbEntity
  8
S06_Bodywork_SecH
100
AcDbLine
 10
260.500000000
 20
109.754415042
 30
0.000000000
 11
260.500000000
 21
109.385483003
 31
0.000000000
  0
LINE
  5
F11
330
A02
100
AcDbEntity
  8
S06_Bodywork_SecH
100
AcDbLine
 10
260.500000000
 20
109.754415042
 30
0.000000000
 11
260.100000000
 21
109.754415042
 31
0.000000000
  0
LINE
  5
F12
330
A02
100
AcDbEntity
  8
S06_Bodywork_SecH
100
AcDbLine
 10
339.500000000
 20
109.754415042
 30
0.000000000
 11
339.500000000
 21
109.385483003
 31
0.000000000
  0
LINE
  5
F13
330
A02
100
AcDbEntity
  8
S06_Bodywork_SecH
100
AcDbLine
 10
339.900000000
 20
109.754415042
 30
0.000000000
 11
339.900000000
 21
109.385483003
 31
0.000000000
  0
LINE
  5
F14
330
A02
100
AcDbEntity
  8
S06_Bodywork_SecH
100
AcDbLine
 10
339.900000000
 20
109.754415042
 30
0.000000000
 11
339.500000000
 21
109.754415042
 31
0.000000000
  0
LINE
  5
F15
330
A02
100
AcDbEntity
  8
S06_Bodywork_SecH
100
AcDbLine
 10
340.000000000
 20
105.754415042
 30
0.000000000
 11
260.000000000
 21
105.754415042
 31
0.000000000
  0
LINE
  5
F16
330
A02
100
AcDbEntity
  8
S06_Bodywork_SecH
100
AcDbLine
 10
340.000000000
 20
106.654415042
 30
0.000000000
 11
340.000000000
 21
105.754415042
 31
0.000000000
  0
LINE
  5
F17
330
A02
100
AcDbEntity
  8
S06_Bodywork_SecH
100
AcDbLine
 10
260.000000000
 20
105.754415042
 30
0.000000000
 11
260.000000000
 21
106.654415042
 31
0.000000000
  0
LINE
  5
F18
330
A02
100
AcDbEntity
  8
S06_Bodywork_SecH
100
AcDbLine
 10
260.100000000
 20
106.654415042
 30
0.000000000
 11
260.000000000
 21
106.654415042
 31
0.000000000
  0
LINE
  5
F19
330
A02
100
AcDbEntity
  8
S06_Bodywork_SecH
100
AcDbLine
 10
260.100000000
 20
109.385483003
 30
0.000000000
 11
260.100000000
 21
106.654415042
 31
0.000000000
  0
LINE
  5
F1A
330
A02
100
AcDbEntity
  8
S06_Bodywork_SecH
100
AcDbLine
 10
260.100000000
 20
109.385483003
 30
0.000000000
 11
260.500000000
 21
109.385483003
 31
0.000000000
  0
LINE
  5
F1B
330
A02
100
AcDbEntity
  8
S06_Bodywork_SecH
100
AcDbLine
 10
260.500000000
 20
109.385483003
 30
0.000000000
 11
260.500000000
 21
106.654415042
 31
0.000000000
  0
LINE
  5
F1C
330
A02
100
AcDbEntity
  8
S06_Bodywork_SecH
100
AcDbLine
 10
339.500000000
 20
106.654415042
 30
0.000000000
 11
260.500000000
 21
106.654415042
 31
0.000000000
  0
LINE
  5
F1D
330
A02
100
AcDbEntity
  8
S06_Bodywork_SecH
100
AcDbLine
 10
339.500000000
 20
109.385483003
 30
0.000000000
 11
339.500000000
 21
106.654415042
 31
0.000000000
  0
LINE
  5
F1E
330
A02
100
AcDbEntity
  8
S06_Bodywork_SecH
100
AcDbLine
 10
339.500000000
 20
109.385483003
 30
0.000000000
 11
339.900000000
 21
109.385483003
 31
0.000000000
  0
LINE
  5
F1F
330
A02
100
AcDbEntity
  8
S06_Bodywork_SecH
100
AcDbLine
 10
339.900000000
 20
109.385483003
 30
0.000000000
 11
339.900000000
 21
106.654415042
 31
0.000000000
  0
LINE
  5
F20
330
A02
100
AcDbEntity
  8
S06_Bodywork_SecH
100
AcDbLine
 10
340.000000000
 20
106.654415042
 30
0.000000000
 11
339.900000000
 21
106.654415042
 31
0.000000000
  0
LINE
  5
F21
330
A02
100
AcDbEntity
  8
S06_Bodywork_SecH
100
AcDbLine
 10
260.100000000
 20
109.754415042
 30
0.000000000
 11
260.100000000
 21
109.385483003
 31
0.000000000
  0
LINE
  5
F22
330
A02
100
AcDbEntity
  8
S06_Bodywork_SecH
100
AcDbLine
 10
260.500000000
 20
109.754415042
 30
0.000000000
 11
260.500000000
 21
109.385483003
 31
0.000000000
  0
LINE
  5
F23
330
A02
100
AcDbEntity
  8
S06_Bodywork_SecH
100
AcDbLine
 10
339.500000000
 20
109.754415042
 30
0.000000000
 11
339.500000000
 21
109.385483003
 31
0.000000000
  0
LINE
  5
F24
330
A02
100
AcDbEntity
  8
S06_Bodywork_SecH
100
AcDbLine
 10
339.900000000
 20
109.754415042
 30
0.000000000
 11
339.900000000
 21
109.385483003
 31
0.000000000
  0
DIMENSION
  5
F25
330
A02
100
AcDbEntity
  8
DimExtent061
100
AcDbDimension
  2
*DimExtent061
 10
119.816229029
 20
267.003871491
 30
0.000000000
 11
120.012951987
 21
272.000000000
 31
0.000000000
 70
32
  1
3700
  3
STANDARD
100
AcDbAlignedDimension
 13
27.500000000
 23
214.755414417
 33
0.000000000
 14
212.500000000
 24
222.039804142
 34
0.000000000
100
AcDbRotatedDimension
  0
DIMENSION
  5
F2F
330
A02
100
AcDbEntity
  8
DimExtent062
100
AcDbDimension
  2
*DimExtent062
 10
25.512951987
 20
225.000000000
 30
0.000000000
 11
20.512951987
 21
225.000000000
 31
0.000000000
 70
32
  1
1600
  3
STANDARD
100
AcDbAlignedDimension
 13
181.500000000
 23
265.000000000
 33
0.000000000
 14
181.500000000
 24
185.000000000
 34
0.000000000
 50
90
100
AcDbRotatedDimension
  0
DIMENSION
  5
F39
330
A02
100
AcDbEntity
  8
DimExtent063
100
AcDbDimension
  2
*DimExtent063
 10
23.107424967
 20
135.663350491
 30
0.000000000
 11
20.512951987
 21
139.937541637
 31
0.000000000
 70
32
  1
920
  3
STANDARD
100
AcDbAlignedDimension
 13
114.218603116
 23
162.999998537
 33
0.000000000
 14
190.000000000
 24
116.999999950
 34
0.000000000
 50
90
100
AcDbRotatedDimension
  0
DIMENSION
  5
F43
330
A02
100
AcDbEntity
  8
DimExtent064
100
AcDbDimension
  2
*DimExtent064
 10
300.000000000
 20
239.937540606
 30
0.000000000
 11
300.000000000
 21
244.937540606
 31
0.000000000
 70
32
  1
1600
  3
STANDARD
100
AcDbAlignedDimension
 13
260.000000000
 23
191.999999997
 33
0.000000000
 14
340.000000000
 24
191.999999997
 34
0.000000000
100
AcDbRotatedDimension
  0
DIMENSION
  5
F4D
330
A02
100
AcDbEntity
  8
DimExtent065
100
AcDbDimension
  2
*DimExtent065
 10
256.773027602
 20
211.656648053
 30
0.000000000
 11
253.000000000
 21
214.937541637
 31
0.000000000
 70
32
  1
920
  3
STANDARD
100
AcDbAlignedDimension
 13
299.999999792
 23
237.999999997
 33
0.000000000
 14
340.000000000
 24
191.999999997
 34
0.000000000
 50
90
100
AcDbRotatedDimension
  0
DIMENSION
  5
F57
330
A02
100
AcDbEntity
  8
DimExtent066
100
AcDbDimension
  2
*DimExtent066
 10
300.000000000
 20
149.937540606
 30
0.000000000
 11
300.000000000
 21
154.937540606
 31
0.000000000
 70
32
  1
1600
  3
STANDARD
100
AcDbAlignedDimension
 13
260.000000000
 23
105.754415042
 33
0.000000000
 14
340.000000000
 24
105.754415042
 34
0.000000000
100
AcDbRotatedDimension
  0
DIMENSION
  5
F61
330
A02
100
AcDbEntity
  8
DimExtent067
100
AcDbDimension
  2
*DimExtent067
 10
256.460694358
 20
121.328719868
 30
0.000000000
 11
253.000000000
 21
124.937541637
 31
0.000000000
 70
32
  1
770
  3
STANDARD
100
AcDbAlignedDimension
 13
299.861300247
 23
144.245584915
 33
0.000000000
 14
340.000000000
 24
105.754415042
 34
0.000000000
 50
90
100
AcDbRotatedDimension
  0
TEXT
  5
F6B
330
A02
100
AcDbEntity
  8
S06_Bodywork_Tab
100
AcDbText
 10
100.000000000
 20
55.000000000
 30
0.000000000
 40
3.200000000
  1
G-G  X=1,200  サイドポッド インレット直後
  7
STANDARD
 72
1
 11
100.000000000
 21
55.000000000
 31
0.000000000
100
AcDbText
  0
ENDSEC
  0
SECTION
  2
OBJECTS
  0
DICTIONARY
  5
F000
330
0
100
AcDbDictionary
  3
ACAD_GROUP
350
F001
  0
DICTIONARY
  5
F001
330
F000
100
AcDbDictionary
  0
ENDSEC
  0
EOF