999
FreeCAD v1.1 20260725 (Git shallow)
  0
SECTION
  2
HEADER
  9
$ACADVER
  1
AC1014
  9
$ACADMAINTVER
 70
     9
  9
$DWGCODEPAGE
  3
ANSI_1252
  9
$TEXTSTYLE
  7
STANDARD
  9
$DIMSTYLE
  2
STANDARD
  9
$DIMTXSTY
  7
STANDARD
  9
$CMLSTYLE
  2
STANDARD
  9
$LUNITS
 70
2
  9
$INSUNITS
 70
4
  9
$PEXTMAX
 10
50
 20
50
 30
50
  9
$PEXTMIN
 10
0
 20
0
 30
0
  9
$HANDSEED
  5
FFFF
  0
ENDSEC
  0
SECTION
  2
CLASSES
  0
CLASS
  1
ACDBDICTIONARYWDFLT
  2
AcDbDictionaryWithDefault
  3
ObjectDBX Classes
 90
        0
280
     0
281
     0
  0
CLASS
  1
XRECORD
  2
AcDbXrecord
  3
ObjectDBX Classes
 90
        0
280
     0
281
     0
  0
CLASS
  1
LWPOLYLINE
  2
AcDbPolyline
  3
ObjectDBX Classes
 90
        0
280
     0
281
     1
  0
ENDSEC
  0
SECTION
  2
TABLES
  0
TABLE
  2
VPORT
  5
20
330
0
100
AcDbSymbolTable
 70
     1
  0
VPORT
  5
21
330
20
100
AcDbSymbolTableRecord
100
AcDbViewportTableRecord
  2
*ACTIVE
 70
     0
  0
ENDTAB
  0
TABLE
  2
LTYPE
  5
22
330
0
100
AcDbSymbolTable
 70
     1
  0
LTYPE
  5
23
330
21
100
AcDbSymbolTableRecord
100
AcDbLinetypeTableRecord
  2
BYBLOCK
 70
     0
  3

 72
    65
 73
     0
 40
0.0
  0
LTYPE
  5
24
330
21
100
AcDbSymbolTableRecord
100
AcDbLinetypeTableRecord
  2
BYLAYER
 70
     0
  3

 72
    65
 73
     0
 40
0.0
  0
LTYPE
  5
25
330
21
100
AcDbSymbolTableRecord
100
AcDbLinetypeTableRecord
  2
CONTINUOUS
 70
     0
  3
Solid line
 72
    65
 73
     0
 40
0.0
  0
ENDTAB
  0
TABLE
  2
LAYER
  5
BD5
330
0
100
AcDbSymbolTable
 70
12
  0
LAYER
  5
BD6
330
BD5
100
AcDbSymbolTableRecord
100
AcDbLayerTableRecord
  2
0
 70
   0
 62
   7
  6
CONTINUOUS
  0
LAYER
  5
BD7
330
BD5
100
AcDbSymbolTableRecord
100
AcDbLayerTableRecord
  2
S08_Suspension_FrontF
 70
    0
 62
    7
  6
CONTINUOUS
  0
LAYER
  5
BD8
330
BD5
100
AcDbSymbolTableRecord
100
AcDbLayerTableRecord
  2
S08_Suspension_FrontT
 70
    0
 62
    7
  6
CONTINUOUS
  0
LAYER
  5
BD9
330
BD5
100
AcDbSymbolTableRecord
100
AcDbLayerTableRecord
  2
S08_Suspension_RearF
 70
    0
 62
    7
  6
CONTINUOUS
  0
LAYER
  5
BDA
330
BD5
100
AcDbSymbolTableRecord
100
AcDbLayerTableRecord
  2
S08_Suspension_RearT
 70
    0
 62
    7
  6
CONTINUOUS
  0
LAYER
  5
BDB
330
BD5
100
AcDbSymbolTableRecord
100
AcDbLayerTableRecord
  2
DimExtent080
 70
    0
 62
    7
  6
CONTINUOUS
  0
LAYER
  5
BDC
330
BD5
100
AcDbSymbolTableRecord
100
AcDbLayerTableRecord
  2
DimExtent081
 70
    0
 62
    7
  6
CONTINUOUS
  0
LAYER
  5
BDD
330
BD5
100
AcDbSymbolTableRecord
100
AcDbLayerTableRecord
  2
DimExtent082
 70
    0
 62
    7
  6
CONTINUOUS
  0
LAYER
  5
BDE
330
BD5
100
AcDbSymbolTableRecord
100
AcDbLayerTableRecord
  2
DimExtent083
 70
    0
 62
    7
  6
CONTINUOUS
  0
LAYER
  5
BDF
330
BD5
100
AcDbSymbolTableRecord
100
AcDbLayerTableRecord
  2
DimExtent084
 70
    0
 62
    7
  6
CONTINUOUS
  0
LAYER
  5
BE0
330
BD5
100
AcDbSymbolTableRecord
100
AcDbLayerTableRecord
  2
DimExtent085
 70
    0
 62
    7
  6
CONTINUOUS
  0
LAYER
  5
BE1
330
BD5
100
AcDbSymbolTableRecord
100
AcDbLayerTableRecord
  2
S08_Suspension_Tab
 70
    0
 62
    7
  6
CONTINUOUS
  0
ENDTAB
  0
TABLE
  2
STYLE
  5
70
330
0
100
AcDbSymbolTable
 70
     2
  0
STYLE
  5
71
330
70
100
AcDbSymbolTableRecord
100
AcDbTextStyleTableRecord
  2
STANDARD
 70
     0
 40
0.0
 41
1.0
 50
0.0
 71
     0
 42
2.5
  3
arial.ttf
  4

  0
STYLE
  5
72
330
70
100
AcDbSymbolTableRecord
100
AcDbTextStyleTableRecord
  2
ANNOTATIVE
 70
     0
 40
0.0
 41
1.0
 50
0.0
 71
     0
 42
2.5
  3
arial.ttf
  4

  0
ENDTAB
  0
TABLE
  2
VIEW
  5
73
330
0
100
AcDbSymbolTable
 70
     0
  0
ENDTAB
  0
TABLE
  2
UCS
  5
74
330
0
100
AcDbSymbolTable
 70
     0
  0
ENDTAB
  0
TABLE
  2
APPID
  5
75
330
0
100
AcDbSymbolTable
 70
     2
  0
APPID
  5
76
330
75
100
AcDbSymbolTableRecord
100
AcDbRegAppTableRecord
  2
ACAD
 70
     0
  0
APPID
  5
77
330
75
100
AcDbSymbolTableRecord
100
AcDbRegAppTableRecord
  2
ACADANNOTATIVE
 70
     0
  0
ENDTAB
  0
TABLE
  2
DIMSTYLE
  5
78
330
0
100
AcDbSymbolTable
 70
     2
  0
DIMSTYLE
105
79
330
78
100
AcDbSymbolTableRecord
100
AcDbDimStyleTableRecord
  2
STANDARD
 70
     0
  3

  4

  5

  6

  7

 40
0.0
 41
2.5
 42
0.625
 43
3.75
 44
1.25
 45
0.0
 46
0.0
 47
0.0
 48
0.0
140
2.5
141
2.5
142
0.0
143
0.03937007874016
144
1.0
145
0.0
146
1.0
147
0.625
 71
     0
 72
     0
 73
     0
 74
     0
 75
     0
 76
     0
 77
     1
 78
     8
170
     0
171
     3
172
     1
173
     0
174
     0
175
     0
176
     0
177
     0
178
     0
270
     2
271
     2
272
     2
273
     2
274
     3
340
71
275
     0
280
     0
281
     0
282
     0
283
     0
284
     8
285
     0
286
     0
287
     3
288
     0
  0
ENDTAB
  0
TABLE
  2
BLOCK_RECORD
  5
A01
330
0
100
AcDbSymbolTable
  70
5
  0
BLOCK_RECORD
  5
A02
330
A01
100
AcDbSymbolTableRecord
100
AcDbBlockTableRecord
  2
*MODEL_SPACE
  0
BLOCK_RECORD
  5
A03
330
A01
100
AcDbSymbolTableRecord
100
AcDbBlockTableRecord
  2
*PAPER_SPACE
  0
BLOCK_RECORD
  5
B99
330
A01
100
AcDbSymbolTableRecord
100
AcDbBlockTableRecord
  2
*DimExtent080
  0
BLOCK_RECORD
  5
BA3
330
A01
100
AcDbSymbolTableRecord
100
AcDbBlockTableRecord
  2
*DimExtent081
  0
BLOCK_RECORD
  5
BAD
330
A01
100
AcDbSymbolTableRecord
100
AcDbBlockTableRecord
  2
*DimExtent082
  0
BLOCK_RECORD
  5
BB7
330
A01
100
AcDbSymbolTableRecord
100
AcDbBlockTableRecord
  2
*DimExtent083
  0
BLOCK_RECORD
  5
BC1
330
A01
100
AcDbSymbolTableRecord
100
AcDbBlockTableRecord
  2
*DimExtent084
  0
BLOCK_RECORD
  5
BCB
330
A01
100
AcDbSymbolTableRecord
100
AcDbBlockTableRecord
  2
*DimExtent085
  0
ENDTAB
  0
ENDSEC
  0
SECTION
  2
BLOCKS
  0
BLOCK
  5
A04
330
A02
100
AcDbEntity
  8
0
100
AcDbBlockBegin
  2
*MODEL_SPACE
 70
   0
 10
0
 20
0
 30
0
  3
*MODEL_SPACE
  1
 
  0
ENDBLK
  5
A05
330
A02
100
AcDbEntity
  8
0
100
AcDbBlockEnd
  0
BLOCK
  5
A06
330
A03
100
AcDbEntity
 67
1
  8
0
100
AcDbBlockBegin
  2
*PAPER_SPACE
 70
   0
 10
0
 20
0
 30
0
  3
*PAPER_SPACE
  1
 
  0
ENDBLK
  5
A07
330
A03
100
AcDbEntity
 67
    1
  8
0
100
AcDbBlockEnd
  0
BLOCK
  5
B9A
330
B99
100
AcDbEntity
  8
DimExtent080
100
AcDbBlockBegin
  2
*DimExtent080
 70
   1
 10
0
 20
0
 30
0
  3
*DimExtent080
  1
 
  0
LINE
  5
B9B
330
B99
100
AcDbEntity
  8
DimExtent080
100
AcDbLine
 10
167.972
 20
199.969
 30
0
 11
167.972
 21
233.987
 31
0
  0
LINE
  5
B9C
330
B99
100
AcDbEntity
  8
DimExtent080
100
AcDbLine
 10
52.0278
 20
199.969
 30
0
 11
52.0278
 21
233.987
 31
0
  0
LINE
  5
B9D
330
B99
100
AcDbEntity
  8
DimExtent080
100
AcDbLine
 10
52.0278
 20
233.987
 30
0
 11
167.972
 21
233.987
 31
0
  0
TEXT
  5
B9E
330
B99
100
AcDbEntity
  8
DimExtent080
100
AcDbText
 10
109.999
 20
238.987
 30
0
 40
3.5
  1
1449
  7
STANDARD
 72
1
 11
109.999
 21
233.987
 31
0
100
AcDbText
  0
SOLID
  5
B9F
330
B99
100
AcDbEntity
  8
0
 62
     0
100
AcDbTrace
 10
47.0278
 20
234.404
 30
0
 11
47.0278
 21
233.57
 31
0
 12
52.0278
 22
233.987
 32
0
 13
52.0278
 23
233.987
 33
0
  0
SOLID
  5
BA0
330
B99
100
AcDbEntity
  8
0
 62
     0
100
AcDbTrace
 10
172.972
 20
234.404
 30
0
 11
172.972
 21
233.57
 31
0
 12
167.972
 22
233.987
 32
0
 13
167.972
 23
233.987
 33
0
  0
ENDBLK
  5
BA1
330
B99
100
AcDbEntity
  8
DimExtent080
100
AcDbBlockEnd
  0
BLOCK
  5
BA4
330
BA3
100
AcDbEntity
  8
DimExtent081
100
AcDbBlockBegin
  2
*DimExtent081
 70
   1
 10
0
 20
0
 30
0
  3
*DimExtent081
  1
 
  0
LINE
  5
BA5
330
BA3
100
AcDbEntity
  8
DimExtent081
100
AcDbLine
 10
57.2
 20
198.003
 30
0
 11
48.4303
 21
198.003
 31
0
  0
LINE
  5
BA6
330
BA3
100
AcDbEntity
  8
DimExtent081
100
AcDbLine
 10
93.7131
 20
231.991
 30
0
 11
48.4303
 21
231.991
 31
0
  0
LINE
  5
BA7
330
BA3
100
AcDbEntity
  8
DimExtent081
100
AcDbLine
 10
48.4303
 20
231.991
 30
0
 11
48.4303
 21
198.003
 31
0
  0
TEXT
  5
BA8
330
BA3
100
AcDbEntity
  8
DimExtent081
100
AcDbText
 10
45.0236
 20
214.99
 30
0
 40
3.5
  1
425
  7
STANDARD
 72
1
 11
48.4303
 21
218.65
 31
0
100
AcDbText
  0
SOLID
  5
BA9
330
BA3
100
AcDbEntity
  8
0
 62
     0
100
AcDbTrace
 10
48.0137
 20
236.991
 30
0
 11
48.847
 21
236.991
 31
0
 12
48.4303
 22
231.991
 32
0
 13
48.4303
 23
231.991
 33
0
  0
SOLID
  5
BAA
330
BA3
100
AcDbEntity
  8
0
 62
     0
100
AcDbTrace
 10
48.0137
 20
193.003
 30
0
 11
48.847
 21
193.003
 31
0
 12
48.4303
 22
198.003
 32
0
 13
48.4303
 23
198.003
 33
0
  0
ENDBLK
  5
BAB
330
BA3
100
AcDbEntity
  8
DimExtent081
100
AcDbBlockEnd
  0
BLOCK
  5
BAE
330
BAD
100
AcDbEntity
  8
DimExtent082
100
AcDbBlockBegin
  2
*DimExtent082
 70
   1
 10
0
 20
0
 30
0
  3
*DimExtent082
  1
 
  0
LINE
  5
BAF
330
BAD
100
AcDbEntity
  8
DimExtent082
100
AcDbLine
 10
353.621
 20
200.35
 30
0
 11
353.621
 21
233.578
 31
0
  0
LINE
  5
BB0
330
BAD
100
AcDbEntity
  8
DimExtent082
100
AcDbLine
 10
246.379
 20
200.35
 30
0
 11
246.379
 21
233.578
 31
0
  0
LINE
  5
BB1
330
BAD
100
AcDbEntity
  8
DimExtent082
100
AcDbLine
 10
246.379
 20
233.578
 30
0
 11
353.621
 21
233.578
 31
0
  0
TEXT
  5
BB2
330
BAD
100
AcDbEntity
  8
DimExtent082
100
AcDbText
 10
300.003
 20
238.578
 30
0
 40
3.5
  1
1341
  7
STANDARD
 72
1
 11
300.003
 21
233.578
 31
0
100
AcDbText
  0
SOLID
  5
BB3
330
BAD
100
AcDbEntity
  8
0
 62
     0
100
AcDbTrace
 10
241.379
 20
233.995
 30
0
 11
241.379
 21
233.161
 31
0
 12
246.379
 22
233.578
 32
0
 13
246.379
 23
233.578
 33
0
  0
SOLID
  5
BB4
330
BAD
100
AcDbEntity
  8
0
 62
     0
100
AcDbTrace
 10
358.621
 20
233.995
 30
0
 11
358.621
 21
233.161
 31
0
 12
353.621
 22
233.578
 32
0
 13
353.621
 23
233.578
 33
0
  0
ENDBLK
  5
BB5
330
BAD
100
AcDbEntity
  8
DimExtent082
100
AcDbBlockEnd
  0
BLOCK
  5
BB8
330
BB7
100
AcDbEntity
  8
DimExtent083
100
AcDbBlockBegin
  2
*DimExtent083
 70
   1
 10
0
 20
0
 30
0
  3
*DimExtent083
  1
 
  0
LINE
  5
BB9
330
BB7
100
AcDbEntity
  8
DimExtent083
100
AcDbLine
 10
352.128
 20
198.489
 30
0
 11
244.365
 21
198.489
 31
0
  0
LINE
  5
BBA
330
BB7
100
AcDbEntity
  8
DimExtent083
100
AcDbLine
 10
349.44
 20
231.512
 30
0
 11
244.365
 21
231.512
 31
0
  0
LINE
  5
BBB
330
BB7
100
AcDbEntity
  8
DimExtent083
100
AcDbLine
 10
244.365
 20
231.512
 30
0
 11
244.365
 21
198.489
 31
0
  0
TEXT
  5
BBC
330
BB7
100
AcDbEntity
  8
DimExtent083
100
AcDbText
 10
239.381
 20
215.066
 30
0
 40
3.5
  1
413
  7
STANDARD
 72
1
 11
244.365
 21
214.661
 31
0
100
AcDbText
  0
SOLID
  5
BBD
330
BB7
100
AcDbEntity
  8
0
 62
     0
100
AcDbTrace
 10
243.948
 20
236.512
 30
0
 11
244.781
 21
236.512
 31
0
 12
244.365
 22
231.512
 32
0
 13
244.365
 23
231.512
 33
0
  0
SOLID
  5
BBE
330
BB7
100
AcDbEntity
  8
0
 62
     0
100
AcDbTrace
 10
243.948
 20
193.489
 30
0
 11
244.781
 21
193.489
 31
0
 12
244.365
 22
198.489
 32
0
 13
244.365
 23
198.489
 33
0
  0
ENDBLK
  5
BBF
330
BB7
100
AcDbEntity
  8
DimExtent083
100
AcDbBlockEnd
  0
BLOCK
  5
BC2
330
BC1
100
AcDbEntity
  8
DimExtent084
100
AcDbBlockBegin
  2
*DimExtent084
 70
   1
 10
0
 20
0
 30
0
  3
*DimExtent084
  1
 
  0
LINE
  5
BC3
330
BC1
100
AcDbEntity
  8
DimExtent084
100
AcDbLine
 10
167.975
 20
130.834
 30
0
 11
167.975
 21
156.046
 31
0
  0
LINE
  5
BC4
330
BC1
100
AcDbEntity
  8
DimExtent084
100
AcDbLine
 10
52.0246
 20
130.834
 30
0
 11
52.0246
 21
156.046
 31
0
  0
LINE
  5
BC5
330
BC1
100
AcDbEntity
  8
DimExtent084
100
AcDbLine
 10
52.0246
 20
156.046
 30
0
 11
167.975
 21
156.046
 31
0
  0
TEXT
  5
BC6
330
BC1
100
AcDbEntity
  8
DimExtent084
100
AcDbText
 10
109.999
 20
161.046
 30
0
 40
3.5
  1
1449
  7
STANDARD
 72
1
 11
109.999
 21
156.046
 31
0
100
AcDbText
  0
SOLID
  5
BC7
330
BC1
100
AcDbEntity
  8
0
 62
     0
100
AcDbTrace
 10
47.0246
 20
156.463
 30
0
 11
47.0246
 21
155.629
 31
0
 12
52.0246
 22
156.046
 32
0
 13
52.0246
 23
156.046
 33
0
  0
SOLID
  5
BC8
330
BC1
100
AcDbEntity
  8
0
 62
     0
100
AcDbTrace
 10
172.975
 20
156.463
 30
0
 11
172.975
 21
155.629
 31
0
 12
167.975
 22
156.046
 32
0
 13
167.975
 23
156.046
 33
0
  0
ENDBLK
  5
BC9
330
BC1
100
AcDbEntity
  8
DimExtent084
100
AcDbBlockEnd
  0
BLOCK
  5
BCC
330
BCB
100
AcDbEntity
  8
DimExtent085
100
AcDbBlockBegin
  2
*DimExtent085
 70
   1
 10
0
 20
0
 30
0
  3
*DimExtent085
  1
 
  0
LINE
  5
BCD
330
BCB
100
AcDbEntity
  8
DimExtent085
100
AcDbLine
 10
353.621
 20
133.955
 30
0
 11
353.621
 21
156.05
 31
0
  0
LINE
  5
BCE
330
BCB
100
AcDbEntity
  8
DimExtent085
100
AcDbLine
 10
246.379
 20
133.955
 30
0
 11
246.379
 21
156.05
 31
0
  0
LINE
  5
BCF
330
BCB
100
AcDbEntity
  8
DimExtent085
100
AcDbLine
 10
246.379
 20
156.05
 30
0
 11
353.621
 21
156.05
 31
0
  0
TEXT
  5
BD0
330
BCB
100
AcDbEntity
  8
DimExtent085
100
AcDbText
 10
299.997
 20
161.05
 30
0
 40
3.5
  1
1341
  7
STANDARD
 72
1
 11
299.997
 21
156.05
 31
0
100
AcDbText
  0
SOLID
  5
BD1
330
BCB
100
AcDbEntity
  8
0
 62
     0
100
AcDbTrace
 10
241.379
 20
156.467
 30
0
 11
241.379
 21
155.633
 31
0
 12
246.379
 22
156.05
 32
0
 13
246.379
 23
156.05
 33
0
  0
SOLID
  5
BD2
330
BCB
100
AcDbEntity
  8
0
 62
     0
100
AcDbTrace
 10
358.621
 20
156.467
 30
0
 11
358.621
 21
155.633
 31
0
 12
353.621
 22
156.05
 32
0
 13
353.621
 23
156.05
 33
0
  0
ENDBLK
  5
BD3
330
BCB
100
AcDbEntity
  8
DimExtent085
100
AcDbBlockEnd
  0
ENDSEC
  0
SECTION
  2
ENTITIES
  0
SPLINE
  5
A08
330
A02
100
AcDbEntity
  8
S08_Suspension_FrontF
100
AcDbSpline
210
0
220
0
230
1
 70
8
 71
2
 72
6
 73
3
 74
0
 40
0.000000000
 40
0.000000000
 40
0.000000000
 40
0.547922846
 40
0.547922846
 40
0.547922846
 10
101.122620949
 20
207.731491535
 30
0.000000000
 10
101.115015448
 20
207.592660469
 30
0.000000000
 10
101.005088313
 20
207.569732482
 30
0.000000000
  0
SPLINE
  5
A09
330
A02
100
AcDbEntity
  8
S08_Suspension_FrontF
100
AcDbSpline
210
0
220
0
230
1
 70
8
 71
1
 72
17
 73
15
 74
0
 40
0.547922846
 40
0.547922846
 40
0.772322321
 40
0.996721796
 40
1.221121272
 40
1.445520747
 40
1.669920222
 40
1.894319697
 40
2.118719173
 40
2.343118648
 40
2.567518123
 40
2.791917598
 40
3.016317074
 40
3.240716549
 40
3.465116024
 40
3.689515499
 40
3.689515499
 10
101.005088313
 20
207.569732482
 30
0.000000000
 10
100.901871797
 20
207.573596524
 30
0.000000000
 10
100.773489334
 20
207.619029359
 30
0.000000000
 10
100.626378556
 20
207.703752794
 30
0.000000000
 10
100.467916211
 20
207.823518442
 30
0.000000000
 10
100.306048265
 20
207.972320755
 30
0.000000000
 10
100.148891450
 20
208.142698162
 30
0.000000000
 10
100.004326267
 20
208.326107230
 30
0.000000000
 10
99.879601817
 20
208.513351061
 30
0.000000000
 10
99.780972305
 20
208.695040468
 30
0.000000000
 10
99.713383427
 20
208.862064785
 30
0.000000000
 10
99.680224370
 20
209.006048716
 30
0.000000000
 10
99.683157869
 20
209.119772306
 30
0.000000000
 10
99.722036826
 20
209.197532978
 30
0.000000000
 10
99.794911687
 20
209.235431488
 30
0.000000000
  0
SPLINE
  5
A0A
330
A02
100
AcDbEntity
  8
S08_Suspension_FrontF
100
AcDbSpline
210
0
220
0
230
1
 70
8
 71
1
 72
17
 73
15
 74
0
 40
3.689515499
 40
3.689515499
 40
3.874777629
 40
4.060039758
 40
4.245301887
 40
4.430564016
 40
4.615826145
 40
4.801088274
 40
4.986350403
 40
5.171612532
 40
5.356874662
 40
5.542136791
 40
5.727398920
 40
5.912661049
 40
6.097923178
 40
6.283185307
 40
6.283185307
 10
99.794911687
 20
209.235431488
 30
0.000000000
 10
99.878150716
 20
209.235266736
 30
0.000000000
 10
99.979249515
 20
209.206604180
 30
0.000000000
 10
100.094748080
 20
209.150424767
 30
0.000000000
 10
100.220693587
 20
209.068651181
 30
0.000000000
 10
100.352775677
 20
208.964082042
 30
0.000000000
 10
100.486473972
 20
208.840296124
 30
0.000000000
 10
100.617212782
 20
208.701529877
 30
0.000000000
 10
100.740517701
 20
208.552532436
 30
0.000000000
 10
100.852168742
 20
208.398403091
 30
0.000000000
 10
100.948344759
 20
208.244416764
 30
0.000000000
 10
101.025754224
 20
208.095843484
 30
0.000000000
 10
101.081747876
 20
207.957768023
 30
0.000000000
 10
101.114409387
 20
207.834915876
 30
0.000000000
 10
101.122620949
 20
207.731491535
 30
0.000000000
  0
SPLINE
  5
A0B
330
A02
100
AcDbEntity
  8
S08_Suspension_FrontF
100
AcDbSpline
210
0
220
0
230
1
 70
8
 71
1
 72
17
 73
15
 74
0
 40
1.387326103
 40
1.387326103
 40
1.551768203
 40
1.716210303
 40
1.880652402
 40
2.045094502
 40
2.209536602
 40
2.373978702
 40
2.538420801
 40
2.702862901
 40
2.867305001
 40
3.031747101
 40
3.196189200
 40
3.360631300
 40
3.525073400
 40
3.689515499
 40
3.689515499
 10
52.909664689
 20
198.589399986
 30
0.000000000
 10
52.791202705
 20
198.690779997
 30
0.000000000
 10
52.672978075
 20
198.805968591
 30
0.000000000
 10
52.558180537
 20
198.931857943
 30
0.000000000
 10
52.449907367
 20
199.065051517
 30
0.000000000
 10
52.351079810
 20
199.201955708
 30
0.000000000
 10
52.264364264
 20
199.338876795
 30
0.000000000
 10
52.192100344
 20
199.472120605
 30
0.000000000
 10
52.136237753
 20
199.598092175
 30
0.000000000
 10
52.098283683
 20
199.713392753
 30
0.000000000
 10
52.079262145
 20
199.814911491
 30
0.000000000
 10
52.079686348
 20
199.899909380
 30
0.000000000
 10
52.099544847
 20
199.966093151
 30
0.000000000
 10
52.138301852
 20
200.011677144
 30
0.000000000
 10
52.194911687
 20
200.035431488
 30
0.000000000
  0
SPLINE
  5
A0C
330
A02
100
AcDbEntity
  8
S08_Suspension_FrontF
100
AcDbSpline
210
0
220
0
230
1
 70
8
 71
2
 72
6
 73
3
 74
0
 40
0.000000047
 40
0.000000047
 40
0.000000047
 40
0.878517153
 40
0.878517153
 40
0.878517153
 10
52.909664689
 20
198.589399986
 30
0.000000000
 10
53.143391080
 20
198.796455859
 30
0.000000000
 10
53.358996502
 20
199.067990866
 30
0.000000000
  0
SPLINE
  5
A0D
330
A02
100
AcDbEntity
  8
S08_Suspension_FrontF
100
AcDbSpline
210
0
220
0
230
1
 70
8
 71
2
 72
6
 73
3
 74
0
 40
0.000000019
 40
0.000000019
 40
0.000000019
 40
0.232226673
 40
0.232226673
 40
0.232226673
 10
53.358996502
 20
199.067990865
 30
0.000000000
 10
53.682297403
 20
198.999674952
 30
0.000000000
 10
54.000000000
 20
198.938381398
 30
0.000000000
  0
SPLINE
  5
A0E
330
A02
100
AcDbEntity
  8
S08_Suspension_FrontF
100
AcDbSpline
210
0
220
0
230
1
 70
8
 71
2
 72
30
 73
27
 74
0
 40
2.652781365
 40
2.652781365
 40
2.652781365
 40
2.792001928
 40
2.792001928
 40
2.931222491
 40
2.931222491
 40
3.070443054
 40
3.070443054
 40
3.209663617
 40
3.209663617
 40
3.348884180
 40
3.348884180
 40
3.488104744
 40
3.488104744
 40
3.627325307
 40
3.627325307
 40
3.766545870
 40
3.766545870
 40
3.905766433
 40
3.905766433
 40
4.044986996
 40
4.044986996
 40
4.184207560
 40
4.184207560
 40
4.323428123
 40
4.323428123
 40
4.601869249
 40
4.601869249
 40
4.601869249
 10
95.448567888
 20
205.098405921
 30
0.000000000
 10
95.474922147
 20
205.107554993
 30
0.000000000
 10
95.501276406
 20
205.116704065
 30
0.000000000
 10
95.520845438
 20
205.134424483
 30
0.000000000
 10
95.540414470
 20
205.152144902
 30
0.000000000
 10
95.552819592
 20
205.178093758
 30
0.000000000
 10
95.565224715
 20
205.204042614
 30
0.000000000
 10
95.570225875
 20
205.237717770
 30
0.000000000
 10
95.575227035
 20
205.271392925
 30
0.000000000
 10
95.572727456
 20
205.312142729
 30
0.000000000
 10
95.570227876
 20
205.352892533
 30
0.000000000
 10
95.560275926
 20
205.399928433
 30
0.000000000
 10
95.550323977
 20
205.446964333
 30
0.000000000
 10
95.533112237
 20
205.499376134
 30
0.000000000
 10
95.515900498
 20
205.551787935
 30
0.000000000
 10
95.491762036
 20
205.608561411
 30
0.000000000
 10
95.467623573
 20
205.665334887
 30
0.000000000
 10
95.437025492
 20
205.725371411
 30
0.000000000
 10
95.406427411
 20
205.785407935
 30
0.000000000
 10
95.369961818
 20
205.847545735
 30
0.000000000
 10
95.333496224
 20
205.909683535
 30
0.000000000
 10
95.291868767
 20
205.972720178
 30
0.000000000
 10
95.250241310
 20
206.035756820
 30
0.000000000
 10
95.204257525
 20
206.098472479
 30
0.000000000
 10
95.158273740
 20
206.161188137
 30
0.000000000
 10
95.060780652
 20
206.285074901
 30
0.000000000
 10
94.955453483
 20
206.400475330
 30
0.000000000
  0
SPLINE
  5
A0F
330
A02
100
AcDbEntity
  8
S08_Suspension_FrontF
100
AcDbSpline
210
0
220
0
230
1
 70
8
 71
2
 72
6
 73
3
 74
0
 40
5.410983487
 40
5.410983487
 40
5.410983487
 40
5.794374018
 40
5.794374018
 40
5.794374018
 10
52.357511635
 20
200.066858368
 30
0.000000000
 10
52.234212098
 20
200.119646524
 30
0.000000000
 10
52.151432112
 20
200.106758048
 30
0.000000000
  0
SPLINE
  5
A10
330
A02
100
AcDbEntity
  8
S08_Suspension_FrontF
100
AcDbSpline
210
0
220
0
230
1
 70
8
 71
2
 72
6
 73
3
 74
0
 40
5.794374018
 40
5.794374018
 40
5.794374018
 40
6.283185307
 40
6.283185307
 40
6.283185307
 10
52.151432112
 20
200.106758048
 30
0.000000000
 10
52.046318688
 20
200.088551246
 30
0.000000000
 10
52.027794483
 20
199.968556878
 30
0.000000000
  0
SPLINE
  5
A11
330
A02
100
AcDbEntity
  8
S08_Suspension_FrontF
100
AcDbSpline
210
0
220
0
230
1
 70
8
 71
1
 72
17
 73
15
 74
0
 40
0.000000000
 40
0.000000000
 40
0.189484383
 40
0.378968766
 40
0.568453150
 40
0.757937533
 40
0.947421916
 40
1.136906299
 40
1.326390682
 40
1.515875065
 40
1.705359449
 40
1.894843832
 40
2.084328215
 40
2.273812598
 40
2.463296981
 40
2.652781365
 40
2.652781365
 10
52.027794483
 20
199.968556878
 30
0.000000000
 10
52.028296541
 20
199.863432509
 30
0.000000000
 10
52.056423293
 20
199.734651652
 30
0.000000000
 10
52.111167885
 20
199.586824279
 30
0.000000000
 10
52.190570624
 20
199.425242173
 30
0.000000000
 10
52.291789126
 20
199.255689492
 30
0.000000000
 10
52.411200069
 20
199.084235720
 30
0.000000000
 10
52.544528897
 20
198.917018393
 30
0.000000000
 10
52.687002832
 20
198.760023395
 30
0.000000000
 10
52.833521730
 20
198.618870682
 30
0.000000000
 10
52.978840650
 20
198.498613102
 30
0.000000000
 10
53.117757606
 20
198.403555520
 30
0.000000000
 10
53.245299781
 20
198.337100714
 30
0.000000000
 10
53.356901546
 20
198.301627570
 30
0.000000000
 10
53.448567888
 20
198.298405921
 30
0.000000000
  0
SPLINE
  5
A12
330
A02
100
AcDbEntity
  8
S08_Suspension_FrontF
100
AcDbSpline
210
0
220
0
230
1
 70
8
 71
2
 72
28
 73
25
 74
0
 40
2.652781365
 40
2.652781365
 40
2.652781365
 40
2.748914007
 40
2.748914007
 40
2.845046648
 40
2.845046648
 40
2.941179290
 40
2.941179290
 40
3.037311932
 40
3.037311932
 40
3.133444574
 40
3.133444574
 40
3.229577216
 40
3.229577216
 40
3.325709858
 40
3.325709858
 40
3.421842500
 40
3.421842500
 40
3.517975142
 40
3.517975142
 40
3.710240426
 40
3.710240426
 40
3.902505710
 40
3.902505710
 40
3.998638352
 40
3.998638352
 40
3.998638352
 10
53.448567888
 20
198.298405921
 30
0.000000000
 10
53.467469412
 20
198.303795959
 30
0.000000000
 10
53.486370937
 20
198.309185996
 30
0.000000000
 10
53.502103360
 20
198.318701008
 30
0.000000000
 10
53.517835783
 20
198.328216020
 30
0.000000000
 10
53.530253825
 20
198.341768142
 30
0.000000000
 10
53.542671867
 20
198.355320263
 30
0.000000000
 10
53.551660857
 20
198.372784349
 30
0.000000000
 10
53.560649846
 20
198.390248434
 30
0.000000000
 10
53.566126773
 20
198.411463214
 30
0.000000000
 10
53.571603701
 20
198.432677994
 30
0.000000000
 10
53.573517992
 20
198.457447563
 30
0.000000000
 10
53.575432283
 20
198.482217132
 30
0.000000000
 10
53.573766260
 20
198.510312758
 30
0.000000000
 10
53.572100237
 20
198.538408385
 30
0.000000000
 10
53.566869284
 20
198.569570624
 30
0.000000000
 10
53.561638331
 20
198.600732863
 30
0.000000000
 10
53.552890753
 20
198.634673951
 30
0.000000000
 10
53.544143175
 20
198.668615039
 30
0.000000000
 10
53.521640179
 20
198.740233909
 30
0.000000000
 10
53.488762795
 20
198.818499553
 30
0.000000000
 10
53.453075740
 20
198.898331984
 30
0.000000000
 10
53.407999987
 20
198.982538351
 30
0.000000000
 10
53.383498245
 20
199.025264608
 30
0.000000000
 10
53.358996502
 20
199.067990865
 30
0.000000000
  0
SPLINE
  5
A13
330
A02
100
AcDbEntity
  8
S08_Suspension_FrontF
100
AcDbSpline
210
0
220
0
230
1
 70
8
 71
3
 72
8
 73
4
 74
0
 40
0.000000000
 40
0.000000000
 40
0.000000000
 40
0.000000000
 40
0.706655488
 40
0.706655488
 40
0.706655488
 40
0.706655488
 10
98.559947618
 20
226.185379002
 30
0.000000000
 10
98.538575214
 20
226.063377030
 30
0.000000000
 10
98.468778650
 20
225.995669322
 30
0.000000000
 10
98.366549461
 20
225.997768824
 30
0.000000000
  0
SPLINE
  5
A14
330
A02
100
AcDbEntity
  8
S08_Suspension_FrontF
100
AcDbSpline
210
0
220
0
230
1
 70
8
 71
1
 72
17
 73
15
 74
0
 40
0.706655488
 40
0.706655488
 40
0.931054963
 40
1.155454439
 40
1.379853914
 40
1.604253389
 40
1.828652864
 40
2.053052340
 40
2.277451815
 40
2.501851290
 40
2.726250765
 40
2.950650241
 40
3.175049716
 40
3.399449191
 40
3.623848666
 40
3.848248142
 40
3.848248142
 10
98.366549461
 20
225.997768824
 30
0.000000000
 10
98.260997890
 20
226.019699196
 30
0.000000000
 10
98.142358796
 20
226.080886580
 30
0.000000000
 10
98.016581237
 20
226.178262785
 30
0.000000000
 10
97.889972225
 20
226.306944962
 30
0.000000000
 10
97.768880466
 20
226.460480448
 30
0.000000000
 10
97.659378005
 20
226.631170334
 30
0.000000000
 10
97.566955753
 20
226.810455517
 30
0.000000000
 10
97.496248148
 20
226.989345887
 30
0.000000000
 10
97.450800765
 20
227.158871135
 30
0.000000000
 10
97.432892524
 20
227.310530558
 30
0.000000000
 10
97.443421420
 20
227.436719318
 30
0.000000000
 10
97.481859490
 20
227.531109785
 30
0.000000000
 10
97.546279289
 20
227.588968825
 30
0.000000000
 10
97.633450539
 20
227.607395146
 30
0.000000000
  0
SPLINE
  5
A15
330
A02
100
AcDbEntity
  8
S08_Suspension_FrontF
100
AcDbSpline
210
0
220
0
230
1
 70
8
 71
1
 72
17
 73
15
 74
0
 40
3.848248142
 40
3.848248142
 40
4.022172225
 40
4.196096308
 40
4.370020391
 40
4.543944475
 40
4.717868558
 40
4.891792641
 40
5.065716724
 40
5.239640808
 40
5.413564891
 40
5.587488974
 40
5.761413057
 40
5.935337141
 40
6.109261224
 40
6.283185307
 40
6.283185307
 10
97.633450539
 20
227.607395146
 30
0.000000000
 10
97.713918243
 20
227.593890664
 30
0.000000000
 10
97.803018009
 20
227.556509700
 30
0.000000000
 10
97.898061394
 20
227.496380166
 30
0.000000000
 10
97.996180614
 20
227.415316374
 30
0.000000000
 10
98.094415079
 20
227.315764297
 30
0.000000000
 10
98.189800718
 20
227.200727758
 30
0.000000000
 10
98.279459422
 20
227.073677804
 30
0.000000000
 10
98.360685882
 20
226.938447965
 30
0.000000000
 10
98.431029219
 20
226.799118585
 30
0.000000000
 10
98.488366935
 20
226.659893708
 30
0.000000000
 10
98.530968955
 20
226.524974223
 30
0.000000000
 10
98.557549830
 20
226.398431111
 30
0.000000000
 10
98.567307526
 20
226.284082610
 30
0.000000000
 10
98.559947618
 20
226.185379002
 30
0.000000000
  0
SPLINE
  5
A16
330
A02
100
AcDbEntity
  8
S08_Suspension_FrontF
100
AcDbSpline
210
0
220
0
230
1
 70
8
 71
1
 72
17
 73
15
 74
0
 40
1.409083848
 40
1.409083848
 40
1.583309869
 40
1.757535890
 40
1.931761911
 40
2.105987932
 40
2.280213953
 40
2.454439974
 40
2.628665995
 40
2.802892016
 40
2.977118037
 40
3.151344058
 40
3.325570079
 40
3.499796100
 40
3.674022121
 40
3.848248142
 40
3.848248142
 10
54.000000000
 20
226.993374661
 30
0.000000000
 10
53.901652218
 20
227.093773561
 30
0.000000000
 10
53.806282210
 20
227.209578164
 30
0.000000000
 10
53.716777589
 20
227.337282135
 30
0.000000000
 10
53.635848376
 20
227.473018856
 30
0.000000000
 10
53.565944946
 20
227.612678489
 30
0.000000000
 10
53.509183835
 20
227.752032420
 30
0.000000000
 10
53.467283656
 20
227.886861291
 30
0.000000000
 10
53.441513063
 20
228.013082753
 30
0.000000000
 10
53.432652337
 20
228.126875072
 30
0.000000000
 10
53.440969763
 20
228.224792846
 30
0.000000000
 10
53.466213507
 20
228.303871319
 30
0.000000000
 10
53.507619238
 20
228.361716154
 30
0.000000000
 10
53.563933275
 20
228.396575924
 30
0.000000000
 10
53.633450539
 20
228.407395146
 30
0.000000000
  0
SPLINE
  5
A17
330
A02
100
AcDbEntity
  8
S08_Suspension_FrontF
100
AcDbSpline
210
0
220
0
230
1
 70
8
 71
1
 72
17
 73
15
 74
0
 40
2.835686664
 40
2.835686664
 40
3.035645075
 40
3.235603487
 40
3.435561899
 40
3.635520311
 40
3.835478723
 40
4.035437134
 40
4.235395546
 40
4.435353958
 40
4.635312370
 40
4.835270782
 40
5.035229193
 40
5.235187605
 40
5.435146017
 40
5.635104429
 40
5.635104429
 10
96.956888179
 20
227.619696280
 30
0.000000000
 10
96.998911604
 20
227.692429165
 30
0.000000000
 10
97.017068209
 20
227.793461868
 30
0.000000000
 10
97.010634448
 20
227.918768203
 30
0.000000000
 10
96.979866708
 20
228.063354673
 30
0.000000000
 10
96.925991092
 20
228.221459461
 30
0.000000000
 10
96.851154563
 20
228.386782039
 30
0.000000000
 10
96.758339380
 20
228.552734251
 30
0.000000000
 10
96.651244257
 20
228.712702846
 30
0.000000000
 10
96.534136969
 20
228.860313025
 30
0.000000000
 10
96.411684281
 20
228.989682475
 30
0.000000000
 10
96.288765970
 20
229.095655782
 30
0.000000000
 10
96.170280371
 20
229.174009876
 30
0.000000000
 10
96.060949172
 20
229.221622320
 30
0.000000000
 10
95.965129259
 20
229.236595743
 30
0.000000000
  0
SPLINE
  5
A18
330
A02
100
AcDbEntity
  8
S08_Suspension_FrontF
100
AcDbSpline
210
0
220
0
230
1
 70
8
 71
2
 72
6
 73
3
 74
0
 40
5.353797262
 40
5.353797262
 40
5.353797262
 40
5.635104429
 40
5.635104429
 40
5.635104429
 10
53.704034127
 20
228.406111808
 30
0.000000000
 10
53.627326152
 20
228.437610848
 30
0.000000000
 10
53.565129259
 20
228.436595743
 30
0.000000000
  0
SPLINE
  5
A19
330
A02
100
AcDbEntity
  8
S08_Suspension_FrontF
100
AcDbSpline
210
0
220
0
230
1
 70
8
 71
3
 72
8
 73
4
 74
0
 40
5.635104429
 40
5.635104429
 40
5.635104429
 40
5.635104429
 40
6.283185307
 40
6.283185307
 40
6.283185307
 40
6.283185307
 10
53.565129259
 20
228.436595743
 30
0.000000000
 10
53.470188450
 20
228.434946375
 30
0.000000000
 10
53.407199437
 20
228.372885384
 30
0.000000000
 10
53.388426743
 20
228.262496601
 30
0.000000000
  0
SPLINE
  5
A1A
330
A02
100
AcDbEntity
  8
S08_Suspension_FrontF
100
AcDbSpline
210
0
220
0
230
1
 70
8
 71
3
 72
11
 73
7
 74
0
 40
0.000000000
 40
0.000000000
 40
0.000000000
 40
0.000000000
 40
0.617059892
 40
0.617059892
 40
0.617059892
 40
1.234119784
 40
1.234119784
 40
1.234119784
 40
1.234119784
 10
53.388426743
 20
228.262496601
 30
0.000000000
 10
53.370892923
 20
228.156982328
 30
0.000000000
 10
53.392881849
 20
228.009778187
 30
0.000000000
 10
53.450693050
 20
227.845656866
 30
0.000000000
 10
53.509302821
 20
227.681182167
 30
0.000000000
 10
53.602839565
 20
227.502317263
 30
0.000000000
 10
53.715562170
 20
227.339162968
 30
0.000000000
  0
SPLINE
  5
A1B
330
A02
100
AcDbEntity
  8
S08_Suspension_FrontF
100
AcDbSpline
210
0
220
0
230
1
 70
8
 71
2
 72
30
 73
27
 74
0
 40
1.688562312
 40
1.688562312
 40
1.688562312
 40
1.912961787
 40
1.912961787
 40
2.137361263
 40
2.137361263
 40
2.361760738
 40
2.361760738
 40
2.586160213
 40
2.586160213
 40
2.810559688
 40
2.810559688
 40
3.259358639
 40
3.259358639
 40
3.483758114
 40
3.483758114
 40
3.708157589
 40
3.708157589
 40
3.932557065
 40
3.932557065
 40
4.156956540
 40
4.156956540
 40
4.381356015
 40
4.381356015
 40
4.605755490
 40
4.605755490
 40
4.830154966
 40
4.830154966
 40
4.830154966
 10
93.713127842
 20
231.991088434
 30
0.000000000
 10
93.726826301
 20
231.994052472
 30
0.000000000
 10
93.740524760
 20
231.997016511
 30
0.000000000
 10
93.760728805
 20
231.990091252
 30
0.000000000
 10
93.780932850
 20
231.983165994
 30
0.000000000
 10
93.806629366
 20
231.966698699
 30
0.000000000
 10
93.832325882
 20
231.950231405
 30
0.000000000
 10
93.862226338
 20
231.925047814
 30
0.000000000
 10
93.892126794
 20
231.899864223
 30
0.000000000
 10
93.924731856
 20
231.867227146
 30
0.000000000
 10
93.957336919
 20
231.834590068
 30
0.000000000
 10
94.025033473
 20
231.759862979
 30
0.000000000
 10
94.090797903
 20
231.672996685
 30
0.000000000
 10
94.121577187
 20
231.628888554
 30
0.000000000
 10
94.152356470
 20
231.584780424
 30
0.000000000
 10
94.179315859
 20
231.541118615
 30
0.000000000
 10
94.206275248
 20
231.497456807
 30
0.000000000
 10
94.228062886
 20
231.456430706
 30
0.000000000
 10
94.249850524
 20
231.415404605
 30
0.000000000
 10
94.265373888
 20
231.379071432
 30
0.000000000
 10
94.280897251
 20
231.342738259
 30
0.000000000
 10
94.289377934
 20
231.312919911
 30
0.000000000
 10
94.297858617
 20
231.283101563
 30
0.000000000
 10
94.298871363
 20
231.261293256
 30
0.000000000
 10
94.299884109
 20
231.239484949
 30
0.000000000
 10
94.293378134
 20
231.226780242
 30
0.000000000
 10
94.286872158
 20
231.214075536
 30
0.000000000
  0
SPLINE
  5
A1C
330
A02
100
AcDbEntity
  8
S08_Suspension_FrontF
100
AcDbSpline
210
0
220
0
230
1
 70
8
 71
3
 72
11
 73
7
 74
0
 40
0.000000000
 40
0.000000000
 40
0.000000000
 40
0.000000000
 40
0.771480332
 40
0.771480332
 40
0.771480332
 40
1.542960664
 40
1.542960664
 40
1.542960664
 40
1.542960664
 10
94.813363111
 20
217.190927104
 30
0.000000000
 10
94.830159320
 20
217.068382325
 30
0.000000000
 10
94.845351933
 20
216.948752495
 30
0.000000000
 10
94.855047405
 20
216.862696226
 30
0.000000000
 10
94.864647816
 20
216.777226894
 30
0.000000000
 10
94.868479905
 20
216.727741710
 30
0.000000000
 10
94.865561587
 20
216.726922687
 30
0.000000000
  0
SPLINE
  5
A1D
330
A02
100
AcDbEntity
  8
S08_Suspension_FrontF
100
AcDbSpline
210
0
220
0
230
1
 70
8
 71
2
 72
30
 73
27
 74
0
 40
1.542960664
 40
1.542960664
 40
1.542960664
 40
1.767360139
 40
1.767360139
 40
1.991759615
 40
1.991759615
 40
2.216159090
 40
2.216159090
 40
2.440558565
 40
2.440558565
 40
2.664958040
 40
2.664958040
 40
3.113756991
 40
3.113756991
 40
3.338156466
 40
3.338156466
 40
3.562555941
 40
3.562555941
 40
3.786955417
 40
3.786955417
 40
4.011354892
 40
4.011354892
 40
4.235754367
 40
4.235754367
 40
4.460153842
 40
4.460153842
 40
4.684553318
 40
4.684553318
 40
4.684553318
 10
94.865561587
 20
216.726922687
 30
0.000000000
 10
94.863455439
 20
216.732709301
 30
0.000000000
 10
94.861349291
 20
216.738495915
 30
0.000000000
 10
94.857704988
 20
216.755918136
 30
0.000000000
 10
94.854060686
 20
216.773340357
 30
0.000000000
 10
94.849060969
 20
216.801524562
 30
0.000000000
 10
94.844061252
 20
216.829708766
 30
0.000000000
 10
94.837956828
 20
216.867241681
 30
0.000000000
 10
94.831852403
 20
216.904774596
 30
0.000000000
 10
94.824949372
 20
216.949774164
 30
0.000000000
 10
94.818046342
 20
216.994773731
 30
0.000000000
 10
94.803382261
 20
217.093683208
 30
0.000000000
 10
94.788457132
 20
217.200997670
 30
0.000000000
 10
94.781307421
 20
217.253939606
 30
0.000000000
 10
94.774157710
 20
217.306881543
 30
0.000000000
 10
94.767655920
 20
217.357208472
 30
0.000000000
 10
94.761154129
 20
217.407535401
 30
0.000000000
 10
94.755626285
 20
217.452723720
 30
0.000000000
 10
94.750098442
 20
217.497912039
 30
0.000000000
 10
94.745821734
 20
217.535695817
 30
0.000000000
 10
94.741545027
 20
217.573479595
 30
0.000000000
 10
94.738733908
 20
217.601964195
 30
0.000000000
 10
94.735922789
 20
217.630448796
 30
0.000000000
 10
94.734718219
 20
217.648205882
 30
0.000000000
 10
94.733513649
 20
217.665962968
 30
0.000000000
 10
94.733976031
 20
217.672102125
 30
0.000000000
 10
94.734438413
 20
217.678241283
 30
0.000000000
  0
SPLINE
  5
A1E
330
A02
100
AcDbEntity
  8
S08_Suspension_FrontF
100
AcDbSpline
210
0
220
0
230
1
 70
8
 71
3
 72
11
 73
7
 74
0
 40
4.684553318
 40
4.684553318
 40
4.684553318
 40
4.684553318
 40
5.483869312
 40
5.483869312
 40
5.483869312
 40
6.283185307
 40
6.283185307
 40
6.283185307
 40
6.283185307
 10
94.734438413
 20
217.678241283
 30
0.000000000
 10
94.737578407
 20
217.678251106
 30
0.000000000
 10
94.747895228
 20
217.625838114
 30
0.000000000
 10
94.762565488
 20
217.535346089
 30
0.000000000
 10
94.777300807
 20
217.444275735
 30
0.000000000
 10
94.795933032
 20
217.317945178
 30
0.000000000
 10
94.813363111
 20
217.190927104
 30
0.000000000
  0
SPLINE
  5
A1F
330
A02
100
AcDbEntity
  8
S08_Suspension_FrontF
100
AcDbSpline
210
0
220
0
230
1
 70
8
 71
3
 72
20
 73
16
 74
0
 40
2.939481602
 40
2.939481602
 40
2.939481602
 40
2.939481602
 40
3.812017460
 40
3.812017460
 40
3.812017460
 40
4.061313419
 40
4.061313419
 40
4.061313419
 40
4.310609379
 40
4.310609379
 40
4.310609379
 40
4.559905338
 40
4.559905338
 40
4.559905338
 40
4.684553318
 40
4.684553318
 40
4.684553318
 40
4.684553318
 10
54.000000000
 20
211.518544939
 30
0.000000000
 10
53.980576374
 20
211.655220370
 30
0.000000000
 10
53.961540295
 20
211.800303015
 30
0.000000000
 10
53.949009963
 20
211.907163281
 30
0.000000000
 10
53.945564336
 20
211.936878312
 30
0.000000000
 10
53.942570123
 20
211.963786775
 30
0.000000000
 10
53.940027322
 20
211.987888668
 30
0.000000000
 10
53.937759677
 20
212.010222772
 30
0.000000000
 10
53.936001445
 20
212.029190414
 30
0.000000000
 10
53.934752628
 20
212.044791594
 30
0.000000000
 10
53.933803166
 20
212.058363914
 30
0.000000000
 10
53.933389624
 20
212.068218018
 30
0.000000000
 10
53.933512001
 20
212.074353907
 30
0.000000000
 10
53.933820805
 20
212.075649699
 30
0.000000000
 10
53.934129609
 20
212.076945491
 30
0.000000000
 10
53.934438413
 20
212.078241283
 30
0.000000000
  0
LINE
  5
A20
330
A02
100
AcDbEntity
  8
S08_Suspension_FrontF
100
AcDbLine
 10
57.200000000
 20
198.002581985
 30
0.000000000
 11
57.200000000
 21
229.202581985
 31
0.000000000
  0
LINE
  5
A21
330
A02
100
AcDbEntity
  8
S08_Suspension_FrontF
100
AcDbLine
 10
57.200000000
 20
229.202581985
 30
0.000000000
 11
54.000000000
 21
229.202581985
 31
0.000000000
  0
LINE
  5
A22
330
A02
100
AcDbEntity
  8
S08_Suspension_FrontF
100
AcDbLine
 10
54.000000000
 20
198.002581985
 30
0.000000000
 11
54.000000000
 21
229.202581985
 31
0.000000000
  0
LINE
  5
A23
330
A02
100
AcDbEntity
  8
S08_Suspension_FrontF
100
AcDbLine
 10
57.200000000
 20
198.002581985
 30
0.000000000
 11
54.000000000
 21
198.002581985
 31
0.000000000
  0
SPLINE
  5
A24
330
A02
100
AcDbEntity
  8
S08_Suspension_FrontF
100
AcDbSpline
210
0
220
0
230
1
 70
8
 71
1
 72
17
 73
15
 74
0
 40
0.000000000
 40
0.000000000
 40
0.185262129
 40
0.370524258
 40
0.555786387
 40
0.741048516
 40
0.926310646
 40
1.111572775
 40
1.296834904
 40
1.482097033
 40
1.667359162
 40
1.852621291
 40
2.037883420
 40
2.223145549
 40
2.408407679
 40
2.593669808
 40
2.593669808
 10
118.877379051
 20
207.731491535
 30
0.000000000
 10
118.885590613
 20
207.834915876
 30
0.000000000
 10
118.918252124
 20
207.957768023
 30
0.000000000
 10
118.974245776
 20
208.095843484
 30
0.000000000
 10
119.051655241
 20
208.244416764
 30
0.000000000
 10
119.147831258
 20
208.398403091
 30
0.000000000
 10
119.259482299
 20
208.552532436
 30
0.000000000
 10
119.382787218
 20
208.701529877
 30
0.000000000
 10
119.513526028
 20
208.840296124
 30
0.000000000
 10
119.647224323
 20
208.964082042
 30
0.000000000
 10
119.779306413
 20
209.068651181
 30
0.000000000
 10
119.905251920
 20
209.150424767
 30
0.000000000
 10
120.020750485
 20
209.206604180
 30
0.000000000
 10
120.121849284
 20
209.235266736
 30
0.000000000
 10
120.205088313
 20
209.235431488
 30
0.000000000
  0
SPLINE
  5
A25
330
A02
100
AcDbEntity
  8
S08_Suspension_FrontF
100
AcDbSpline
210
0
220
0
230
1
 70
8
 71
1
 72
17
 73
15
 74
0
 40
2.593669808
 40
2.593669808
 40
2.818069283
 40
3.042468758
 40
3.266868233
 40
3.491267709
 40
3.715667184
 40
3.940066659
 40
4.164466135
 40
4.388865610
 40
4.613265085
 40
4.837664560
 40
5.062064036
 40
5.286463511
 40
5.510862986
 40
5.735262461
 40
5.735262461
 10
120.205088313
 20
209.235431488
 30
0.000000000
 10
120.277963174
 20
209.197532978
 30
0.000000000
 10
120.316842131
 20
209.119772306
 30
0.000000000
 10
120.319775630
 20
209.006048716
 30
0.000000000
 10
120.286616573
 20
208.862064785
 30
0.000000000
 10
120.219027695
 20
208.695040468
 30
0.000000000
 10
120.120398183
 20
208.513351061
 30
0.000000000
 10
119.995673733
 20
208.326107230
 30
0.000000000
 10
119.851108550
 20
208.142698162
 30
0.000000000
 10
119.693951735
 20
207.972320755
 30
0.000000000
 10
119.532083789
 20
207.823518442
 30
0.000000000
 10
119.373621444
 20
207.703752794
 30
0.000000000
 10
119.226510666
 20
207.619029359
 30
0.000000000
 10
119.098128203
 20
207.573596524
 30
0.000000000
 10
118.994911687
 20
207.569732482
 30
0.000000000
  0
SPLINE
  5
A26
330
A02
100
AcDbEntity
  8
S08_Suspension_FrontF
100
AcDbSpline
210
0
220
0
230
1
 70
8
 71
2
 72
6
 73
3
 74
0
 40
5.735262461
 40
5.735262461
 40
5.735262461
 40
6.283185307
 40
6.283185307
 40
6.283185307
 10
118.994911687
 20
207.569732482
 30
0.000000000
 10
118.884984552
 20
207.592660469
 30
0.000000000
 10
118.877379051
 20
207.731491535
 30
0.000000000
  0
SPLINE
  5
A27
330
A02
100
AcDbEntity
  8
S08_Suspension_FrontF
100
AcDbSpline
210
0
220
0
230
1
 70
8
 71
2
 72
6
 73
3
 74
0
 40
0.767745598
 40
0.767745598
 40
0.767745598
 40
0.999999981
 40
0.999999981
 40
0.999999981
 10
166.000000000
 20
198.938381398
 30
0.000000000
 10
166.317703172
 20
198.999675067
 30
0.000000000
 10
166.641003498
 20
199.067990865
 30
0.000000000
  0
SPLINE
  5
A28
330
A02
100
AcDbEntity
  8
S08_Suspension_FrontF
100
AcDbSpline
210
0
220
0
230
1
 70
8
 71
2
 72
6
 73
3
 74
0
 40
0.121483262
 40
0.121483262
 40
0.121483262
 40
0.999999953
 40
0.999999953
 40
0.999999953
 10
166.641003497
 20
199.067990865
 30
0.000000000
 10
166.856607265
 20
198.796457584
 30
0.000000000
 10
167.090335311
 20
198.589399986
 30
0.000000000
  0
SPLINE
  5
A29
330
A02
100
AcDbEntity
  8
S08_Suspension_FrontF
100
AcDbSpline
210
0
220
0
230
1
 70
8
 71
1
 72
17
 73
15
 74
0
 40
2.593669808
 40
2.593669808
 40
2.758111907
 40
2.922554007
 40
3.086996107
 40
3.251438207
 40
3.415880306
 40
3.580322406
 40
3.744764506
 40
3.909206606
 40
4.073648705
 40
4.238090805
 40
4.402532905
 40
4.566975005
 40
4.731417104
 40
4.895859204
 40
4.895859204
 10
167.805088313
 20
200.035431488
 30
0.000000000
 10
167.861698148
 20
200.011677144
 30
0.000000000
 10
167.900455153
 20
199.966093151
 30
0.000000000
 10
167.920313652
 20
199.899909380
 30
0.000000000
 10
167.920737855
 20
199.814911491
 30
0.000000000
 10
167.901716317
 20
199.713392753
 30
0.000000000
 10
167.863762247
 20
199.598092175
 30
0.000000000
 10
167.807899656
 20
199.472120605
 30
0.000000000
 10
167.735635736
 20
199.338876795
 30
0.000000000
 10
167.648920190
 20
199.201955708
 30
0.000000000
 10
167.550092633
 20
199.065051517
 30
0.000000000
 10
167.441819463
 20
198.931857943
 30
0.000000000
 10
167.327021925
 20
198.805968591
 30
0.000000000
 10
167.208797295
 20
198.690779997
 30
0.000000000
 10
167.090335311
 20
198.589399986
 30
0.000000000
  0
SPLINE
  5
A2A
330
A02
100
AcDbEntity
  8
S08_Suspension_FrontF
100
AcDbSpline
210
0
220
0
230
1
 70
8
 71
2
 72
30
 73
27
 74
0
 40
1.681316058
 40
1.681316058
 40
1.681316058
 40
1.959757184
 40
1.959757184
 40
2.098977748
 40
2.098977748
 40
2.238198311
 40
2.238198311
 40
2.377418874
 40
2.377418874
 40
2.516639437
 40
2.516639437
 40
2.655860000
 40
2.655860000
 40
2.795080563
 40
2.795080563
 40
2.934301127
 40
2.934301127
 40
3.073521690
 40
3.073521690
 40
3.212742253
 40
3.212742253
 40
3.351962816
 40
3.351962816
 40
3.491183379
 40
3.491183379
 40
3.630403943
 40
3.630403943
 40
3.630403943
 10
125.044546517
 20
206.400475330
 30
0.000000000
 10
124.939219348
 20
206.285074901
 30
0.000000000
 10
124.841726260
 20
206.161188137
 30
0.000000000
 10
124.795742475
 20
206.098472479
 30
0.000000000
 10
124.749758690
 20
206.035756820
 30
0.000000000
 10
124.708131233
 20
205.972720178
 30
0.000000000
 10
124.666503776
 20
205.909683535
 30
0.000000000
 10
124.630038182
 20
205.847545735
 30
0.000000000
 10
124.593572589
 20
205.785407935
 30
0.000000000
 10
124.562974508
 20
205.725371411
 30
0.000000000
 10
124.532376427
 20
205.665334887
 30
0.000000000
 10
124.508237964
 20
205.608561411
 30
0.000000000
 10
124.484099502
 20
205.551787935
 30
0.000000000
 10
124.466887763
 20
205.499376134
 30
0.000000000
 10
124.449676023
 20
205.446964333
 30
0.000000000
 10
124.439724074
 20
205.399928433
 30
0.000000000
 10
124.429772124
 20
205.352892533
 30
0.000000000
 10
124.427272544
 20
205.312142729
 30
0.000000000
 10
124.424772965
 20
205.271392925
 30
0.000000000
 10
124.429774125
 20
205.237717770
 30
0.000000000
 10
124.434775285
 20
205.204042614
 30
0.000000000
 10
124.447180408
 20
205.178093758
 30
0.000000000
 10
124.459585530
 20
205.152144902
 30
0.000000000
 10
124.479154562
 20
205.134424483
 30
0.000000000
 10
124.498723594
 20
205.116704065
 30
0.000000000
 10
124.525077853
 20
205.107554993
 30
0.000000000
 10
124.551432112
 20
205.098405921
 30
0.000000000
  0
SPLINE
  5
A2B
330
A02
100
AcDbEntity
  8
S08_Suspension_FrontF
100
AcDbSpline
210
0
220
0
230
1
 70
8
 71
2
 72
28
 73
25
 74
0
 40
2.284546955
 40
2.284546955
 40
2.284546955
 40
2.380679597
 40
2.380679597
 40
2.572944881
 40
2.572944881
 40
2.765210165
 40
2.765210165
 40
2.861342807
 40
2.861342807
 40
2.957475449
 40
2.957475449
 40
3.053608091
 40
3.053608091
 40
3.149740733
 40
3.149740733
 40
3.245873375
 40
3.245873375
 40
3.342006017
 40
3.342006017
 40
3.438138659
 40
3.438138659
 40
3.534271301
 40
3.534271301
 40
3.630403943
 40
3.630403943
 40
3.630403943
 10
166.641003498
 20
199.067990865
 30
0.000000000
 10
166.616501755
 20
199.025264608
 30
0.000000000
 10
166.592000013
 20
198.982538351
 30
0.000000000
 10
166.546924260
 20
198.898331984
 30
0.000000000
 10
166.511237205
 20
198.818499553
 30
0.000000000
 10
166.478359821
 20
198.740233909
 30
0.000000000
 10
166.455856825
 20
198.668615039
 30
0.000000000
 10
166.447109247
 20
198.634673951
 30
0.000000000
 10
166.438361669
 20
198.600732863
 30
0.000000000
 10
166.433130716
 20
198.569570624
 30
0.000000000
 10
166.427899763
 20
198.538408385
 30
0.000000000
 10
166.426233740
 20
198.510312758
 30
0.000000000
 10
166.424567717
 20
198.482217132
 30
0.000000000
 10
166.426482008
 20
198.457447563
 30
0.000000000
 10
166.428396299
 20
198.432677994
 30
0.000000000
 10
166.433873227
 20
198.411463214
 30
0.000000000
 10
166.439350154
 20
198.390248434
 30
0.000000000
 10
166.448339143
 20
198.372784349
 30
0.000000000
 10
166.457328133
 20
198.355320263
 30
0.000000000
 10
166.469746175
 20
198.341768142
 30
0.000000000
 10
166.482164217
 20
198.328216020
 30
0.000000000
 10
166.497896640
 20
198.318701008
 30
0.000000000
 10
166.513629063
 20
198.309185996
 30
0.000000000
 10
166.532530588
 20
198.303795959
 30
0.000000000
 10
166.551432112
 20
198.298405921
 30
0.000000000
  0
SPLINE
  5
A2C
330
A02
100
AcDbEntity
  8
S08_Suspension_FrontF
100
AcDbSpline
210
0
220
0
230
1
 70
8
 71
1
 72
17
 73
15
 74
0
 40
3.630403943
 40
3.630403943
 40
3.819888326
 40
4.009372709
 40
4.198857092
 40
4.388341475
 40
4.577825859
 40
4.767310242
 40
4.956794625
 40
5.146279008
 40
5.335763391
 40
5.525247774
 40
5.714732158
 40
5.904216541
 40
6.093700924
 40
6.283185307
 40
6.283185307
 10
166.551432112
 20
198.298405921
 30
0.000000000
 10
166.643098454
 20
198.301627570
 30
0.000000000
 10
166.754700219
 20
198.337100714
 30
0.000000000
 10
166.882242394
 20
198.403555520
 30
0.000000000
 10
167.021159350
 20
198.498613102
 30
0.000000000
 10
167.166478270
 20
198.618870682
 30
0.000000000
 10
167.312997168
 20
198.760023395
 30
0.000000000
 10
167.455471103
 20
198.917018393
 30
0.000000000
 10
167.588799931
 20
199.084235720
 30
0.000000000
 10
167.708210874
 20
199.255689492
 30
0.000000000
 10
167.809429376
 20
199.425242173
 30
0.000000000
 10
167.888832115
 20
199.586824279
 30
0.000000000
 10
167.943576707
 20
199.734651652
 30
0.000000000
 10
167.971703459
 20
199.863432509
 30
0.000000000
 10
167.972205517
 20
199.968556878
 30
0.000000000
  0
SPLINE
  5
A2D
330
A02
100
AcDbEntity
  8
S08_Suspension_FrontF
100
AcDbSpline
210
0
220
0
230
1
 70
8
 71
2
 72
6
 73
3
 74
0
 40
0.000000000
 40
0.000000000
 40
0.000000000
 40
0.488811289
 40
0.488811289
 40
0.488811289
 10
167.972205517
 20
199.968556878
 30
0.000000000
 10
167.953681312
 20
200.088551246
 30
0.000000000
 10
167.848567888
 20
200.106758048
 30
0.000000000
  0
SPLINE
  5
A2E
330
A02
100
AcDbEntity
  8
S08_Suspension_FrontF
100
AcDbSpline
210
0
220
0
230
1
 70
8
 71
2
 72
6
 73
3
 74
0
 40
0.488811289
 40
0.488811289
 40
0.488811289
 40
0.872201820
 40
0.872201820
 40
0.872201820
 10
167.848567888
 20
200.106758048
 30
0.000000000
 10
167.765787902
 20
200.119646524
 30
0.000000000
 10
167.642488365
 20
200.066858368
 30
0.000000000
  0
SPLINE
  5
A2F
330
A02
100
AcDbEntity
  8
S08_Suspension_FrontF
100
AcDbSpline
210
0
220
0
230
1
 70
8
 71
1
 72
17
 73
15
 74
0
 40
0.000000000
 40
0.000000000
 40
0.173924083
 40
0.347848167
 40
0.521772250
 40
0.695696333
 40
0.869620416
 40
1.043544500
 40
1.217468583
 40
1.391392666
 40
1.565316749
 40
1.739240833
 40
1.913164916
 40
2.087088999
 40
2.261013082
 40
2.434937166
 40
2.434937166
 10
121.440052382
 20
226.185379002
 30
0.000000000
 10
121.432692474
 20
226.284082610
 30
0.000000000
 10
121.442450170
 20
226.398431111
 30
0.000000000
 10
121.469031045
 20
226.524974223
 30
0.000000000
 10
121.511633065
 20
226.659893708
 30
0.000000000
 10
121.568970781
 20
226.799118585
 30
0.000000000
 10
121.639314118
 20
226.938447965
 30
0.000000000
 10
121.720540578
 20
227.073677804
 30
0.000000000
 10
121.810199282
 20
227.200727758
 30
0.000000000
 10
121.905584921
 20
227.315764297
 30
0.000000000
 10
122.003819386
 20
227.415316374
 30
0.000000000
 10
122.101938606
 20
227.496380166
 30
0.000000000
 10
122.196981991
 20
227.556509700
 30
0.000000000
 10
122.286081757
 20
227.593890664
 30
0.000000000
 10
122.366549461
 20
227.607395146
 30
0.000000000
  0
SPLINE
  5
A30
330
A02
100
AcDbEntity
  8
S08_Suspension_FrontF
100
AcDbSpline
210
0
220
0
230
1
 70
8
 71
1
 72
17
 73
15
 74
0
 40
2.434937166
 40
2.434937166
 40
2.659336641
 40
2.883736116
 40
3.108135591
 40
3.332535067
 40
3.556934542
 40
3.781334017
 40
4.005733492
 40
4.230132968
 40
4.454532443
 40
4.678931918
 40
4.903331393
 40
5.127730869
 40
5.352130344
 40
5.576529819
 40
5.576529819
 10
122.366549461
 20
227.607395146
 30
0.000000000
 10
122.453720711
 20
227.588968825
 30
0.000000000
 10
122.518140510
 20
227.531109785
 30
0.000000000
 10
122.556578580
 20
227.436719318
 30
0.000000000
 10
122.567107476
 20
227.310530558
 30
0.000000000
 10
122.549199235
 20
227.158871135
 30
0.000000000
 10
122.503751852
 20
226.989345887
 30
0.000000000
 10
122.433044247
 20
226.810455517
 30
0.000000000
 10
122.340621995
 20
226.631170334
 30
0.000000000
 10
122.231119534
 20
226.460480448
 30
0.000000000
 10
122.110027775
 20
226.306944962
 30
0.000000000
 10
121.983418763
 20
226.178262785
 30
0.000000000
 10
121.857641204
 20
226.080886580
 30
0.000000000
 10
121.739002110
 20
226.019699196
 30
0.000000000
 10
121.633450539
 20
225.997768824
 30
0.000000000
  0
SPLINE
  5
A31
330
A02
100
AcDbEntity
  8
S08_Suspension_FrontF
100
AcDbSpline
210
0
220
0
230
1
 70
8
 71
3
 72
8
 73
4
 74
0
 40
5.576529819
 40
5.576529819
 40
5.576529819
 40
5.576529819
 40
6.283185307
 40
6.283185307
 40
6.283185307
 40
6.283185307
 10
121.633450539
 20
225.997768824
 30
0.000000000
 10
121.531221350
 20
225.995669322
 30
0.000000000
 10
121.461424786
 20
226.063377030
 30
0.000000000
 10
121.440052382
 20
226.185379002
 30
0.000000000
  0
SPLINE
  5
A32
330
A02
100
AcDbEntity
  8
S08_Suspension_FrontF
100
AcDbSpline
210
0
220
0
230
1
 70
8
 71
1
 72
17
 73
15
 74
0
 40
2.434937166
 40
2.434937166
 40
2.609163187
 40
2.783389208
 40
2.957615228
 40
3.131841249
 40
3.306067270
 40
3.480293291
 40
3.654519312
 40
3.828745333
 40
4.002971354
 40
4.177197375
 40
4.351423396
 40
4.525649417
 40
4.699875438
 40
4.874101459
 40
4.874101459
 10
166.366549461
 20
228.407395146
 30
0.000000000
 10
166.436066725
 20
228.396575924
 30
0.000000000
 10
166.492380762
 20
228.361716154
 30
0.000000000
 10
166.533786493
 20
228.303871319
 30
0.000000000
 10
166.559030237
 20
228.224792846
 30
0.000000000
 10
166.567347663
 20
228.126875072
 30
0.000000000
 10
166.558486937
 20
228.013082753
 30
0.000000000
 10
166.532716344
 20
227.886861291
 30
0.000000000
 10
166.490816165
 20
227.752032420
 30
0.000000000
 10
166.434055054
 20
227.612678489
 30
0.000000000
 10
166.364151624
 20
227.473018856
 30
0.000000000
 10
166.283222411
 20
227.337282135
 30
0.000000000
 10
166.193717790
 20
227.209578164
 30
0.000000000
 10
166.098347782
 20
227.093773561
 30
0.000000000
 10
166.000000000
 20
226.993374661
 30
0.000000000
  0
SPLINE
  5
A33
330
A02
100
AcDbEntity
  8
S08_Suspension_FrontF
100
AcDbSpline
210
0
220
0
230
1
 70
8
 71
1
 72
17
 73
15
 74
0
 40
0.648080878
 40
0.648080878
 40
0.848039290
 40
1.047997702
 40
1.247956114
 40
1.447914526
 40
1.647872937
 40
1.847831349
 40
2.047789761
 40
2.247748173
 40
2.447706585
 40
2.647664996
 40
2.847623408
 40
3.047581820
 40
3.247540232
 40
3.447498644
 40
3.447498644
 10
124.034870741
 20
229.236595743
 30
0.000000000
 10
123.939050828
 20
229.221622320
 30
0.000000000
 10
123.829719629
 20
229.174009876
 30
0.000000000
 10
123.711234030
 20
229.095655782
 30
0.000000000
 10
123.588315719
 20
228.989682475
 30
0.000000000
 10
123.465863031
 20
228.860313025
 30
0.000000000
 10
123.348755743
 20
228.712702846
 30
0.000000000
 10
123.241660620
 20
228.552734251
 30
0.000000000
 10
123.148845437
 20
228.386782039
 30
0.000000000
 10
123.074008908
 20
228.221459461
 30
0.000000000
 10
123.020133292
 20
228.063354673
 30
0.000000000
 10
122.989365552
 20
227.918768203
 30
0.000000000
 10
122.982931791
 20
227.793461868
 30
0.000000000
 10
123.001088396
 20
227.692429165
 30
0.000000000
 10
123.043111821
 20
227.619696280
 30
0.000000000
  0
SPLINE
  5
A34
330
A02
100
AcDbEntity
  8
S08_Suspension_FrontF
100
AcDbSpline
210
0
220
0
230
1
 70
8
 71
3
 72
11
 73
7
 74
0
 40
5.049065523
 40
5.049065523
 40
5.049065523
 40
5.049065523
 40
5.666125415
 40
5.666125415
 40
5.666125415
 40
6.283185307
 40
6.283185307
 40
6.283185307
 40
6.283185307
 10
166.284437830
 20
227.339162968
 30
0.000000000
 10
166.397160435
 20
227.502317263
 30
0.000000000
 10
166.490697179
 20
227.681182167
 30
0.000000000
 10
166.549306950
 20
227.845656866
 30
0.000000000
 10
166.607118151
 20
228.009778187
 30
0.000000000
 10
166.629107077
 20
228.156982328
 30
0.000000000
 10
166.611573257
 20
228.262496601
 30
0.000000000
  0
SPLINE
  5
A35
330
A02
100
AcDbEntity
  8
S08_Suspension_FrontF
100
AcDbSpline
210
0
220
0
230
1
 70
8
 71
3
 72
8
 73
4
 74
0
 40
0.000000000
 40
0.000000000
 40
0.000000000
 40
0.000000000
 40
0.648080878
 40
0.648080878
 40
0.648080878
 40
0.648080878
 10
166.611573257
 20
228.262496601
 30
0.000000000
 10
166.592800563
 20
228.372885384
 30
0.000000000
 10
166.529811550
 20
228.434946375
 30
0.000000000
 10
166.434870741
 20
228.436595743
 30
0.000000000
  0
SPLINE
  5
A36
330
A02
100
AcDbEntity
  8
S08_Suspension_FrontF
100
AcDbSpline
210
0
220
0
230
1
 70
8
 71
2
 72
6
 73
3
 74
0
 40
0.648080878
 40
0.648080878
 40
0.648080878
 40
0.929388045
 40
0.929388045
 40
0.929388045
 10
166.434870741
 20
228.436595743
 30
0.000000000
 10
166.372673848
 20
228.437610848
 30
0.000000000
 10
166.295965873
 20
228.406111808
 30
0.000000000
  0
SPLINE
  5
A37
330
A02
100
AcDbEntity
  8
S08_Suspension_FrontF
100
AcDbSpline
210
0
220
0
230
1
 70
8
 71
2
 72
30
 73
27
 74
0
 40
1.453030341
 40
1.453030341
 40
1.453030341
 40
1.677429817
 40
1.677429817
 40
1.901829292
 40
1.901829292
 40
2.126228767
 40
2.126228767
 40
2.350628242
 40
2.350628242
 40
2.575027718
 40
2.575027718
 40
3.023826668
 40
3.023826668
 40
3.248226144
 40
3.248226144
 40
3.472625619
 40
3.472625619
 40
3.697025094
 40
3.697025094
 40
3.921424569
 40
3.921424569
 40
4.145824045
 40
4.145824045
 40
4.370223520
 40
4.370223520
 40
4.594622995
 40
4.594622995
 40
4.594622995
 10
125.713127842
 20
231.214075536
 30
0.000000000
 10
125.706621866
 20
231.226780242
 30
0.000000000
 10
125.700115891
 20
231.239484949
 30
0.000000000
 10
125.701128637
 20
231.261293256
 30
0.000000000
 10
125.702141383
 20
231.283101563
 30
0.000000000
 10
125.710622066
 20
231.312919911
 30
0.000000000
 10
125.719102749
 20
231.342738259
 30
0.000000000
 10
125.734626112
 20
231.379071432
 30
0.000000000
 10
125.750149476
 20
231.415404605
 30
0.000000000
 10
125.771937114
 20
231.456430706
 30
0.000000000
 10
125.793724752
 20
231.497456807
 30
0.000000000
 10
125.845501189
 20
231.584530109
 30
0.000000000
 10
125.909202097
 20
231.672996685
 30
0.000000000
 10
125.942257874
 20
231.715339372
 30
0.000000000
 10
125.975313651
 20
231.757682059
 30
0.000000000
 10
126.008988366
 20
231.796136064
 30
0.000000000
 10
126.042663081
 20
231.834590068
 30
0.000000000
 10
126.075268144
 20
231.867227146
 30
0.000000000
 10
126.107873206
 20
231.899864223
 30
0.000000000
 10
126.137773662
 20
231.925047814
 30
0.000000000
 10
126.167674118
 20
231.950231405
 30
0.000000000
 10
126.193370634
 20
231.966698699
 30
0.000000000
 10
126.219067150
 20
231.983165994
 30
0.000000000
 10
126.239271195
 20
231.990091252
 30
0.000000000
 10
126.259475240
 20
231.997016511
 30
0.000000000
 10
126.273173699
 20
231.994052472
 30
0.000000000
 10
126.286872158
 20
231.991088434
 30
0.000000000
  0
SPLINE
  5
A38
330
A02
100
AcDbEntity
  8
S08_Suspension_FrontF
100
AcDbSpline
210
0
220
0
230
1
 70
8
 71
3
 72
11
 73
7
 74
0
 40
0.000000000
 40
0.000000000
 40
0.000000000
 40
0.000000000
 40
0.799315995
 40
0.799315995
 40
0.799315995
 40
1.598631990
 40
1.598631990
 40
1.598631990
 40
1.598631990
 10
125.186636889
 20
217.190927104
 30
0.000000000
 10
125.204066968
 20
217.317945178
 30
0.000000000
 10
125.222699193
 20
217.444275735
 30
0.000000000
 10
125.237434512
 20
217.535346089
 30
0.000000000
 10
125.252104772
 20
217.625838114
 30
0.000000000
 10
125.262421593
 20
217.678251106
 30
0.000000000
 10
125.265561587
 20
217.678241283
 30
0.000000000
  0
SPLINE
  5
A39
330
A02
100
AcDbEntity
  8
S08_Suspension_FrontF
100
AcDbSpline
210
0
220
0
230
1
 70
8
 71
2
 72
30
 73
27
 74
0
 40
1.598631990
 40
1.598631990
 40
1.598631990
 40
1.823031465
 40
1.823031465
 40
2.047430940
 40
2.047430940
 40
2.271830415
 40
2.271830415
 40
2.496229891
 40
2.496229891
 40
2.720629366
 40
2.720629366
 40
3.169428316
 40
3.169428316
 40
3.393827792
 40
3.393827792
 40
3.618227267
 40
3.618227267
 40
3.842626742
 40
3.842626742
 40
4.067026217
 40
4.067026217
 40
4.291425693
 40
4.291425693
 40
4.515825168
 40
4.515825168
 40
4.740224643
 40
4.740224643
 40
4.740224643
 10
125.265561587
 20
217.678241283
 30
0.000000000
 10
125.266023969
 20
217.672102125
 30
0.000000000
 10
125.266486351
 20
217.665962968
 30
0.000000000
 10
125.265281781
 20
217.648205882
 30
0.000000000
 10
125.264077211
 20
217.630448796
 30
0.000000000
 10
125.261266092
 20
217.601964195
 30
0.000000000
 10
125.258454973
 20
217.573479595
 30
0.000000000
 10
125.254178266
 20
217.535695817
 30
0.000000000
 10
125.249901558
 20
217.497912039
 30
0.000000000
 10
125.244373715
 20
217.452723720
 30
0.000000000
 10
125.238845871
 20
217.407535401
 30
0.000000000
 10
125.226205668
 20
217.308348137
 30
0.000000000
 10
125.211542868
 20
217.200997670
 30
0.000000000
 10
125.204103753
 20
217.148095455
 30
0.000000000
 10
125.196664639
 20
217.095193240
 30
0.000000000
 10
125.189309149
 20
217.044983486
 30
0.000000000
 10
125.181953658
 20
216.994773731
 30
0.000000000
 10
125.175050628
 20
216.949774164
 30
0.000000000
 10
125.168147597
 20
216.904774596
 30
0.000000000
 10
125.162043172
 20
216.867241681
 30
0.000000000
 10
125.155938748
 20
216.829708766
 30
0.000000000
 10
125.150939031
 20
216.801524562
 30
0.000000000
 10
125.145939314
 20
216.773340357
 30
0.000000000
 10
125.142295012
 20
216.755918136
 30
0.000000000
 10
125.138650709
 20
216.738495915
 30
0.000000000
 10
125.136544561
 20
216.732709301
 30
0.000000000
 10
125.134438413
 20
216.726922687
 30
0.000000000
  0
SPLINE
  5
A3A
330
A02
100
AcDbEntity
  8
S08_Suspension_FrontF
100
AcDbSpline
210
0
220
0
230
1
 70
8
 71
3
 72
11
 73
7
 74
0
 40
4.740224643
 40
4.740224643
 40
4.740224643
 40
4.740224643
 40
5.511704975
 40
5.511704975
 40
5.511704975
 40
6.283185307
 40
6.283185307
 40
6.283185307
 40
6.283185307
 10
125.134438413
 20
216.726922687
 30
0.000000000
 10
125.131520095
 20
216.727741710
 30
0.000000000
 10
125.135352184
 20
216.777226894
 30
0.000000000
 10
125.144952595
 20
216.862696226
 30
0.000000000
 10
125.154648067
 20
216.948752495
 30
0.000000000
 10
125.169840680
 20
217.068382325
 30
0.000000000
 10
125.186636889
 20
217.190927104
 30
0.000000000
  0
SPLINE
  5
A3B
330
A02
100
AcDbEntity
  8
S08_Suspension_FrontF
100
AcDbSpline
210
0
220
0
230
1
 70
8
 71
3
 72
20
 73
16
 74
0
 40
1.598631990
 40
1.598631990
 40
1.598631990
 40
1.598631990
 40
1.847927949
 40
1.847927949
 40
1.847927949
 40
2.097223908
 40
2.097223908
 40
2.097223908
 40
2.346519868
 40
2.346519868
 40
2.346519868
 40
2.471167847
 40
2.471167847
 40
2.471167847
 40
3.343703705
 40
3.343703705
 40
3.343703705
 40
3.343703705
 10
166.065561587
 20
212.078241283
 30
0.000000000
 10
166.066372066
 20
212.077018234
 30
0.000000000
 10
166.066645776
 20
212.071986486
 30
0.000000000
 10
166.066382716
 20
212.063146039
 30
0.000000000
 10
166.065815092
 20
212.052192522
 30
0.000000000
 10
166.064720715
 20
212.037668968
 30
0.000000000
 10
166.063099583
 20
212.019575377
 30
0.000000000
 10
166.061188951
 20
211.999568618
 30
0.000000000
 10
166.058794148
 20
211.976451209
 30
0.000000000
 10
166.055915176
 20
211.950223151
 30
0.000000000
 10
166.054273463
 20
211.935869861
 30
0.000000000
 10
166.052631750
 20
211.921516571
 30
0.000000000
 10
166.050990037
 20
211.907163281
 30
0.000000000
 10
166.038459705
 20
211.800303015
 30
0.000000000
 10
166.019423626
 20
211.655220370
 30
0.000000000
 10
166.000000000
 20
211.518544939
 30
0.000000000
  0
LINE
  5
A3C
330
A02
100
AcDbEntity
  8
S08_Suspension_FrontF
100
AcDbLine
 10
166.000000000
 20
198.002581985
 30
0.000000000
 11
166.000000000
 21
229.202581985
 31
0.000000000
  0
LINE
  5
A3D
330
A02
100
AcDbEntity
  8
S08_Suspension_FrontF
100
AcDbLine
 10
166.000000000
 20
229.202581985
 30
0.000000000
 11
162.800000000
 21
229.202581985
 31
0.000000000
  0
LINE
  5
A3E
330
A02
100
AcDbEntity
  8
S08_Suspension_FrontF
100
AcDbLine
 10
162.800000000
 20
198.002581985
 30
0.000000000
 11
162.800000000
 21
229.202581985
 31
0.000000000
  0
LINE
  5
A3F
330
A02
100
AcDbEntity
  8
S08_Suspension_FrontF
100
AcDbLine
 10
166.000000000
 20
198.002581985
 30
0.000000000
 11
162.800000000
 21
198.002581985
 31
0.000000000
  0
SPLINE
  5
A40
330
A02
100
AcDbEntity
  8
S08_Suspension_FrontF
100
AcDbSpline
210
0
220
0
230
1
 70
8
 71
1
 72
4
 73
2
 74
0
 40
0.000000000
 40
0.000000000
 40
0.964329625
 40
0.964329625
 10
101.005088313
 20
207.569732482
 30
0.000000000
 10
57.200000000
 20
199.103202808
 30
0.000000000
  0
SPLINE
  5
A41
330
A02
100
AcDbEntity
  8
S08_Suspension_FrontF
100
AcDbSpline
210
0
220
0
230
1
 70
8
 71
1
 72
4
 73
2
 74
0
 40
0.000000000
 40
0.000000000
 40
1.000000000
 40
1.000000000
 10
99.794911687
 20
209.235431488
 30
0.000000000
 10
52.194911687
 20
200.035431488
 30
0.000000000
  0
SPLINE
  5
A42
330
A02
100
AcDbEntity
  8
S08_Suspension_FrontF
100
AcDbSpline
210
0
220
0
230
1
 70
8
 71
1
 72
4
 73
2
 74
0
 40
0.000000000
 40
0.000000000
 40
0.910680188
 40
0.910680188
 10
95.448567888
 20
205.098405921
 30
0.000000000
 10
57.200000000
 20
198.905780644
 30
0.000000000
  0
SPLINE
  5
A43
330
A02
100
AcDbEntity
  8
S08_Suspension_FrontF
100
AcDbSpline
210
0
220
0
230
1
 70
8
 71
1
 72
4
 73
2
 74
0
 40
0.986870664
 40
0.986870664
 40
1.000000000
 40
1.000000000
 10
54.000000000
 20
198.387685406
 30
0.000000000
 10
53.448567888
 20
198.298405921
 30
0.000000000
  0
SPLINE
  5
A44
330
A02
100
AcDbEntity
  8
S08_Suspension_FrontF
100
AcDbSpline
210
0
220
0
230
1
 70
8
 71
1
 72
4
 73
2
 74
0
 40
0.955986479
 40
0.955986479
 40
1.000000000
 40
1.000000000
 10
54.000000000
 20
200.406049992
 30
0.000000000
 10
52.151432112
 20
200.106758048
 30
0.000000000
  0
SPLINE
  5
A45
330
A02
100
AcDbEntity
  8
S08_Suspension_FrontF
100
AcDbSpline
210
0
220
0
230
1
 70
8
 71
1
 72
4
 73
2
 74
0
 40
0.000000000
 40
0.000000000
 40
0.935603397
 40
0.935603397
 10
98.366549461
 20
225.997768824
 30
0.000000000
 10
57.200000000
 20
226.746251541
 30
0.000000000
  0
SPLINE
  5
A46
330
A02
100
AcDbEntity
  8
S08_Suspension_FrontF
100
AcDbSpline
210
0
220
0
230
1
 70
8
 71
1
 72
4
 73
2
 74
0
 40
0.000000000
 40
0.000000000
 40
0.918942058
 40
0.918942058
 10
97.633450539
 20
227.607395146
 30
0.000000000
 10
57.200000000
 20
228.342548792
 30
0.000000000
  0
SPLINE
  5
A47
330
A02
100
AcDbEntity
  8
S08_Suspension_FrontF
100
AcDbSpline
210
0
220
0
230
1
 70
8
 71
1
 72
4
 73
2
 74
0
 40
0.991669330
 40
0.991669330
 40
1.000000000
 40
1.000000000
 10
54.000000000
 20
228.400730610
 30
0.000000000
 10
53.633450539
 20
228.407395146
 30
0.000000000
  0
SPLINE
  5
A48
330
A02
100
AcDbEntity
  8
S08_Suspension_FrontF
100
AcDbSpline
210
0
220
0
230
1
 70
8
 71
1
 72
4
 73
2
 74
0
 40
0.000000000
 40
0.000000000
 40
0.102207557
 40
0.102207557
 10
95.965129259
 20
229.236595743
 30
0.000000000
 10
91.631528840
 20
229.154829697
 30
0.000000000
  0
SPLINE
  5
A49
330
A02
100
AcDbEntity
  8
S08_Suspension_FrontF
100
AcDbSpline
210
0
220
0
230
1
 70
8
 71
1
 72
4
 73
2
 74
0
 40
0.140296562
 40
0.140296562
 40
0.914271916
 40
0.914271916
 10
90.016555024
 20
229.124358493
 30
0.000000000
 10
57.200000000
 20
228.505178210
 30
0.000000000
  0
SPLINE
  5
A4A
330
A02
100
AcDbEntity
  8
S08_Suspension_FrontF
100
AcDbSpline
210
0
220
0
230
1
 70
8
 71
1
 72
4
 73
2
 74
0
 40
0.989743615
 40
0.989743615
 40
1.000000000
 40
1.000000000
 10
54.000000000
 20
228.444800851
 30
0.000000000
 10
53.565129259
 20
228.436595743
 30
0.000000000
  0
SPLINE
  5
A4B
330
A02
100
AcDbEntity
  8
S08_Suspension_FrontF
100
AcDbSpline
210
0
220
0
230
1
 70
8
 71
1
 72
4
 73
2
 74
0
 40
0.068542657
 40
0.068542657
 40
0.810086982
 40
0.810086982
 10
57.200000000
 20
203.674785210
 30
0.000000000
 10
86.268537524
 20
226.217732677
 30
0.000000000
  0
SPLINE
  5
A4C
330
A02
100
AcDbEntity
  8
S08_Suspension_FrontF
100
AcDbSpline
210
0
220
0
230
1
 70
8
 71
1
 72
4
 73
2
 74
0
 40
0.861393871
 40
0.861393871
 40
1.000000000
 40
1.000000000
 10
88.279767580
 20
227.777462109
 30
0.000000000
 10
93.713127842
 20
231.991088434
 30
0.000000000
  0
SPLINE
  5
A4D
330
A02
100
AcDbEntity
  8
S08_Suspension_FrontF
100
AcDbSpline
210
0
220
0
230
1
 70
8
 71
1
 72
4
 73
2
 74
0
 40
0.053906322
 40
0.053906322
 40
0.834725811
 40
0.834725811
 10
57.200000000
 20
202.452827740
 30
0.000000000
 10
87.808123958
 20
226.189740197
 30
0.000000000
  0
SPLINE
  5
A4E
330
A02
100
AcDbEntity
  8
S08_Suspension_FrontF
100
AcDbSpline
210
0
220
0
230
1
 70
8
 71
1
 72
4
 73
2
 74
0
 40
0.886032700
 40
0.886032700
 40
1.000000000
 40
1.000000000
 10
89.819354014
 20
227.749469628
 30
0.000000000
 10
94.286872158
 20
231.214075536
 30
0.000000000
  0
SPLINE
  5
A4F
330
A02
100
AcDbEntity
  8
S08_Suspension_FrontF
100
AcDbSpline
210
0
220
0
230
1
 70
8
 71
1
 72
4
 73
2
 74
0
 40
0.000000000
 40
0.000000000
 40
0.573558533
 40
0.573558533
 10
94.865561587
 20
216.726922687
 30
0.000000000
 10
71.464373448
 20
213.514994903
 30
0.000000000
  0
SPLINE
  5
A50
330
A02
100
AcDbEntity
  8
S08_Suspension_FrontF
100
AcDbSpline
210
0
220
0
230
1
 70
8
 71
1
 72
4
 73
2
 74
0
 40
0.620483232
 40
0.620483232
 40
0.923175529
 40
0.923175529
 10
69.549845725
 20
213.252216588
 30
0.000000000
 10
57.200000000
 20
211.557139724
 30
0.000000000
  0
SPLINE
  5
A51
330
A02
100
AcDbEntity
  8
S08_Suspension_FrontF
100
AcDbSpline
210
0
220
0
230
1
 70
8
 71
1
 72
4
 73
2
 74
0
 40
0.000000000
 40
0.000000000
 40
0.533121784
 40
0.533121784
 10
94.734438413
 20
217.678241283
 30
0.000000000
 10
72.983069636
 20
214.692759294
 30
0.000000000
  0
SPLINE
  5
A52
330
A02
100
AcDbEntity
  8
S08_Suspension_FrontF
100
AcDbSpline
210
0
220
0
230
1
 70
8
 71
1
 72
4
 73
2
 74
0
 40
0.580046483
 40
0.580046483
 40
0.919961726
 40
0.919961726
 10
71.068541913
 20
214.429980979
 30
0.000000000
 10
57.200000000
 20
212.526455618
 30
0.000000000
  0
SPLINE
  5
A53
330
A02
100
AcDbEntity
  8
S08_Suspension_FrontF
100
AcDbSpline
210
0
220
0
230
1
 70
8
 71
1
 72
4
 73
2
 74
0
 40
0.998393098
 40
0.998393098
 40
1.000000000
 40
1.000000000
 10
54.000000000
 20
212.087239932
 30
0.000000000
 10
53.934438413
 20
212.078241283
 30
0.000000000
  0
SPLINE
  5
A54
330
A02
100
AcDbEntity
  8
S08_Suspension_FrontF
100
AcDbSpline
210
0
220
0
230
1
 70
8
 71
1
 72
4
 73
2
 74
0
 40
0.000000000
 40
0.000000000
 40
1.000000000
 40
1.000000000
 10
120.205088313
 20
209.235431488
 30
0.000000000
 10
167.805088313
 20
200.035431488
 30
0.000000000
  0
SPLINE
  5
A55
330
A02
100
AcDbEntity
  8
S08_Suspension_FrontF
100
AcDbSpline
210
0
220
0
230
1
 70
8
 71
1
 72
4
 73
2
 74
0
 40
0.000000000
 40
0.000000000
 40
0.964329625
 40
0.964329625
 10
118.994911687
 20
207.569732482
 30
0.000000000
 10
162.800000000
 20
199.103202808
 30
0.000000000
  0
SPLINE
  5
A56
330
A02
100
AcDbEntity
  8
S08_Suspension_FrontF
100
AcDbSpline
210
0
220
0
230
1
 70
8
 71
1
 72
4
 73
2
 74
0
 40
0.955986479
 40
0.955986479
 40
1.000000000
 40
1.000000000
 10
166.000000000
 20
200.406049992
 30
0.000000000
 10
167.848567888
 20
200.106758048
 30
0.000000000
  0
SPLINE
  5
A57
330
A02
100
AcDbEntity
  8
S08_Suspension_FrontF
100
AcDbSpline
210
0
220
0
230
1
 70
8
 71
1
 72
4
 73
2
 74
0
 40
0.000000000
 40
0.000000000
 40
0.910680188
 40
0.910680188
 10
124.551432112
 20
205.098405921
 30
0.000000000
 10
162.800000000
 20
198.905780644
 30
0.000000000
  0
SPLINE
  5
A58
330
A02
100
AcDbEntity
  8
S08_Suspension_FrontF
100
AcDbSpline
210
0
220
0
230
1
 70
8
 71
1
 72
4
 73
2
 74
0
 40
0.986870664
 40
0.986870664
 40
1.000000000
 40
1.000000000
 10
166.000000000
 20
198.387685406
 30
0.000000000
 10
166.551432112
 20
198.298405921
 30
0.000000000
  0
SPLINE
  5
A59
330
A02
100
AcDbEntity
  8
S08_Suspension_FrontF
100
AcDbSpline
210
0
220
0
230
1
 70
8
 71
1
 72
4
 73
2
 74
0
 40
0.000000000
 40
0.000000000
 40
0.918942058
 40
0.918942058
 10
122.366549461
 20
227.607395146
 30
0.000000000
 10
162.800000000
 20
228.342548792
 30
0.000000000
  0
SPLINE
  5
A5A
330
A02
100
AcDbEntity
  8
S08_Suspension_FrontF
100
AcDbSpline
210
0
220
0
230
1
 70
8
 71
1
 72
4
 73
2
 74
0
 40
0.991669330
 40
0.991669330
 40
1.000000000
 40
1.000000000
 10
166.000000000
 20
228.400730610
 30
0.000000000
 10
166.366549461
 20
228.407395146
 30
0.000000000
  0
SPLINE
  5
A5B
330
A02
100
AcDbEntity
  8
S08_Suspension_FrontF
100
AcDbSpline
210
0
220
0
230
1
 70
8
 71
1
 72
4
 73
2
 74
0
 40
0.000000000
 40
0.000000000
 40
0.935603397
 40
0.935603397
 10
121.633450539
 20
225.997768824
 30
0.000000000
 10
162.800000000
 20
226.746251541
 30
0.000000000
  0
SPLINE
  5
A5C
330
A02
100
AcDbEntity
  8
S08_Suspension_FrontF
100
AcDbSpline
210
0
220
0
230
1
 70
8
 71
1
 72
4
 73
2
 74
0
 40
0.000000000
 40
0.000000000
 40
0.102207557
 40
0.102207557
 10
124.034870741
 20
229.236595743
 30
0.000000000
 10
128.368471160
 20
229.154829697
 30
0.000000000
  0
SPLINE
  5
A5D
330
A02
100
AcDbEntity
  8
S08_Suspension_FrontF
100
AcDbSpline
210
0
220
0
230
1
 70
8
 71
1
 72
4
 73
2
 74
0
 40
0.140296562
 40
0.140296562
 40
0.914271916
 40
0.914271916
 10
129.983444976
 20
229.124358493
 30
0.000000000
 10
162.800000000
 20
228.505178210
 30
0.000000000
  0
SPLINE
  5
A5E
330
A02
100
AcDbEntity
  8
S08_Suspension_FrontF
100
AcDbSpline
210
0
220
0
230
1
 70
8
 71
1
 72
4
 73
2
 74
0
 40
0.989743615
 40
0.989743615
 40
1.000000000
 40
1.000000000
 10
166.000000000
 20
228.444800851
 30
0.000000000
 10
166.434870741
 20
228.436595743
 30
0.000000000
  0
SPLINE
  5
A5F
330
A02
100
AcDbEntity
  8
S08_Suspension_FrontF
100
AcDbSpline
210
0
220
0
230
1
 70
8
 71
1
 72
4
 73
2
 74
0
 40
0.053906322
 40
0.053906322
 40
0.834725811
 40
0.834725811
 10
162.800000000
 20
202.452827740
 30
0.000000000
 10
132.191876042
 20
226.189740197
 30
0.000000000
  0
SPLINE
  5
A60
330
A02
100
AcDbEntity
  8
S08_Suspension_FrontF
100
AcDbSpline
210
0
220
0
230
1
 70
8
 71
1
 72
4
 73
2
 74
0
 40
0.886032700
 40
0.886032700
 40
1.000000000
 40
1.000000000
 10
130.180645986
 20
227.749469628
 30
0.000000000
 10
125.713127842
 20
231.214075536
 30
0.000000000
  0
SPLINE
  5
A61
330
A02
100
AcDbEntity
  8
S08_Suspension_FrontF
100
AcDbSpline
210
0
220
0
230
1
 70
8
 71
1
 72
4
 73
2
 74
0
 40
0.068542657
 40
0.068542657
 40
0.810086982
 40
0.810086982
 10
162.800000000
 20
203.674785210
 30
0.000000000
 10
133.731462476
 20
226.217732677
 30
0.000000000
  0
SPLINE
  5
A62
330
A02
100
AcDbEntity
  8
S08_Suspension_FrontF
100
AcDbSpline
210
0
220
0
230
1
 70
8
 71
1
 72
4
 73
2
 74
0
 40
0.861393871
 40
0.861393871
 40
1.000000000
 40
1.000000000
 10
131.720232420
 20
227.777462109
 30
0.000000000
 10
126.286872158
 20
231.991088434
 30
0.000000000
  0
SPLINE
  5
A63
330
A02
100
AcDbEntity
  8
S08_Suspension_FrontF
100
AcDbSpline
210
0
220
0
230
1
 70
8
 71
1
 72
4
 73
2
 74
0
 40
0.000000000
 40
0.000000000
 40
0.533121784
 40
0.533121784
 10
125.265561587
 20
217.678241283
 30
0.000000000
 10
147.016930364
 20
214.692759294
 30
0.000000000
  0
SPLINE
  5
A64
330
A02
100
AcDbEntity
  8
S08_Suspension_FrontF
100
AcDbSpline
210
0
220
0
230
1
 70
8
 71
1
 72
4
 73
2
 74
0
 40
0.580046483
 40
0.580046483
 40
0.919961726
 40
0.919961726
 10
148.931458087
 20
214.429980979
 30
0.000000000
 10
162.800000000
 20
212.526455618
 30
0.000000000
  0
SPLINE
  5
A65
330
A02
100
AcDbEntity
  8
S08_Suspension_FrontF
100
AcDbSpline
210
0
220
0
230
1
 70
8
 71
1
 72
4
 73
2
 74
0
 40
0.998393098
 40
0.998393098
 40
1.000000000
 40
1.000000000
 10
166.000000000
 20
212.087239932
 30
0.000000000
 10
166.065561587
 20
212.078241283
 30
0.000000000
  0
SPLINE
  5
A66
330
A02
100
AcDbEntity
  8
S08_Suspension_FrontF
100
AcDbSpline
210
0
220
0
230
1
 70
8
 71
1
 72
4
 73
2
 74
0
 40
0.000000000
 40
0.000000000
 40
0.573558533
 40
0.573558533
 10
125.134438413
 20
216.726922687
 30
0.000000000
 10
148.535626552
 20
213.514994903
 30
0.000000000
  0
SPLINE
  5
A67
330
A02
100
AcDbEntity
  8
S08_Suspension_FrontF
100
AcDbSpline
210
0
220
0
230
1
 70
8
 71
1
 72
4
 73
2
 74
0
 40
0.620483232
 40
0.620483232
 40
0.923175529
 40
0.923175529
 10
150.450154275
 20
213.252216588
 30
0.000000000
 10
162.800000000
 20
211.557139724
 30
0.000000000
  0
SPLINE
  5
A68
330
A02
100
AcDbEntity
  8
S08_Suspension_FrontT
100
AcDbSpline
210
0
220
0
230
1
 70
8
 71
1
 72
17
 73
15
 74
0
 40
0.000000000
 40
0.000000000
 40
0.212739455
 40
0.425478910
 40
0.638218365
 40
0.850957820
 40
1.063697275
 40
1.276436730
 40
1.489176185
 40
1.701915640
 40
1.914655096
 40
2.127394551
 40
2.340134006
 40
2.552873461
 40
2.765612916
 40
2.978352371
 40
2.978352371
 10
101.122620949
 20
108.500396202
 30
0.000000000
 10
101.101569000
 20
108.418591714
 30
0.000000000
 10
101.048884959
 20
108.283667734
 30
0.000000000
 10
100.966944226
 20
108.101707667
 30
0.000000000
 10
100.859441314
 20
107.880915664
 30
0.000000000
 10
100.731223276
 20
107.631246715
 30
0.000000000
 10
100.588071162
 20
107.363957804
 30
0.000000000
 10
100.436439363
 20
107.091100358
 30
0.000000000
 10
100.283164599
 20
106.824976876
 30
0.000000000
 10
100.135157668
 20
106.577586238
 30
0.000000000
 10
99.999091853
 20
106.360082705
 30
0.000000000
 10
99.881102041
 20
106.182272998
 30
0.000000000
 10
99.786508114
 20
106.052174137
 30
0.000000000
 10
99.719575090
 20
105.975651973
 30
0.000000000
 10
99.683320820
 20
105.956156711
 30
0.000000000
  0
SPLINE
  5
A69
330
A02
100
AcDbEntity
  8
S08_Suspension_FrontT
100
AcDbSpline
210
0
220
0
230
1
 70
8
 71
1
 72
17
 73
15
 74
0
 40
2.978352371
 40
2.978352371
 40
3.202751846
 40
3.427151321
 40
3.651550797
 40
3.875950272
 40
4.100349747
 40
4.324749222
 40
4.549148698
 40
4.773548173
 40
4.997947648
 40
5.222347123
 40
5.446746599
 40
5.671146074
 40
5.895545549
 40
6.119945024
 40
6.119945024
 10
99.683320820
 20
105.956156711
 30
0.000000000
 10
99.680108413
 20
105.998324256
 30
0.000000000
 10
99.712994376
 20
106.102777330
 30
0.000000000
 10
99.780329670
 20
106.264278218
 30
0.000000000
 10
99.878737821
 20
106.474728592
 30
0.000000000
 10
100.003284235
 20
106.723575591
 30
0.000000000
 10
100.147723634
 20
106.998340987
 30
0.000000000
 10
100.304813223
 20
107.285246897
 30
0.000000000
 10
100.466675875
 20
107.569906660
 30
0.000000000
 10
100.625195120
 20
107.838046247
 30
0.000000000
 10
100.772422141
 20
108.076220019
 30
0.000000000
 10
100.900974361
 20
108.272484948
 30
0.000000000
 10
101.004405634
 20
108.416999493
 30
0.000000000
 10
101.077529486
 20
108.502517089
 30
0.000000000
 10
101.116679180
 20
108.524749529
 30
0.000000000
  0
SPLINE
  5
A6A
330
A02
100
AcDbEntity
  8
S08_Suspension_FrontT
100
AcDbSpline
210
0
220
0
230
1
 70
8
 71
2
 72
6
 73
3
 74
0
 40
6.119945024
 40
6.119945024
 40
6.119945024
 40
6.283185307
 40
6.283185307
 40
6.283185307
 10
101.116679180
 20
108.524749529
 30
0.000000000
 10
101.124436087
 20
108.521033079
 30
0.000000000
 10
101.122620949
 20
108.500396202
 30
0.000000000
  0
SPLINE
  5
A6B
330
A02
100
AcDbEntity
  8
S08_Suspension_FrontT
100
AcDbSpline
210
0
220
0
230
1
 70
8
 71
2
 72
6
 73
3
 74
0
 40
0.624275494
 40
0.624275494
 40
0.624275494
 40
0.999999984
 40
0.999999984
 40
0.999999984
 10
53.950135603
 20
129.723771938
 30
0.000000000
 10
53.328380548
 20
129.678175338
 30
0.000000000
 10
52.711305380
 20
129.615861215
 30
0.000000000
  0
SPLINE
  5
A6C
330
A02
100
AcDbEntity
  8
S08_Suspension_FrontT
100
AcDbSpline
210
0
220
0
230
1
 70
8
 71
3
 72
41
 73
37
 74
0
 40
2.978352371
 40
2.978352371
 40
2.978352371
 40
2.978352371
 40
3.088793480
 40
3.088793480
 40
3.088793480
 40
3.199234589
 40
3.199234589
 40
3.199234589
 40
3.309675697
 40
3.309675697
 40
3.309675697
 40
3.420116806
 40
3.420116806
 40
3.420116806
 40
3.530557915
 40
3.530557915
 40
3.530557915
 40
3.640999024
 40
3.640999024
 40
3.640999024
 40
3.751440133
 40
3.751440133
 40
3.751440133
 40
3.861881242
 40
3.861881242
 40
3.861881242
 40
3.972322351
 40
3.972322351
 40
3.972322351
 40
4.082763460
 40
4.082763460
 40
4.082763460
 40
4.193204569
 40
4.193204569
 40
4.193204569
 40
4.524527895
 40
4.524527895
 40
4.524527895
 40
4.524527895
 10
52.083320820
 20
128.356156711
 30
0.000000000
 10
52.081279199
 20
128.360410544
 30
0.000000000
 10
52.079237578
 20
128.364664378
 30
0.000000000
 10
52.077195957
 20
128.368918211
 30
0.000000000
 10
52.078090088
 20
128.378336531
 30
0.000000000
 10
52.078984219
 20
128.387754850
 30
0.000000000
 10
52.079878350
 20
128.397173169
 30
0.000000000
 10
52.083697338
 20
128.411641213
 30
0.000000000
 10
52.087516326
 20
128.426109257
 30
0.000000000
 10
52.091335315
 20
128.440577301
 30
0.000000000
 10
52.098032626
 20
128.459918779
 30
0.000000000
 10
52.104729937
 20
128.479260257
 30
0.000000000
 10
52.111427249
 20
128.498601735
 30
0.000000000
 10
52.120921278
 20
128.522580974
 30
0.000000000
 10
52.130415307
 20
128.546560213
 30
0.000000000
 10
52.139909336
 20
128.570539452
 30
0.000000000
 10
52.152084399
 20
128.598864269
 30
0.000000000
 10
52.164259462
 20
128.627189086
 30
0.000000000
 10
52.176434526
 20
128.655513902
 30
0.000000000
 10
52.191142272
 20
128.687839163
 30
0.000000000
 10
52.205850018
 20
128.720164424
 30
0.000000000
 10
52.220557765
 20
128.752489685
 30
0.000000000
 10
52.237618983
 20
128.788421512
 30
0.000000000
 10
52.254680201
 20
128.824353339
 30
0.000000000
 10
52.271741418
 20
128.860285165
 30
0.000000000
 10
52.290948219
 20
128.899385734
 30
0.000000000
 10
52.310155020
 20
128.938486303
 30
0.000000000
 10
52.329361821
 20
128.977586872
 30
0.000000000
 10
52.350480173
 20
129.019379749
 30
0.000000000
 10
52.371598526
 20
129.061172625
 30
0.000000000
 10
52.392716878
 20
129.102965502
 30
0.000000000
 10
52.415489457
 20
129.146941446
 30
0.000000000
 10
52.438262037
 20
129.190917391
 30
0.000000000
 10
52.461034616
 20
129.234893335
 30
0.000000000
 10
52.532239902
 20
129.370442656
 30
0.000000000
 10
52.608425396
 20
129.511493390
 30
0.000000000
 10
52.687198638
 20
129.653616108
 30
0.000000000
  0
SPLINE
  5
A6D
330
A02
100
AcDbEntity
  8
S08_Suspension_FrontT
100
AcDbSpline
210
0
220
0
230
1
 70
8
 71
2
 72
6
 73
3
 74
0
 40
0.000000000
 40
0.000000000
 40
0.000000000
 40
0.190977163
 40
0.190977163
 40
0.190977163
 10
94.027794483
 20
154.013901501
 30
0.000000000
 10
94.021069445
 20
154.039714212
 30
0.000000000
 10
94.028410849
 20
154.043869875
 30
0.000000000
  0
SPLINE
  5
A6E
330
A02
100
AcDbEntity
  8
S08_Suspension_FrontT
100
AcDbSpline
210
0
220
0
230
1
 70
8
 71
1
 72
17
 73
15
 74
0
 40
0.190977163
 40
0.190977163
 40
0.415376638
 40
0.639776113
 40
0.864175589
 40
1.088575064
 40
1.312974539
 40
1.537374014
 40
1.761773490
 40
1.986172965
 40
2.210572440
 40
2.434971915
 40
2.659371391
 40
2.883770866
 40
3.108170341
 40
3.332569816
 40
3.332569816
 10
94.028410849
 20
154.043869875
 30
0.000000000
 10
94.064923655
 20
154.023180680
 30
0.000000000
 10
94.138296258
 20
153.943184586
 30
0.000000000
 10
94.244849449
 20
153.807892931
 30
0.000000000
 10
94.379240208
 20
153.624089805
 30
0.000000000
 10
94.534729619
 20
153.400991863
 30
0.000000000
 10
94.703520795
 20
153.149786168
 30
0.000000000
 10
94.877149841
 20
152.883069222
 30
0.000000000
 10
95.046910272
 20
152.614215327
 30
0.000000000
 10
95.204289591
 20
152.356705940
 30
0.000000000
 10
95.341396142
 20
152.123453656
 30
0.000000000
 10
95.451354829
 20
151.926154719
 30
0.000000000
 10
95.528651866
 20
151.774702522
 30
0.000000000
 10
95.569411255
 20
151.676691510
 30
0.000000000
 10
95.571589151
 20
151.637036364
 30
0.000000000
  0
SPLINE
  5
A6F
330
A02
100
AcDbEntity
  8
S08_Suspension_FrontT
100
AcDbSpline
210
0
220
0
230
1
 70
8
 71
1
 72
17
 73
15
 74
0
 40
3.332569816
 40
3.332569816
 40
3.543328066
 40
3.754086315
 40
3.964844564
 40
4.175602814
 40
4.386361063
 40
4.597119312
 40
4.807877562
 40
5.018635811
 40
5.229394060
 40
5.440152310
 40
5.650910559
 40
5.861668808
 40
6.072427058
 40
6.283185307
 40
6.283185307
 10
95.571589151
 20
151.637036364
 30
0.000000000
 10
95.538376008
 20
151.654749536
 30
0.000000000
 10
95.472486137
 20
151.724935856
 30
0.000000000
 10
95.376835485
 20
151.844489238
 30
0.000000000
 10
95.255657057
 20
152.008118865
 30
0.000000000
 10
95.114313590
 20
152.208583329
 30
0.000000000
 10
94.959060218
 20
152.437011104
 30
0.000000000
 10
94.796767658
 20
152.683293149
 30
0.000000000
 10
94.634618145
 20
152.936530288
 30
0.000000000
 10
94.479787583
 20
153.185515544
 30
0.000000000
 10
94.339127977
 20
153.419230110
 30
0.000000000
 10
94.218864200
 20
153.627330981
 30
0.000000000
 10
94.124318506
 20
153.800608680
 30
0.000000000
 10
94.059675004
 20
153.931394828
 30
0.000000000
 10
94.027794483
 20
154.013901501
 30
0.000000000
  0
SPLINE
  5
A70
330
A02
100
AcDbEntity
  8
S08_Suspension_FrontT
100
AcDbSpline
210
0
220
0
230
1
 70
8
 71
2
 72
24
 73
21
 74
0
 40
4.918340252
 40
4.918340252
 40
4.918340252
 40
5.210807050
 40
5.210807050
 40
5.405784915
 40
5.405784915
 40
5.600762780
 40
5.600762780
 40
5.698251712
 40
5.698251712
 40
5.795740645
 40
5.795740645
 40
5.893229577
 40
5.893229577
 40
5.990718510
 40
5.990718510
 40
6.088207442
 40
6.088207442
 40
6.185696375
 40
6.185696375
 40
6.283185307
 40
6.283185307
 40
6.283185307
 10
52.711305380
 20
129.615861215
 30
0.000000000
 10
52.598272708
 20
129.792857098
 30
0.000000000
 10
52.492968910
 20
129.964013854
 30
0.000000000
 10
52.424120104
 20
130.076532757
 30
0.000000000
 10
52.360828016
 20
130.182604994
 30
0.000000000
 10
52.299378617
 20
130.286402456
 30
0.000000000
 10
52.245330020
 20
130.380650701
 30
0.000000000
 10
52.220274640
 20
130.425117957
 30
0.000000000
 10
52.195219261
 20
130.469585214
 30
0.000000000
 10
52.173035552
 20
130.510115516
 30
0.000000000
 10
52.150851843
 20
130.550645819
 30
0.000000000
 10
52.131750474
 20
130.586854268
 30
0.000000000
 10
52.112649104
 20
130.623062717
 30
0.000000000
 10
52.096811472
 20
130.654605458
 30
0.000000000
 10
52.080973839
 20
130.686148198
 30
0.000000000
 10
52.068550347
 20
130.712725682
 30
0.000000000
 10
52.056126854
 20
130.739303165
 30
0.000000000
 10
52.047235482
 20
130.760662998
 30
0.000000000
 10
52.038344111
 20
130.782022830
 30
0.000000000
 10
52.033069297
 20
130.797962165
 30
0.000000000
 10
52.027794483
 20
130.813901501
 30
0.000000000
  0
SPLINE
  5
A71
330
A02
100
AcDbEntity
  8
S08_Suspension_FrontT
100
AcDbSpline
210
0
220
0
230
1
 70
8
 71
2
 72
6
 73
3
 74
0
 40
0.000000000
 40
0.000000000
 40
0.000000000
 40
0.190977163
 40
0.190977163
 40
0.190977163
 10
52.027794483
 20
130.813901501
 30
0.000000000
 10
52.021069445
 20
130.839714212
 30
0.000000000
 10
52.028410849
 20
130.843869875
 30
0.000000000
  0
SPLINE
  5
A72
330
A02
100
AcDbEntity
  8
S08_Suspension_FrontT
100
AcDbSpline
210
0
220
0
230
1
 70
8
 71
1
 72
17
 73
15
 74
0
 40
2.996260935
 40
2.996260935
 40
3.220660410
 40
3.445059885
 40
3.669459361
 40
3.893858836
 40
4.118258311
 40
4.342657787
 40
4.567057262
 40
4.791456737
 40
5.015856212
 40
5.240255688
 40
5.464655163
 40
5.689054638
 40
5.913454113
 40
6.137853589
 40
6.137853589
 10
97.432726289
 20
109.860629633
 30
0.000000000
 10
97.449016958
 20
109.894359917
 30
0.000000000
 10
97.492936218
 20
109.995588935
 30
0.000000000
 10
97.562281772
 20
110.159240641
 30
0.000000000
 10
97.653576347
 20
110.377108855
 30
0.000000000
 10
97.762242050
 20
110.638268756
 30
0.000000000
 10
97.882829930
 20
110.929624695
 30
0.000000000
 10
98.009293206
 20
111.236566870
 30
0.000000000
 10
98.135290482
 20
111.543703917
 30
0.000000000
 10
98.254503728
 20
111.835634703
 30
0.000000000
 10
98.360955095
 20
112.097720599
 30
0.000000000
 10
98.449306666
 20
112.316819524
 30
0.000000000
 10
98.515128124
 20
112.481944943
 30
0.000000000
 10
98.555118908
 20
112.584816778
 30
0.000000000
 10
98.567273711
 20
112.620276606
 30
0.000000000
  0
SPLINE
  5
A73
330
A02
100
AcDbEntity
  8
S08_Suspension_FrontT
100
AcDbSpline
210
0
220
0
230
1
 70
8
 71
2
 72
6
 73
3
 74
0
 40
6.137853589
 40
6.137853589
 40
6.137853589
 40
6.283185307
 40
6.283185307
 40
6.283185307
 10
98.567273711
 20
112.620276606
 30
0.000000000
 10
98.566579973
 20
112.620517488
 30
0.000000000
 10
98.559947618
 20
112.606293206
 30
0.000000000
  0
SPLINE
  5
A74
330
A02
100
AcDbEntity
  8
S08_Suspension_FrontT
100
AcDbSpline
210
0
220
0
230
1
 70
8
 71
2
 72
6
 73
3
 74
0
 40
0.026580722
 40
0.026580722
 40
0.026580722
 40
0.040176730
 40
0.040176730
 40
0.040176730
 10
57.698204797
 20
129.710978152
 30
0.000000000
 10
57.716193444
 20
129.703325911
 30
0.000000000
 10
57.701851753
 20
129.696792575
 30
0.000000000
  0
SPLINE
  5
A75
330
A02
100
AcDbEntity
  8
S08_Suspension_FrontT
100
AcDbSpline
210
0
220
0
230
1
 70
8
 71
3
 72
14
 73
10
 74
0
 40
0.040176730
 40
0.040176730
 40
0.040176730
 40
0.040176730
 40
0.069249936
 40
0.069249936
 40
0.069249936
 40
0.105770543
 40
0.105770543
 40
0.105770543
 40
0.180399509
 40
0.180399509
 40
0.180399509
 40
0.180399509
 10
57.701851753
 20
129.696792575
 30
0.000000000
 10
57.681535710
 20
129.688677041
 30
0.000000000
 10
57.646168525
 20
129.684931528
 30
0.000000000
 10
57.613311652
 20
129.681266585
 30
0.000000000
 10
57.570553384
 20
129.677046088
 30
0.000000000
 10
57.526534761
 20
129.673605587
 30
0.000000000
 10
57.481255781
 20
129.670945079
 30
0.000000000
 10
57.388817549
 20
129.665503235
 30
0.000000000
 10
57.295065622
 20
129.661126874
 30
0.000000000
 10
57.200000000
 20
129.657815994
 30
0.000000000
  0
SPLINE
  5
A76
330
A02
100
AcDbEntity
  8
S08_Suspension_FrontT
100
AcDbSpline
210
0
220
0
230
1
 70
8
 71
2
 72
28
 73
25
 74
0
 40
1.428778035
 40
1.428778035
 40
1.428778035
 40
1.652704164
 40
1.652704164
 40
1.876630292
 40
1.876630292
 40
1.988593356
 40
1.988593356
 40
2.100556421
 40
2.100556421
 40
2.212519485
 40
2.212519485
 40
2.324482549
 40
2.324482549
 40
2.436445614
 40
2.436445614
 40
2.548408678
 40
2.548408678
 40
2.660371742
 40
2.660371742
 40
2.772334806
 40
2.772334806
 40
2.884297871
 40
2.884297871
 40
2.996260935
 40
2.996260935
 40
2.996260935
 10
53.988827229
 20
129.639767412
 30
0.000000000
 10
53.925258343
 20
129.485060654
 30
0.000000000
 10
53.863145230
 20
129.333380538
 30
0.000000000
 10
53.801790765
 20
129.183402662
 30
0.000000000
 10
53.744296901
 20
129.042326944
 30
0.000000000
 10
53.716804212
 20
128.974734467
 30
0.000000000
 10
53.689311522
 20
128.907141989
 30
0.000000000
 10
53.663764153
 20
128.844141007
 30
0.000000000
 10
53.638216783
 20
128.781140024
 30
0.000000000
 10
53.614934653
 20
128.723519475
 30
0.000000000
 10
53.591652524
 20
128.665898926
 30
0.000000000
 10
53.570927188
 20
128.614380372
 30
0.000000000
 10
53.550201852
 20
128.562861817
 30
0.000000000
 10
53.532292846
 20
128.518090405
 30
0.000000000
 10
53.514383840
 20
128.473318994
 30
0.000000000
 10
53.499515431
 20
128.435855381
 30
0.000000000
 10
53.484647023
 20
128.398391768
 30
0.000000000
 10
53.473005404
 20
128.368705098
 30
0.000000000
 10
53.461363784
 20
128.339018427
 30
0.000000000
 10
53.453094738
 20
128.317480455
 30
0.000000000
 10
53.444825692
 20
128.295942482
 30
0.000000000
 10
53.440032770
 20
128.282822919
 30
0.000000000
 10
53.435239847
 20
128.269703356
 30
0.000000000
 10
53.433983068
 20
128.265166495
 30
0.000000000
 10
53.432726289
 20
128.260629633
 30
0.000000000
  0
SPLINE
  5
A77
330
A02
100
AcDbEntity
  8
S08_Suspension_FrontT
100
AcDbSpline
210
0
220
0
230
1
 70
8
 71
2
 72
28
 73
25
 74
0
 40
2.996260935
 40
2.996260935
 40
2.996260935
 40
3.107290618
 40
3.107290618
 40
3.218320302
 40
3.218320302
 40
3.329349985
 40
3.329349985
 40
3.440379668
 40
3.440379668
 40
3.551409352
 40
3.551409352
 40
3.662439035
 40
3.662439035
 40
3.773468718
 40
3.773468718
 40
3.884498402
 40
3.884498402
 40
3.995528085
 40
3.995528085
 40
4.106557768
 40
4.106557768
 40
4.328617135
 40
4.328617135
 40
4.550676502
 40
4.550676502
 40
4.550676502
 10
53.432726289
 20
128.260629633
 30
0.000000000
 10
53.434987625
 20
128.264662440
 30
0.000000000
 10
53.437248960
 20
128.268695246
 30
0.000000000
 10
53.442975416
 20
128.281174605
 30
0.000000000
 10
53.448701872
 20
128.293653964
 30
0.000000000
 10
53.457822928
 20
128.314426192
 30
0.000000000
 10
53.466943983
 20
128.335198420
 30
0.000000000
 10
53.479347313
 20
128.364007710
 30
0.000000000
 10
53.491750643
 20
128.392817000
 30
0.000000000
 10
53.507283500
 20
128.429308566
 30
0.000000000
 10
53.522816358
 20
128.465800133
 30
0.000000000
 10
53.541287458
 20
128.509524585
 30
0.000000000
 10
53.559758557
 20
128.553249037
 30
0.000000000
 10
53.580940429
 20
128.603667911
 30
0.000000000
 10
53.602122300
 20
128.654086785
 30
0.000000000
 10
53.625754090
 20
128.710579176
 30
0.000000000
 10
53.649385879
 20
128.767071567
 30
0.000000000
 10
53.675176563
 20
128.828941775
 30
0.000000000
 10
53.700967248
 20
128.890811983
 30
0.000000000
 10
53.728599216
 20
128.957298081
 30
0.000000000
 10
53.756231184
 20
129.023784179
 30
0.000000000
 10
53.813856512
 20
129.162706468
 30
0.000000000
 10
53.875047504
 20
129.310780212
 30
0.000000000
 10
53.936919585
 20
129.460650932
 30
0.000000000
 10
54.000000000
 20
129.613965845
 30
0.000000000
  0
SPLINE
  5
A78
330
A02
100
AcDbEntity
  8
S08_Suspension_FrontT
100
AcDbSpline
210
0
220
0
230
1
 70
8
 71
2
 72
6
 73
3
 74
0
 40
0.000000000
 40
0.000000000
 40
0.000000000
 40
0.157183160
 40
0.157183160
 40
0.157183160
 10
95.788426743
 20
150.163514286
 30
0.000000000
 10
95.781574065
 20
150.180321952
 30
0.000000000
 10
95.782299720
 20
150.180710558
 30
0.000000000
  0
SPLINE
  5
A79
330
A02
100
AcDbEntity
  8
S08_Suspension_FrontT
100
AcDbSpline
210
0
220
0
230
1
 70
8
 71
1
 72
17
 73
15
 74
0
 40
0.157183160
 40
0.157183160
 40
0.381582635
 40
0.605982110
 40
0.830381585
 40
1.054781061
 40
1.279180536
 40
1.503580011
 40
1.727979486
 40
1.952378962
 40
2.176778437
 40
2.401177912
 40
2.625577387
 40
2.849976863
 40
3.074376338
 40
3.298775813
 40
3.298775813
 10
95.782299720
 20
150.180710558
 30
0.000000000
 10
95.799901843
 20
150.148065281
 30
0.000000000
 10
95.847595393
 20
150.049850870
 30
0.000000000
 10
95.922988816
 20
149.890992206
 30
0.000000000
 10
96.022301573
 20
149.679455126
 30
0.000000000
 10
96.140553705
 20
149.425846981
 30
0.000000000
 10
96.271815558
 20
149.142884744
 30
0.000000000
 10
96.409505115
 20
148.844757322
 30
0.000000000
 10
96.546718045
 20
148.546414070
 30
0.000000000
 10
96.676573919
 20
148.262815164
 30
0.000000000
 10
96.792561223
 20
148.008181436
 30
0.000000000
 10
96.888863868
 20
147.795281286
 30
0.000000000
 10
96.960652837
 20
147.634790416
 30
0.000000000
 10
97.004328331
 20
147.534756509
 30
0.000000000
 10
97.017700280
 20
147.500195681
 30
0.000000000
  0
SPLINE
  5
A7A
330
A02
100
AcDbEntity
  8
S08_Suspension_FrontT
100
AcDbSpline
210
0
220
0
230
1
 70
8
 71
1
 72
17
 73
15
 74
0
 40
3.298775813
 40
3.298775813
 40
3.511947920
 40
3.725120027
 40
3.938292133
 40
4.151464240
 40
4.364636347
 40
4.577808453
 40
4.790980560
 40
5.004152667
 40
5.217324774
 40
5.430496880
 40
5.643668987
 40
5.856841094
 40
6.070013200
 40
6.283185307
 40
6.283185307
 10
97.017700280
 20
147.500195681
 30
0.000000000
 10
97.001707558
 20
147.529622157
 30
0.000000000
 10
96.958475221
 20
147.618390636
 30
0.000000000
 10
96.889960417
 20
147.762482524
 30
0.000000000
 10
96.799264849
 20
147.955374706
 30
0.000000000
 10
96.690494352
 20
148.188334850
 30
0.000000000
 10
96.568573024
 20
148.450816730
 30
0.000000000
 10
96.439020306
 20
148.730937654
 30
0.000000000
 10
96.307701119
 20
149.016016400
 30
0.000000000
 10
96.180560351
 20
149.293147304
 30
0.000000000
 10
96.063353730
 20
149.549784506
 30
0.000000000
 10
95.961387262
 20
149.774309904
 30
0.000000000
 10
95.879277023
 20
149.956559117
 30
0.000000000
 10
95.820740186
 20
150.088281626
 30
0.000000000
 10
95.788426743
 20
150.163514286
 30
0.000000000
  0
SPLINE
  5
A7B
330
A02
100
AcDbEntity
  8
S08_Suspension_FrontT
100
AcDbSpline
210
0
220
0
230
1
 70
8
 71
2
 72
26
 73
23
 74
0
 40
4.854185447
 40
4.854185447
 40
4.854185447
 40
5.160399703
 40
5.160399703
 40
5.364542540
 40
5.364542540
 40
5.466613959
 40
5.466613959
 40
5.568685377
 40
5.568685377
 40
5.670756796
 40
5.670756796
 40
5.772828214
 40
5.772828214
 40
5.874899633
 40
5.874899633
 40
5.976971051
 40
5.976971051
 40
6.079042470
 40
6.079042470
 40
6.181113889
 40
6.181113889
 40
6.283185307
 40
6.283185307
 40
6.283185307
 10
54.000000000
 20
129.615528111
 30
0.000000000
 10
53.904890465
 20
129.821891381
 30
0.000000000
 10
53.813771485
 20
130.020641963
 30
0.000000000
 10
53.754005434
 20
130.151104983
 30
0.000000000
 10
53.698224568
 20
130.273295289
 30
0.000000000
 10
53.671546819
 20
130.331839782
 30
0.000000000
 10
53.644869069
 20
130.390384274
 30
0.000000000
 10
53.620039692
 20
130.445025550
 30
0.000000000
 10
53.595210316
 20
130.499666827
 30
0.000000000
 10
53.572487775
 20
130.549836096
 30
0.000000000
 10
53.549765234
 20
130.600005366
 30
0.000000000
 10
53.529386060
 20
130.645180391
 30
0.000000000
 10
53.509006886
 20
130.690355416
 30
0.000000000
 10
53.491183216
 20
130.730065945
 30
0.000000000
 10
53.473359546
 20
130.769776474
 30
0.000000000
 10
53.458276917
 20
130.803609139
 30
0.000000000
 10
53.443194287
 20
130.837441805
 30
0.000000000
 10
53.431009701
 20
130.865044424
 30
0.000000000
 10
53.418825115
 20
130.892647043
 30
0.000000000
 10
53.409665408
 20
130.913732286
 30
0.000000000
 10
53.400505702
 20
130.934817529
 30
0.000000000
 10
53.394466222
 20
130.949165907
 30
0.000000000
 10
53.388426743
 20
130.963514286
 30
0.000000000
  0
SPLINE
  5
A7C
330
A02
100
AcDbEntity
  8
S08_Suspension_FrontT
100
AcDbSpline
210
0
220
0
230
1
 70
8
 71
2
 72
6
 73
3
 74
0
 40
0.000000000
 40
0.000000000
 40
0.000000000
 40
0.157183160
 40
0.157183160
 40
0.157183160
 10
53.388426743
 20
130.963514286
 30
0.000000000
 10
53.381574065
 20
130.980321952
 30
0.000000000
 10
53.382299720
 20
130.980710558
 30
0.000000000
  0
SPLINE
  5
A7D
330
A02
100
AcDbEntity
  8
S08_Suspension_FrontT
100
AcDbSpline
210
0
220
0
230
1
 70
8
 71
1
 72
4
 73
2
 74
0
 40
0.000000000
 40
0.000000000
 40
0.048940481
 40
0.048940481
 10
93.943536746
 20
137.233539252
 30
0.000000000
 10
93.929145602
 20
137.233215609
 30
0.000000000
  0
SPLINE
  5
A7E
330
A02
100
AcDbEntity
  8
S08_Suspension_FrontT
100
AcDbSpline
210
0
220
0
230
1
 70
8
 71
1
 72
17
 73
15
 74
0
 40
0.048940481
 40
0.048940481
 40
0.273339956
 40
0.497739431
 40
0.722138907
 40
0.946538382
 40
1.170937857
 40
1.395337332
 40
1.619736808
 40
1.844136283
 40
2.068535758
 40
2.292935233
 40
2.517334709
 40
2.741734184
 40
2.966133659
 40
3.190533134
 40
3.190533134
 10
93.929145602
 20
137.233215609
 30
0.000000000
 10
93.865848658
 20
137.195342390
 30
0.000000000
 10
93.809278623
 20
137.099558201
 30
0.000000000
 10
93.762272154
 20
136.950666061
 30
0.000000000
 10
93.727186352
 20
136.756132043
 30
0.000000000
 10
93.705780565
 20
136.525710895
 30
0.000000000
 10
93.699128170
 20
136.270956897
 30
0.000000000
 10
93.707562744
 20
136.004644476
 30
0.000000000
 10
93.730661343
 20
135.740127650
 30
0.000000000
 10
93.767265708
 20
135.490670398
 30
0.000000000
 10
93.815540341
 20
135.268781547
 30
0.000000000
 10
93.873064552
 20
135.085587530
 30
0.000000000
 10
93.936953837
 20
134.950274462
 30
0.000000000
 10
94.004004519
 20
134.869627503
 30
0.000000000
 10
94.070854398
 20
134.847690630
 30
0.000000000
  0
SPLINE
  5
A7F
330
A02
100
AcDbEntity
  8
S08_Suspension_FrontT
100
AcDbSpline
210
0
220
0
230
1
 70
8
 71
1
 72
17
 73
15
 74
0
 40
3.190533134
 40
3.190533134
 40
3.411436861
 40
3.632340588
 40
3.853244314
 40
4.074148041
 40
4.295051768
 40
4.515955494
 40
4.736859221
 40
4.957762947
 40
5.178666674
 40
5.399570401
 40
5.620474127
 40
5.841377854
 40
6.062281581
 40
6.283185307
 40
6.283185307
 10
94.070854398
 20
134.847690630
 30
0.000000000
 10
94.133208984
 20
134.884521045
 30
0.000000000
 10
94.189089568
 20
134.977530150
 30
0.000000000
 10
94.235780335
 20
135.122197671
 30
0.000000000
 10
94.271012098
 20
135.311492716
 30
0.000000000
 10
94.293072581
 20
135.536215484
 30
0.000000000
 10
94.300889638
 20
135.785444372
 30
0.000000000
 10
94.294083357
 20
136.047066771
 30
0.000000000
 10
94.272984525
 20
136.308367744
 30
0.000000000
 10
94.238618553
 20
136.556647976
 30
0.000000000
 10
94.192655638
 20
136.779840963
 30
0.000000000
 10
94.137329595
 20
136.967099451
 30
0.000000000
 10
94.075329286
 20
137.109322614
 30
0.000000000
 10
94.009667949
 20
137.199598358
 30
0.000000000
 10
93.943536746
 20
137.233539252
 30
0.000000000
  0
SPLINE
  5
A80
330
A02
100
AcDbEntity
  8
S08_Suspension_FrontT
100
AcDbSpline
210
0
220
0
230
1
 70
8
 71
1
 72
17
 73
15
 74
0
 40
0.000000000
 40
0.000000000
 40
0.224119365
 40
0.448238729
 40
0.672358094
 40
0.896477459
 40
1.120596823
 40
1.344716188
 40
1.568835553
 40
1.792954917
 40
2.017074282
 40
2.241193646
 40
2.465313011
 40
2.689432376
 40
2.913551740
 40
3.137671105
 40
3.137671105
 10
94.813363111
 20
138.040322109
 30
0.000000000
 10
94.827522779
 20
138.009125662
 30
0.000000000
 10
94.840305768
 20
137.919472692
 30
0.000000000
 10
94.851072680
 20
137.775847604
 30
0.000000000
 10
94.859284957
 20
137.585434466
 30
0.000000000
 10
94.864531825
 20
137.357757666
 30
0.000000000
 10
94.866550837
 20
137.104205505
 30
0.000000000
 10
94.865241004
 20
136.837460556
 30
0.000000000
 10
94.860667842
 20
136.570865295
 30
0.000000000
 10
94.853060099
 20
136.317754706
 30
0.000000000
 10
94.842798313
 20
136.090789278
 30
0.000000000
 10
94.830395772
 20
135.901321729
 30
0.000000000
 10
94.816472847
 20
135.758829149
 30
0.000000000
 10
94.801725956
 20
135.670438957
 30
0.000000000
 10
94.786892735
 20
135.640572395
 30
0.000000000
  0
SPLINE
  5
A81
330
A02
100
AcDbEntity
  8
S08_Suspension_FrontT
100
AcDbSpline
210
0
220
0
230
1
 70
8
 71
1
 72
17
 73
15
 74
0
 40
3.137671105
 40
3.137671105
 40
3.362070580
 40
3.586470056
 40
3.810869531
 40
4.035269006
 40
4.259668481
 40
4.484067957
 40
4.708467432
 40
4.932866907
 40
5.157266382
 40
5.381665858
 40
5.606065333
 40
5.830464808
 40
6.054864283
 40
6.279263759
 40
6.279263759
 10
94.786892735
 20
135.640572395
 30
0.000000000
 10
94.772698125
 20
135.670798295
 30
0.000000000
 10
94.759872546
 20
135.759675571
 30
0.000000000
 10
94.749059125
 20
135.902747547
 30
0.000000000
 10
94.740800092
 20
136.092839996
 30
0.000000000
 10
94.735509589
 20
136.320420888
 30
0.000000000
 10
94.733452905
 20
136.574078368
 30
0.000000000
 10
94.734733170
 20
136.841092991
 30
0.000000000
 10
94.739286187
 20
137.108075527
 30
0.000000000
 10
94.746883648
 20
137.361638359
 30
0.000000000
 10
94.757144584
 20
137.589066786
 30
0.000000000
 10
94.769554470
 20
137.778956598
 30
0.000000000
 10
94.783491022
 20
137.921785927
 30
0.000000000
 10
94.798255403
 20
138.010392714
 30
0.000000000
 10
94.813107265
 20
138.040333844
 30
0.000000000
  0
SPLINE
  5
A82
330
A02
100
AcDbEntity
  8
S08_Suspension_FrontT
100
AcDbSpline
210
0
220
0
230
1
 70
8
 71
1
 72
4
 73
2
 74
0
 40
6.279263759
 40
6.279263759
 40
6.283185307
 40
6.283185307
 10
94.813107265
 20
138.040333844
 30
0.000000000
 10
94.813363111
 20
138.040322109
 30
0.000000000
  0
SPLINE
  5
A83
330
A02
100
AcDbEntity
  8
S08_Suspension_FrontT
100
AcDbSpline
210
0
220
0
230
1
 70
8
 71
1
 72
17
 73
15
 74
0
 40
3.137671105
 40
3.137671105
 40
3.362070580
 40
3.586470056
 40
3.810869531
 40
4.035269006
 40
4.259668481
 40
4.484067957
 40
4.708467432
 40
4.932866907
 40
5.157266382
 40
5.381665858
 40
5.606065333
 40
5.830464808
 40
6.054864283
 40
6.279263759
 40
6.279263759
 10
53.986892735
 20
136.040572395
 30
0.000000000
 10
53.972698125
 20
136.070798295
 30
0.000000000
 10
53.959872546
 20
136.159675571
 30
0.000000000
 10
53.949059125
 20
136.302747547
 30
0.000000000
 10
53.940800092
 20
136.492839996
 30
0.000000000
 10
53.935509589
 20
136.720420888
 30
0.000000000
 10
53.933452905
 20
136.974078368
 30
0.000000000
 10
53.934733170
 20
137.241092991
 30
0.000000000
 10
53.939286187
 20
137.508075527
 30
0.000000000
 10
53.946883648
 20
137.761638359
 30
0.000000000
 10
53.957144584
 20
137.989066786
 30
0.000000000
 10
53.969554470
 20
138.178956598
 30
0.000000000
 10
53.983491022
 20
138.321785927
 30
0.000000000
 10
53.998255403
 20
138.410392714
 30
0.000000000
 10
54.013107265
 20
138.440333844
 30
0.000000000
  0
SPLINE
  5
A84
330
A02
100
AcDbEntity
  8
S08_Suspension_FrontT
100
AcDbSpline
210
0
220
0
230
1
 70
8
 71
1
 72
4
 73
2
 74
0
 40
6.279263759
 40
6.279263759
 40
6.283185307
 40
6.283185307
 10
54.013107265
 20
138.440333844
 30
0.000000000
 10
54.013363111
 20
138.440322109
 30
0.000000000
  0
LINE
  5
A85
330
A02
100
AcDbEntity
  8
S08_Suspension_FrontT
100
AcDbLine
 10
57.200000000
 20
126.440453120
 30
0.000000000
 11
54.000000000
 21
126.440453120
 31
0.000000000
  0
LINE
  5
A86
330
A02
100
AcDbEntity
  8
S08_Suspension_FrontT
100
AcDbLine
 10
57.200000000
 20
132.840453120
 30
0.000000000
 11
54.000000000
 21
132.840453120
 31
0.000000000
  0
LINE
  5
A87
330
A02
100
AcDbEntity
  8
S08_Suspension_FrontT
100
AcDbLine
 10
57.200000000
 20
126.440453120
 30
0.000000000
 11
57.200000000
 21
132.840453120
 31
0.000000000
  0
LINE
  5
A88
330
A02
100
AcDbEntity
  8
S08_Suspension_FrontT
100
AcDbLine
 10
54.000000000
 20
126.440453120
 30
0.000000000
 11
54.000000000
 21
132.840453120
 31
0.000000000
  0
SPLINE
  5
A89
330
A02
100
AcDbEntity
  8
S08_Suspension_FrontT
100
AcDbSpline
210
0
220
0
230
1
 70
8
 71
2
 72
6
 73
3
 74
0
 40
0.000000000
 40
0.000000000
 40
0.000000000
 40
0.163240283
 40
0.163240283
 40
0.163240283
 10
118.877379051
 20
108.500396202
 30
0.000000000
 10
118.875563913
 20
108.521033079
 30
0.000000000
 10
118.883320820
 20
108.524749529
 30
0.000000000
  0
SPLINE
  5
A8A
330
A02
100
AcDbEntity
  8
S08_Suspension_FrontT
100
AcDbSpline
210
0
220
0
230
1
 70
8
 71
1
 72
17
 73
15
 74
0
 40
0.163240283
 40
0.163240283
 40
0.387639758
 40
0.612039233
 40
0.836438709
 40
1.060838184
 40
1.285237659
 40
1.509637134
 40
1.734036610
 40
1.958436085
 40
2.182835560
 40
2.407235035
 40
2.631634511
 40
2.856033986
 40
3.080433461
 40
3.304832936
 40
3.304832936
 10
118.883320820
 20
108.524749529
 30
0.000000000
 10
118.922470514
 20
108.502517089
 30
0.000000000
 10
118.995594366
 20
108.416999493
 30
0.000000000
 10
119.099025639
 20
108.272484948
 30
0.000000000
 10
119.227577859
 20
108.076220019
 30
0.000000000
 10
119.374804880
 20
107.838046247
 30
0.000000000
 10
119.533324125
 20
107.569906660
 30
0.000000000
 10
119.695186777
 20
107.285246897
 30
0.000000000
 10
119.852276366
 20
106.998340987
 30
0.000000000
 10
119.996715765
 20
106.723575591
 30
0.000000000
 10
120.121262179
 20
106.474728592
 30
0.000000000
 10
120.219670330
 20
106.264278218
 30
0.000000000
 10
120.287005624
 20
106.102777330
 30
0.000000000
 10
120.319891587
 20
105.998324256
 30
0.000000000
 10
120.316679180
 20
105.956156711
 30
0.000000000
  0
SPLINE
  5
A8B
330
A02
100
AcDbEntity
  8
S08_Suspension_FrontT
100
AcDbSpline
210
0
220
0
230
1
 70
8
 71
1
 72
17
 73
15
 74
0
 40
3.304832936
 40
3.304832936
 40
3.517572391
 40
3.730311846
 40
3.943051302
 40
4.155790757
 40
4.368530212
 40
4.581269667
 40
4.794009122
 40
5.006748577
 40
5.219488032
 40
5.432227487
 40
5.644966942
 40
5.857706397
 40
6.070445852
 40
6.283185307
 40
6.283185307
 10
120.316679180
 20
105.956156711
 30
0.000000000
 10
120.280424910
 20
105.975651973
 30
0.000000000
 10
120.213491886
 20
106.052174137
 30
0.000000000
 10
120.118897959
 20
106.182272998
 30
0.000000000
 10
120.000908147
 20
106.360082705
 30
0.000000000
 10
119.864842332
 20
106.577586238
 30
0.000000000
 10
119.716835401
 20
106.824976876
 30
0.000000000
 10
119.563560637
 20
107.091100358
 30
0.000000000
 10
119.411928838
 20
107.363957804
 30
0.000000000
 10
119.268776724
 20
107.631246715
 30
0.000000000
 10
119.140558686
 20
107.880915664
 30
0.000000000
 10
119.033055774
 20
108.101707667
 30
0.000000000
 10
118.951115041
 20
108.283667734
 30
0.000000000
 10
118.898431000
 20
108.418591714
 30
0.000000000
 10
118.877379051
 20
108.500396202
 30
0.000000000
  0
SPLINE
  5
A8C
330
A02
100
AcDbEntity
  8
S08_Suspension_FrontT
100
AcDbSpline
210
0
220
0
230
1
 70
8
 71
2
 72
28
 73
25
 74
0
 40
1.758657412
 40
1.758657412
 40
1.758657412
 40
1.979539630
 40
1.979539630
 40
2.200421847
 40
2.200421847
 40
2.310862956
 40
2.310862956
 40
2.421304065
 40
2.421304065
 40
2.531745174
 40
2.531745174
 40
2.642186283
 40
2.642186283
 40
2.752627392
 40
2.752627392
 40
2.863068501
 40
2.863068501
 40
2.973509610
 40
2.973509610
 40
3.083950719
 40
3.083950719
 40
3.194391827
 40
3.194391827
 40
3.304832936
 40
3.304832936
 40
3.304832936
 10
167.312801362
 20
129.653616108
 30
0.000000000
 10
167.391473963
 20
129.511467092
 30
0.000000000
 10
167.466517404
 20
129.371762852
 30
0.000000000
 10
167.540123581
 20
129.233507594
 30
0.000000000
 10
167.607283122
 20
129.102965502
 30
0.000000000
 10
167.638960650
 20
129.040276187
 30
0.000000000
 10
167.670638179
 20
128.977586872
 30
0.000000000
 10
167.699448380
 20
128.918936019
 30
0.000000000
 10
167.728258582
 20
128.860285165
 30
0.000000000
 10
167.753850408
 20
128.806387425
 30
0.000000000
 10
167.779442235
 20
128.752489685
 30
0.000000000
 10
167.801503855
 20
128.704001794
 30
0.000000000
 10
167.823565474
 20
128.655513902
 30
0.000000000
 10
167.841828069
 20
128.613026677
 30
0.000000000
 10
167.860090664
 20
128.570539452
 30
0.000000000
 10
167.874331708
 20
128.534570594
 30
0.000000000
 10
167.888572751
 20
128.498601735
 30
0.000000000
 10
167.898618718
 20
128.469589518
 30
0.000000000
 10
167.908664685
 20
128.440577301
 30
0.000000000
 10
167.914393168
 20
128.418875235
 30
0.000000000
 10
167.920121650
 20
128.397173169
 30
0.000000000
 10
167.921462846
 20
128.383045690
 30
0.000000000
 10
167.922804043
 20
128.368918211
 30
0.000000000
 10
167.919741611
 20
128.362537461
 30
0.000000000
 10
167.916679180
 20
128.356156711
 30
0.000000000
  0
SPLINE
  5
A8D
330
A02
100
AcDbEntity
  8
S08_Suspension_FrontT
100
AcDbSpline
210
0
220
0
230
1
 70
8
 71
2
 72
6
 73
3
 74
0
 40
0.000000016
 40
0.000000016
 40
0.000000016
 40
0.375703998
 40
0.375703998
 40
0.375703998
 10
167.288694620
 20
129.615861215
 30
0.000000000
 10
166.671617555
 20
129.678175506
 30
0.000000000
 10
166.049864397
 20
129.723771938
 30
0.000000000
  0
SPLINE
  5
A8E
330
A02
100
AcDbEntity
  8
S08_Suspension_FrontT
100
AcDbSpline
210
0
220
0
230
1
 70
8
 71
1
 72
17
 73
15
 74
0
 40
0.000000000
 40
0.000000000
 40
0.210758249
 40
0.421516499
 40
0.632274748
 40
0.843032997
 40
1.053791247
 40
1.264549496
 40
1.475307745
 40
1.686065995
 40
1.896824244
 40
2.107582493
 40
2.318340743
 40
2.529098992
 40
2.739857241
 40
2.950615491
 40
2.950615491
 10
125.972205517
 20
154.013901501
 30
0.000000000
 10
125.940324996
 20
153.931394828
 30
0.000000000
 10
125.875681494
 20
153.800608680
 30
0.000000000
 10
125.781135800
 20
153.627330981
 30
0.000000000
 10
125.660872023
 20
153.419230110
 30
0.000000000
 10
125.520212417
 20
153.185515544
 30
0.000000000
 10
125.365381855
 20
152.936530288
 30
0.000000000
 10
125.203232342
 20
152.683293149
 30
0.000000000
 10
125.040939782
 20
152.437011104
 30
0.000000000
 10
124.885686410
 20
152.208583329
 30
0.000000000
 10
124.744342943
 20
152.008118865
 30
0.000000000
 10
124.623164515
 20
151.844489238
 30
0.000000000
 10
124.527513863
 20
151.724935856
 30
0.000000000
 10
124.461623992
 20
151.654749536
 30
0.000000000
 10
124.428410849
 20
151.637036364
 30
0.000000000
  0
SPLINE
  5
A8F
330
A02
100
AcDbEntity
  8
S08_Suspension_FrontT
100
AcDbSpline
210
0
220
0
230
1
 70
8
 71
1
 72
17
 73
15
 74
0
 40
2.950615491
 40
2.950615491
 40
3.175014966
 40
3.399414441
 40
3.623813917
 40
3.848213392
 40
4.072612867
 40
4.297012342
 40
4.521411818
 40
4.745811293
 40
4.970210768
 40
5.194610243
 40
5.419009719
 40
5.643409194
 40
5.867808669
 40
6.092208144
 40
6.092208144
 10
124.428410849
 20
151.637036364
 30
0.000000000
 10
124.430588745
 20
151.676691510
 30
0.000000000
 10
124.471348134
 20
151.774702522
 30
0.000000000
 10
124.548645171
 20
151.926154719
 30
0.000000000
 10
124.658603858
 20
152.123453656
 30
0.000000000
 10
124.795710409
 20
152.356705940
 30
0.000000000
 10
124.953089728
 20
152.614215327
 30
0.000000000
 10
125.122850159
 20
152.883069222
 30
0.000000000
 10
125.296479205
 20
153.149786168
 30
0.000000000
 10
125.465270381
 20
153.400991863
 30
0.000000000
 10
125.620759792
 20
153.624089805
 30
0.000000000
 10
125.755150551
 20
153.807892931
 30
0.000000000
 10
125.861703742
 20
153.943184586
 30
0.000000000
 10
125.935076345
 20
154.023180680
 30
0.000000000
 10
125.971589151
 20
154.043869875
 30
0.000000000
  0
SPLINE
  5
A90
330
A02
100
AcDbEntity
  8
S08_Suspension_FrontT
100
AcDbSpline
210
0
220
0
230
1
 70
8
 71
2
 72
6
 73
3
 74
0
 40
6.092208144
 40
6.092208144
 40
6.092208144
 40
6.283185307
 40
6.283185307
 40
6.283185307
 10
125.971589151
 20
154.043869875
 30
0.000000000
 10
125.978930555
 20
154.039714212
 30
0.000000000
 10
125.972205517
 20
154.013901501
 30
0.000000000
  0
SPLINE
  5
A91
330
A02
100
AcDbEntity
  8
S08_Suspension_FrontT
100
AcDbSpline
210
0
220
0
230
1
 70
8
 71
2
 72
6
 73
3
 74
0
 40
6.092208144
 40
6.092208144
 40
6.092208144
 40
6.283185307
 40
6.283185307
 40
6.283185307
 10
167.971589151
 20
130.843869875
 30
0.000000000
 10
167.978930555
 20
130.839714212
 30
0.000000000
 10
167.972205517
 20
130.813901501
 30
0.000000000
  0
SPLINE
  5
A92
330
A02
100
AcDbEntity
  8
S08_Suspension_FrontT
100
AcDbSpline
210
0
220
0
230
1
 70
8
 71
3
 72
35
 73
31
 74
0
 40
0.000000000
 40
0.000000000
 40
0.000000000
 40
0.000000000
 40
0.097488932
 40
0.097488932
 40
0.097488932
 40
0.194977865
 40
0.194977865
 40
0.194977865
 40
0.292466797
 40
0.292466797
 40
0.292466797
 40
0.389955730
 40
0.389955730
 40
0.389955730
 40
0.487444662
 40
0.487444662
 40
0.487444662
 40
0.584933595
 40
0.584933595
 40
0.584933595
 40
0.682422527
 40
0.682422527
 40
0.682422527
 40
0.779911460
 40
0.779911460
 40
0.779911460
 40
0.974889325
 40
0.974889325
 40
0.974889325
 40
1.364845055
 40
1.364845055
 40
1.364845055
 40
1.364845055
 10
167.972205517
 20
130.813901501
 30
0.000000000
 10
167.968688974
 20
130.803275277
 30
0.000000000
 10
167.965172432
 20
130.792649053
 30
0.000000000
 10
167.961655889
 20
130.782022830
 30
0.000000000
 10
167.955728308
 20
130.767782942
 30
0.000000000
 10
167.949800727
 20
130.753543054
 30
0.000000000
 10
167.943873146
 20
130.739303165
 30
0.000000000
 10
167.935590817
 20
130.721584843
 30
0.000000000
 10
167.927308489
 20
130.703866521
 30
0.000000000
 10
167.919026161
 20
130.686148198
 30
0.000000000
 10
167.908467739
 20
130.665119705
 30
0.000000000
 10
167.897909317
 20
130.644091211
 30
0.000000000
 10
167.887350896
 20
130.623062717
 30
0.000000000
 10
167.874616650
 20
130.598923751
 30
0.000000000
 10
167.861882403
 20
130.574784785
 30
0.000000000
 10
167.849148157
 20
130.550645819
 30
0.000000000
 10
167.834359018
 20
130.523625617
 30
0.000000000
 10
167.819569878
 20
130.496605416
 30
0.000000000
 10
167.804780739
 20
130.469585214
 30
0.000000000
 10
167.788077153
 20
130.439940376
 30
0.000000000
 10
167.771373567
 20
130.410295539
 30
0.000000000
 10
167.754669980
 20
130.380650701
 30
0.000000000
 10
167.736210574
 20
130.348662751
 30
0.000000000
 10
167.717751167
 20
130.316674801
 30
0.000000000
 10
167.699291761
 20
130.284686852
 30
0.000000000
 10
167.659991591
 20
130.217594786
 30
0.000000000
 10
167.618521531
 20
130.147824020
 30
0.000000000
 10
167.574881581
 20
130.075374554
 30
0.000000000
 10
167.486063296
 20
129.928695836
 30
0.000000000
 10
167.388806418
 20
129.772536266
 30
0.000000000
 10
167.288694620
 20
129.615861215
 30
0.000000000
  0
SPLINE
  5
A93
330
A02
100
AcDbEntity
  8
S08_Suspension_FrontT
100
AcDbSpline
210
0
220
0
230
1
 70
8
 71
2
 72
6
 73
3
 74
0
 40
0.000000000
 40
0.000000000
 40
0.000000000
 40
0.145331719
 40
0.145331719
 40
0.145331719
 10
121.440052382
 20
112.606293206
 30
0.000000000
 10
121.433420027
 20
112.620517488
 30
0.000000000
 10
121.432726289
 20
112.620276606
 30
0.000000000
  0
SPLINE
  5
A94
330
A02
100
AcDbEntity
  8
S08_Suspension_FrontT
100
AcDbSpline
210
0
220
0
230
1
 70
8
 71
1
 72
17
 73
15
 74
0
 40
0.145331719
 40
0.145331719
 40
0.369731194
 40
0.594130669
 40
0.818530144
 40
1.042929620
 40
1.267329095
 40
1.491728570
 40
1.716128045
 40
1.940527521
 40
2.164926996
 40
2.389326471
 40
2.613725946
 40
2.838125422
 40
3.062524897
 40
3.286924372
 40
3.286924372
 10
121.432726289
 20
112.620276606
 30
0.000000000
 10
121.444881092
 20
112.584816778
 30
0.000000000
 10
121.484871876
 20
112.481944943
 30
0.000000000
 10
121.550693334
 20
112.316819524
 30
0.000000000
 10
121.639044905
 20
112.097720599
 30
0.000000000
 10
121.745496272
 20
111.835634703
 30
0.000000000
 10
121.864709518
 20
111.543703917
 30
0.000000000
 10
121.990706794
 20
111.236566870
 30
0.000000000
 10
122.117170070
 20
110.929624695
 30
0.000000000
 10
122.237757950
 20
110.638268756
 30
0.000000000
 10
122.346423653
 20
110.377108855
 30
0.000000000
 10
122.437718228
 20
110.159240641
 30
0.000000000
 10
122.507063782
 20
109.995588935
 30
0.000000000
 10
122.550983042
 20
109.894359917
 30
0.000000000
 10
122.567273711
 20
109.860629633
 30
0.000000000
  0
SPLINE
  5
A95
330
A02
100
AcDbEntity
  8
S08_Suspension_FrontT
100
AcDbSpline
210
0
220
0
230
1
 70
8
 71
3
 72
41
 73
37
 74
0
 40
1.732508805
 40
1.732508805
 40
1.732508805
 40
1.732508805
 40
2.065597855
 40
2.065597855
 40
2.065597855
 40
2.176627539
 40
2.176627539
 40
2.176627539
 40
2.287657222
 40
2.287657222
 40
2.287657222
 40
2.398686906
 40
2.398686906
 40
2.398686906
 40
2.509716589
 40
2.509716589
 40
2.509716589
 40
2.620746272
 40
2.620746272
 40
2.620746272
 40
2.731775956
 40
2.731775956
 40
2.731775956
 40
2.842805639
 40
2.842805639
 40
2.842805639
 40
2.953835322
 40
2.953835322
 40
2.953835322
 40
3.064865006
 40
3.064865006
 40
3.064865006
 40
3.175894689
 40
3.175894689
 40
3.175894689
 40
3.286924372
 40
3.286924372
 40
3.286924372
 40
3.286924372
 10
166.000000000
 20
129.613965845
 30
0.000000000
 10
166.063074293
 20
129.460640129
 30
0.000000000
 10
166.125569709
 20
129.309165980
 30
0.000000000
 10
166.185502884
 20
129.164350611
 30
0.000000000
 10
166.204924861
 20
129.117495133
 30
0.000000000
 10
166.224346839
 20
129.070639656
 30
0.000000000
 10
166.243768816
 20
129.023784179
 30
0.000000000
 10
166.262190128
 20
128.979460114
 30
0.000000000
 10
166.280611440
 20
128.935136049
 30
0.000000000
 10
166.299032752
 20
128.890811983
 30
0.000000000
 10
166.316226542
 20
128.849565178
 30
0.000000000
 10
166.333420331
 20
128.808318373
 30
0.000000000
 10
166.350614121
 20
128.767071567
 30
0.000000000
 10
166.366368647
 20
128.729409973
 30
0.000000000
 10
166.382123174
 20
128.691748379
 30
0.000000000
 10
166.397877700
 20
128.654086785
 30
0.000000000
 10
166.411998948
 20
128.620474202
 30
0.000000000
 10
166.426120195
 20
128.586861620
 30
0.000000000
 10
166.440241443
 20
128.553249037
 30
0.000000000
 10
166.452555509
 20
128.524099402
 30
0.000000000
 10
166.464869576
 20
128.494949767
 30
0.000000000
 10
166.477183642
 20
128.465800133
 30
0.000000000
 10
166.487538880
 20
128.441472422
 30
0.000000000
 10
166.497894119
 20
128.417144711
 30
0.000000000
 10
166.508249357
 20
128.392817000
 30
0.000000000
 10
166.516518244
 20
128.373610807
 30
0.000000000
 10
166.524787130
 20
128.354404614
 30
0.000000000
 10
166.533056017
 20
128.335198420
 30
0.000000000
 10
166.539136720
 20
128.321350268
 30
0.000000000
 10
166.545217424
 20
128.307502116
 30
0.000000000
 10
166.551298128
 20
128.293653964
 30
0.000000000
 10
166.555115765
 20
128.285334391
 30
0.000000000
 10
166.558933402
 20
128.277014819
 30
0.000000000
 10
166.562751040
 20
128.268695246
 30
0.000000000
 10
166.564258597
 20
128.266006709
 30
0.000000000
 10
166.565766154
 20
128.263318171
 30
0.000000000
 10
166.567273711
 20
128.260629633
 30
0.000000000
  0
SPLINE
  5
A96
330
A02
100
AcDbEntity
  8
S08_Suspension_FrontT
100
AcDbSpline
210
0
220
0
230
1
 70
8
 71
2
 72
28
 73
25
 74
0
 40
3.286924372
 40
3.286924372
 40
3.286924372
 40
3.398887436
 40
3.398887436
 40
3.510850501
 40
3.510850501
 40
3.622813565
 40
3.622813565
 40
3.734776629
 40
3.734776629
 40
3.846739694
 40
3.846739694
 40
3.958702758
 40
3.958702758
 40
4.070665822
 40
4.070665822
 40
4.182628886
 40
4.182628886
 40
4.294591951
 40
4.294591951
 40
4.406555015
 40
4.406555015
 40
4.518518079
 40
4.518518079
 40
4.854407272
 40
4.854407272
 40
4.854407272
 10
166.567273711
 20
128.260629633
 30
0.000000000
 10
166.566016932
 20
128.265166495
 30
0.000000000
 10
166.564760153
 20
128.269703356
 30
0.000000000
 10
166.559967230
 20
128.282822919
 30
0.000000000
 10
166.555174308
 20
128.295942482
 30
0.000000000
 10
166.546905262
 20
128.317480455
 30
0.000000000
 10
166.538636216
 20
128.339018427
 30
0.000000000
 10
166.526994596
 20
128.368705098
 30
0.000000000
 10
166.515352977
 20
128.398391768
 30
0.000000000
 10
166.500484569
 20
128.435855381
 30
0.000000000
 10
166.485616160
 20
128.473318994
 30
0.000000000
 10
166.467707154
 20
128.518090405
 30
0.000000000
 10
166.449798148
 20
128.562861817
 30
0.000000000
 10
166.429072812
 20
128.614380372
 30
0.000000000
 10
166.408347476
 20
128.665898926
 30
0.000000000
 10
166.385065347
 20
128.723519475
 30
0.000000000
 10
166.361783217
 20
128.781140024
 30
0.000000000
 10
166.336235847
 20
128.844141007
 30
0.000000000
 10
166.310688478
 20
128.907141989
 30
0.000000000
 10
166.283195788
 20
128.974734467
 30
0.000000000
 10
166.255703099
 20
129.042326944
 30
0.000000000
 10
166.226609371
 20
129.113664480
 30
0.000000000
 10
166.197515643
 20
129.185002016
 30
0.000000000
 10
166.107039763
 20
129.406492953
 30
0.000000000
 10
166.011172771
 20
129.639767412
 30
0.000000000
  0
SPLINE
  5
A97
330
A02
100
AcDbEntity
  8
S08_Suspension_FrontT
100
AcDbSpline
210
0
220
0
230
1
 70
8
 71
3
 72
11
 73
7
 74
0
 40
0.819619232
 40
0.819619232
 40
0.819619232
 40
0.819619232
 40
0.908167653
 40
0.908167653
 40
0.908167653
 40
0.959860441
 40
0.959860441
 40
0.959860441
 40
0.959860441
 10
162.800000000
 20
129.657815994
 30
0.000000000
 10
162.686998146
 20
129.661613969
 30
0.000000000
 10
162.576197667
 20
129.667125613
 30
0.000000000
 10
162.467598564
 20
129.674350925
 30
0.000000000
 10
162.407049037
 20
129.679464382
 30
0.000000000
 10
162.337946391
 20
129.683148978
 30
0.000000000
 10
162.298148247
 20
129.696792575
 30
0.000000000
  0
SPLINE
  5
A98
330
A02
100
AcDbEntity
  8
S08_Suspension_FrontT
100
AcDbSpline
210
0
220
0
230
1
 70
8
 71
2
 72
6
 73
3
 74
0
 40
0.959860441
 40
0.959860441
 40
0.959860441
 40
0.973452571
 40
0.973452571
 40
0.973452571
 10
162.298148247
 20
129.696792575
 30
0.000000000
 10
162.283807992
 20
129.703330598
 30
0.000000000
 10
162.301795203
 20
129.710978152
 30
0.000000000
  0
SPLINE
  5
A99
330
A02
100
AcDbEntity
  8
S08_Suspension_FrontT
100
AcDbSpline
210
0
220
0
230
1
 70
8
 71
1
 72
17
 73
15
 74
0
 40
0.000000000
 40
0.000000000
 40
0.213172107
 40
0.426344213
 40
0.639516320
 40
0.852688427
 40
1.065860534
 40
1.279032640
 40
1.492204747
 40
1.705376854
 40
1.918548960
 40
2.131721067
 40
2.344893174
 40
2.558065281
 40
2.771237387
 40
2.984409494
 40
2.984409494
 10
124.211573257
 20
150.163514286
 30
0.000000000
 10
124.179259814
 20
150.088281626
 30
0.000000000
 10
124.120722977
 20
149.956559117
 30
0.000000000
 10
124.038612738
 20
149.774309904
 30
0.000000000
 10
123.936646270
 20
149.549784506
 30
0.000000000
 10
123.819439649
 20
149.293147304
 30
0.000000000
 10
123.692298881
 20
149.016016400
 30
0.000000000
 10
123.560979694
 20
148.730937654
 30
0.000000000
 10
123.431426976
 20
148.450816730
 30
0.000000000
 10
123.309505648
 20
148.188334850
 30
0.000000000
 10
123.200735151
 20
147.955374706
 30
0.000000000
 10
123.110039583
 20
147.762482524
 30
0.000000000
 10
123.041524779
 20
147.618390636
 30
0.000000000
 10
122.998292442
 20
147.529622157
 30
0.000000000
 10
122.982299720
 20
147.500195681
 30
0.000000000
  0
SPLINE
  5
A9A
330
A02
100
AcDbEntity
  8
S08_Suspension_FrontT
100
AcDbSpline
210
0
220
0
230
1
 70
8
 71
1
 72
17
 73
15
 74
0
 40
2.984409494
 40
2.984409494
 40
3.208808969
 40
3.433208444
 40
3.657607920
 40
3.882007395
 40
4.106406870
 40
4.330806346
 40
4.555205821
 40
4.779605296
 40
5.004004771
 40
5.228404247
 40
5.452803722
 40
5.677203197
 40
5.901602672
 40
6.126002148
 40
6.126002148
 10
122.982299720
 20
147.500195681
 30
0.000000000
 10
122.995671669
 20
147.534756509
 30
0.000000000
 10
123.039347163
 20
147.634790416
 30
0.000000000
 10
123.111136132
 20
147.795281286
 30
0.000000000
 10
123.207438777
 20
148.008181436
 30
0.000000000
 10
123.323426081
 20
148.262815164
 30
0.000000000
 10
123.453281955
 20
148.546414070
 30
0.000000000
 10
123.590494885
 20
148.844757322
 30
0.000000000
 10
123.728184442
 20
149.142884744
 30
0.000000000
 10
123.859446295
 20
149.425846981
 30
0.000000000
 10
123.977698427
 20
149.679455126
 30
0.000000000
 10
124.077011184
 20
149.890992206
 30
0.000000000
 10
124.152404607
 20
150.049850870
 30
0.000000000
 10
124.200098157
 20
150.148065281
 30
0.000000000
 10
124.217700280
 20
150.180710558
 30
0.000000000
  0
SPLINE
  5
A9B
330
A02
100
AcDbEntity
  8
S08_Suspension_FrontT
100
AcDbSpline
210
0
220
0
230
1
 70
8
 71
2
 72
6
 73
3
 74
0
 40
6.126002148
 40
6.126002148
 40
6.126002148
 40
6.283185307
 40
6.283185307
 40
6.283185307
 10
124.217700280
 20
150.180710558
 30
0.000000000
 10
124.218425935
 20
150.180321952
 30
0.000000000
 10
124.211573257
 20
150.163514286
 30
0.000000000
  0
SPLINE
  5
A9C
330
A02
100
AcDbEntity
  8
S08_Suspension_FrontT
100
AcDbSpline
210
0
220
0
230
1
 70
8
 71
2
 72
6
 73
3
 74
0
 40
6.126002148
 40
6.126002148
 40
6.126002148
 40
6.283185307
 40
6.283185307
 40
6.283185307
 10
166.617700280
 20
130.980710558
 30
0.000000000
 10
166.618425935
 20
130.980321952
 30
0.000000000
 10
166.611573257
 20
130.963514286
 30
0.000000000
  0
SPLINE
  5
A9D
330
A02
100
AcDbEntity
  8
S08_Suspension_FrontT
100
AcDbSpline
210
0
220
0
230
1
 70
8
 71
3
 72
35
 73
31
 74
0
 40
0.000000000
 40
0.000000000
 40
0.000000000
 40
0.000000000
 40
0.102071419
 40
0.102071419
 40
0.102071419
 40
0.204142837
 40
0.204142837
 40
0.204142837
 40
0.306214256
 40
0.306214256
 40
0.306214256
 40
0.408285674
 40
0.408285674
 40
0.408285674
 40
0.510357093
 40
0.510357093
 40
0.510357093
 40
0.612428511
 40
0.612428511
 40
0.612428511
 40
0.714499930
 40
0.714499930
 40
0.714499930
 40
0.816571349
 40
0.816571349
 40
0.816571349
 40
1.020714186
 40
1.020714186
 40
1.020714186
 40
1.428999860
 40
1.428999860
 40
1.428999860
 40
1.428999860
 10
166.611573257
 20
130.963514286
 30
0.000000000
 10
166.607546937
 20
130.953948700
 30
0.000000000
 10
166.603520618
 20
130.944383114
 30
0.000000000
 10
166.599494298
 20
130.934817529
 30
0.000000000
 10
166.593387827
 20
130.920760700
 30
0.000000000
 10
166.587281356
 20
130.906703872
 30
0.000000000
 10
166.581174885
 20
130.892647043
 30
0.000000000
 10
166.573051828
 20
130.874245297
 30
0.000000000
 10
166.564928770
 20
130.855843551
 30
0.000000000
 10
166.556805713
 20
130.837441805
 30
0.000000000
 10
166.546750626
 20
130.814886694
 30
0.000000000
 10
166.536695540
 20
130.792331584
 30
0.000000000
 10
166.526640454
 20
130.769776474
 30
0.000000000
 10
166.514758007
 20
130.743302788
 30
0.000000000
 10
166.502875561
 20
130.716829102
 30
0.000000000
 10
166.490993114
 20
130.690355416
 30
0.000000000
 10
166.477406998
 20
130.660238733
 30
0.000000000
 10
166.463820882
 20
130.630122049
 30
0.000000000
 10
166.450234766
 20
130.600005366
 30
0.000000000
 10
166.435086405
 20
130.566559186
 30
0.000000000
 10
166.419938045
 20
130.533113006
 30
0.000000000
 10
166.404789684
 20
130.499666827
 30
0.000000000
 10
166.388236766
 20
130.463239309
 30
0.000000000
 10
166.371683849
 20
130.426811792
 30
0.000000000
 10
166.355130931
 20
130.390384274
 30
0.000000000
 10
166.320147859
 20
130.313556474
 30
0.000000000
 10
166.283530412
 20
130.233301287
 30
0.000000000
 10
166.245278591
 20
130.149618714
 30
0.000000000
 10
166.167673851
 20
129.979968862
 30
0.000000000
 10
166.084164988
 20
129.798129515
 30
0.000000000
 10
166.000000000
 20
129.615528111
 30
0.000000000
  0
SPLINE
  5
A9E
330
A02
100
AcDbEntity
  8
S08_Suspension_FrontT
100
AcDbSpline
210
0
220
0
230
1
 70
8
 71
1
 72
17
 73
15
 74
0
 40
0.000000000
 40
0.000000000
 40
0.220903727
 40
0.441807453
 40
0.662711180
 40
0.883614907
 40
1.104518633
 40
1.325422360
 40
1.546326086
 40
1.767229813
 40
1.988133540
 40
2.209037266
 40
2.429940993
 40
2.650844720
 40
2.871748446
 40
3.092652173
 40
3.092652173
 10
126.056463254
 20
137.233539252
 30
0.000000000
 10
125.990332051
 20
137.199598358
 30
0.000000000
 10
125.924670714
 20
137.109322614
 30
0.000000000
 10
125.862670405
 20
136.967099451
 30
0.000000000
 10
125.807344362
 20
136.779840963
 30
0.000000000
 10
125.761381447
 20
136.556647976
 30
0.000000000
 10
125.727015475
 20
136.308367744
 30
0.000000000
 10
125.705916643
 20
136.047066771
 30
0.000000000
 10
125.699110362
 20
135.785444372
 30
0.000000000
 10
125.706927419
 20
135.536215484
 30
0.000000000
 10
125.728987902
 20
135.311492716
 30
0.000000000
 10
125.764219665
 20
135.122197671
 30
0.000000000
 10
125.810910432
 20
134.977530150
 30
0.000000000
 10
125.866791016
 20
134.884521045
 30
0.000000000
 10
125.929145602
 20
134.847690630
 30
0.000000000
  0
SPLINE
  5
A9F
330
A02
100
AcDbEntity
  8
S08_Suspension_FrontT
100
AcDbSpline
210
0
220
0
230
1
 70
8
 71
1
 72
17
 73
15
 74
0
 40
3.092652173
 40
3.092652173
 40
3.317051648
 40
3.541451123
 40
3.765850599
 40
3.990250074
 40
4.214649549
 40
4.439049024
 40
4.663448500
 40
4.887847975
 40
5.112247450
 40
5.336646925
 40
5.561046401
 40
5.785445876
 40
6.009845351
 40
6.234244826
 40
6.234244826
 10
125.929145602
 20
134.847690630
 30
0.000000000
 10
125.995995481
 20
134.869627503
 30
0.000000000
 10
126.063046163
 20
134.950274462
 30
0.000000000
 10
126.126935448
 20
135.085587530
 30
0.000000000
 10
126.184459659
 20
135.268781547
 30
0.000000000
 10
126.232734292
 20
135.490670398
 30
0.000000000
 10
126.269338657
 20
135.740127650
 30
0.000000000
 10
126.292437256
 20
136.004644476
 30
0.000000000
 10
126.300871830
 20
136.270956897
 30
0.000000000
 10
126.294219435
 20
136.525710895
 30
0.000000000
 10
126.272813648
 20
136.756132043
 30
0.000000000
 10
126.237727846
 20
136.950666061
 30
0.000000000
 10
126.190721377
 20
137.099558201
 30
0.000000000
 10
126.134151342
 20
137.195342390
 30
0.000000000
 10
126.070854398
 20
137.233215609
 30
0.000000000
  0
SPLINE
  5
AA0
330
A02
100
AcDbEntity
  8
S08_Suspension_FrontT
100
AcDbSpline
210
0
220
0
230
1
 70
8
 71
1
 72
4
 73
2
 74
0
 40
6.234244826
 40
6.234244826
 40
6.283185307
 40
6.283185307
 10
126.070854398
 20
137.233215609
 30
0.000000000
 10
126.056463254
 20
137.233539252
 30
0.000000000
  0
SPLINE
  5
AA1
330
A02
100
AcDbEntity
  8
S08_Suspension_FrontT
100
AcDbSpline
210
0
220
0
230
1
 70
8
 71
1
 72
4
 73
2
 74
0
 40
0.000000000
 40
0.000000000
 40
0.003921549
 40
0.003921549
 10
125.186636889
 20
138.040322109
 30
0.000000000
 10
125.186892735
 20
138.040333844
 30
0.000000000
  0
SPLINE
  5
AA2
330
A02
100
AcDbEntity
  8
S08_Suspension_FrontT
100
AcDbSpline
210
0
220
0
230
1
 70
8
 71
1
 72
17
 73
15
 74
0
 40
0.003921549
 40
0.003921549
 40
0.228321024
 40
0.452720499
 40
0.677119974
 40
0.901519450
 40
1.125918925
 40
1.350318400
 40
1.574717875
 40
1.799117351
 40
2.023516826
 40
2.247916301
 40
2.472315776
 40
2.696715252
 40
2.921114727
 40
3.145514202
 40
3.145514202
 10
125.186892735
 20
138.040333844
 30
0.000000000
 10
125.201744597
 20
138.010392714
 30
0.000000000
 10
125.216508978
 20
137.921785927
 30
0.000000000
 10
125.230445530
 20
137.778956598
 30
0.000000000
 10
125.242855416
 20
137.589066786
 30
0.000000000
 10
125.253116352
 20
137.361638359
 30
0.000000000
 10
125.260713813
 20
137.108075527
 30
0.000000000
 10
125.265266830
 20
136.841092991
 30
0.000000000
 10
125.266547095
 20
136.574078368
 30
0.000000000
 10
125.264490411
 20
136.320420888
 30
0.000000000
 10
125.259199908
 20
136.092839996
 30
0.000000000
 10
125.250940875
 20
135.902747547
 30
0.000000000
 10
125.240127454
 20
135.759675571
 30
0.000000000
 10
125.227301875
 20
135.670798295
 30
0.000000000
 10
125.213107265
 20
135.640572395
 30
0.000000000
  0
SPLINE
  5
AA3
330
A02
100
AcDbEntity
  8
S08_Suspension_FrontT
100
AcDbSpline
210
0
220
0
230
1
 70
8
 71
1
 72
17
 73
15
 74
0
 40
3.145514202
 40
3.145514202
 40
3.369633567
 40
3.593752931
 40
3.817872296
 40
4.041991661
 40
4.266111025
 40
4.490230390
 40
4.714349755
 40
4.938469119
 40
5.162588484
 40
5.386707849
 40
5.610827213
 40
5.834946578
 40
6.059065943
 40
6.283185307
 40
6.283185307
 10
125.213107265
 20
135.640572395
 30
0.000000000
 10
125.198274044
 20
135.670438957
 30
0.000000000
 10
125.183527153
 20
135.758829149
 30
0.000000000
 10
125.169604228
 20
135.901321729
 30
0.000000000
 10
125.157201687
 20
136.090789278
 30
0.000000000
 10
125.146939901
 20
136.317754706
 30
0.000000000
 10
125.139332158
 20
136.570865295
 30
0.000000000
 10
125.134758996
 20
136.837460556
 30
0.000000000
 10
125.133449163
 20
137.104205505
 30
0.000000000
 10
125.135468175
 20
137.357757666
 30
0.000000000
 10
125.140715043
 20
137.585434466
 30
0.000000000
 10
125.148927320
 20
137.775847604
 30
0.000000000
 10
125.159694232
 20
137.919472692
 30
0.000000000
 10
125.172477221
 20
138.009125662
 30
0.000000000
 10
125.186636889
 20
138.040322109
 30
0.000000000
  0
SPLINE
  5
AA4
330
A02
100
AcDbEntity
  8
S08_Suspension_FrontT
100
AcDbSpline
210
0
220
0
230
1
 70
8
 71
1
 72
4
 73
2
 74
0
 40
0.000000000
 40
0.000000000
 40
0.003921549
 40
0.003921549
 10
165.986636889
 20
138.440322109
 30
0.000000000
 10
165.986892735
 20
138.440333844
 30
0.000000000
  0
SPLINE
  5
AA5
330
A02
100
AcDbEntity
  8
S08_Suspension_FrontT
100
AcDbSpline
210
0
220
0
230
1
 70
8
 71
1
 72
17
 73
15
 74
0
 40
0.003921549
 40
0.003921549
 40
0.228321024
 40
0.452720499
 40
0.677119974
 40
0.901519450
 40
1.125918925
 40
1.350318400
 40
1.574717875
 40
1.799117351
 40
2.023516826
 40
2.247916301
 40
2.472315776
 40
2.696715252
 40
2.921114727
 40
3.145514202
 40
3.145514202
 10
165.986892735
 20
138.440333844
 30
0.000000000
 10
166.001744597
 20
138.410392714
 30
0.000000000
 10
166.016508978
 20
138.321785927
 30
0.000000000
 10
166.030445530
 20
138.178956598
 30
0.000000000
 10
166.042855416
 20
137.989066786
 30
0.000000000
 10
166.053116352
 20
137.761638359
 30
0.000000000
 10
166.060713813
 20
137.508075527
 30
0.000000000
 10
166.065266830
 20
137.241092991
 30
0.000000000
 10
166.066547095
 20
136.974078368
 30
0.000000000
 10
166.064490411
 20
136.720420888
 30
0.000000000
 10
166.059199908
 20
136.492839996
 30
0.000000000
 10
166.050940875
 20
136.302747547
 30
0.000000000
 10
166.040127454
 20
136.159675571
 30
0.000000000
 10
166.027301875
 20
136.070798295
 30
0.000000000
 10
166.013107265
 20
136.040572395
 30
0.000000000
  0
LINE
  5
AA6
330
A02
100
AcDbEntity
  8
S08_Suspension_FrontT
100
AcDbLine
 10
166.000000000
 20
126.440453120
 30
0.000000000
 11
162.800000000
 21
126.440453120
 31
0.000000000
  0
LINE
  5
AA7
330
A02
100
AcDbEntity
  8
S08_Suspension_FrontT
100
AcDbLine
 10
166.000000000
 20
132.840453120
 30
0.000000000
 11
162.800000000
 21
132.840453120
 31
0.000000000
  0
LINE
  5
AA8
330
A02
100
AcDbEntity
  8
S08_Suspension_FrontT
100
AcDbLine
 10
166.000000000
 20
126.440453120
 30
0.000000000
 11
166.000000000
 21
132.840453120
 31
0.000000000
  0
LINE
  5
AA9
330
A02
100
AcDbEntity
  8
S08_Suspension_FrontT
100
AcDbLine
 10
162.800000000
 20
126.440453120
 30
0.000000000
 11
162.800000000
 21
132.840453120
 31
0.000000000
  0
SPLINE
  5
AAA
330
A02
100
AcDbEntity
  8
S08_Suspension_FrontT
100
AcDbSpline
210
0
220
0
230
1
 70
8
 71
1
 72
4
 73
2
 74
0
 40
0.000000000
 40
0.000000000
 40
0.914477518
 40
0.914477518
 10
99.683320820
 20
105.956156711
 30
0.000000000
 10
56.154190951
 20
126.440453120
 30
0.000000000
  0
SPLINE
  5
AAB
330
A02
100
AcDbEntity
  8
S08_Suspension_FrontT
100
AcDbSpline
210
0
220
0
230
1
 70
8
 71
1
 72
4
 73
2
 74
0
 40
0.959733631
 40
0.959733631
 40
1.000000000
 40
1.000000000
 10
54.000000000
 20
127.454190038
 30
0.000000000
 10
52.083320820
 20
128.356156711
 30
0.000000000
  0
SPLINE
  5
AAC
330
A02
100
AcDbEntity
  8
S08_Suspension_FrontT
100
AcDbSpline
210
0
220
0
230
1
 70
8
 71
1
 72
4
 73
2
 74
0
 40
0.000000000
 40
0.000000000
 40
0.078375761
 40
0.078375761
 10
101.116679180
 20
108.524749529
 30
0.000000000
 10
97.575684639
 20
110.191099901
 30
0.000000000
  0
SPLINE
  5
AAD
330
A02
100
AcDbEntity
  8
S08_Suspension_FrontT
100
AcDbSpline
210
0
220
0
230
1
 70
8
 71
1
 72
4
 73
2
 74
0
 40
0.000000000
 40
0.000000000
 40
0.677452242
 40
0.677452242
 10
94.028410849
 20
154.043869875
 30
0.000000000
 10
65.575416700
 20
138.326977869
 30
0.000000000
  0
SPLINE
  5
AAE
330
A02
100
AcDbEntity
  8
S08_Suspension_FrontT
100
AcDbSpline
210
0
220
0
230
1
 70
8
 71
1
 72
4
 73
2
 74
0
 40
0.779097268
 40
0.779097268
 40
0.913940377
 40
0.913940377
 10
61.306325578
 20
135.968813250
 30
0.000000000
 10
55.642914998
 20
132.840453120
 30
0.000000000
  0
SPLINE
  5
AAF
330
A02
100
AcDbEntity
  8
S08_Suspension_FrontT
100
AcDbSpline
210
0
220
0
230
1
 70
8
 71
1
 72
4
 73
2
 74
0
 40
0.953057401
 40
0.953057401
 40
1.000000000
 40
1.000000000
 10
54.000000000
 20
131.932938168
 30
0.000000000
 10
52.028410849
 20
130.843869875
 30
0.000000000
  0
SPLINE
  5
AB0
330
A02
100
AcDbEntity
  8
S08_Suspension_FrontT
100
AcDbSpline
210
0
220
0
230
1
 70
8
 71
1
 72
4
 73
2
 74
0
 40
0.000000000
 40
0.000000000
 40
0.392835999
 40
0.392835999
 10
95.571589151
 20
151.637036364
 30
0.000000000
 10
79.984145569
 20
143.026829433
 30
0.000000000
  0
SPLINE
  5
AB1
330
A02
100
AcDbEntity
  8
S08_Suspension_FrontT
100
AcDbSpline
210
0
220
0
230
1
 70
8
 71
1
 72
4
 73
2
 74
0
 40
0.000000000
 40
0.000000000
 40
0.914380143
 40
0.914380143
 10
97.432726289
 20
109.860629633
 30
0.000000000
 10
57.200000000
 20
126.685224263
 30
0.000000000
  0
SPLINE
  5
AB2
330
A02
100
AcDbEntity
  8
S08_Suspension_FrontT
100
AcDbSpline
210
0
220
0
230
1
 70
8
 71
1
 72
4
 73
2
 74
0
 40
0.987107416
 40
0.987107416
 40
1.000000000
 40
1.000000000
 10
54.000000000
 20
128.023406081
 30
0.000000000
 10
53.432726289
 20
128.260629633
 30
0.000000000
  0
SPLINE
  5
AB3
330
A02
100
AcDbEntity
  8
S08_Suspension_FrontT
100
AcDbSpline
210
0
220
0
230
1
 70
8
 71
1
 72
4
 73
2
 74
0
 40
0.000000000
 40
0.000000000
 40
0.999555108
 40
0.999555108
 10
98.567273711
 20
112.620276606
 30
0.000000000
 10
57.716387128
 20
129.703374632
 30
0.000000000
  0
SPLINE
  5
AB4
330
A02
100
AcDbEntity
  8
S08_Suspension_FrontT
100
AcDbSpline
210
0
220
0
230
1
 70
8
 71
1
 72
4
 73
2
 74
0
 40
0.000000000
 40
0.000000000
 40
0.909959899
 40
0.909959899
 10
95.782299720
 20
150.180710558
 30
0.000000000
 10
57.200000000
 20
132.709480496
 30
0.000000000
  0
SPLINE
  5
AB5
330
A02
100
AcDbEntity
  8
S08_Suspension_FrontT
100
AcDbSpline
210
0
220
0
230
1
 70
8
 71
1
 72
4
 73
2
 74
0
 40
0.985431597
 40
0.985431597
 40
1.000000000
 40
1.000000000
 10
54.000000000
 20
131.260423892
 30
0.000000000
 10
53.382299720
 20
130.980710558
 30
0.000000000
  0
SPLINE
  5
AB6
330
A02
100
AcDbEntity
  8
S08_Suspension_FrontT
100
AcDbSpline
210
0
220
0
230
1
 70
8
 71
1
 72
4
 73
2
 74
0
 40
0.000000000
 40
0.000000000
 40
1.000000000
 40
1.000000000
 10
97.017700280
 20
147.500195681
 30
0.000000000
 10
57.701851753
 20
129.696792575
 30
0.000000000
  0
SPLINE
  5
AB7
330
A02
100
AcDbEntity
  8
S08_Suspension_FrontT
100
AcDbSpline
210
0
220
0
230
1
 70
8
 71
1
 72
4
 73
2
 74
0
 40
0.063032000
 40
0.063032000
 40
0.065061868
 40
0.065061868
 10
57.200000000
 20
132.735769209
 30
0.000000000
 10
57.279570847
 20
132.745512578
 30
0.000000000
  0
SPLINE
  5
AB8
330
A02
100
AcDbEntity
  8
S08_Suspension_FrontT
100
AcDbSpline
210
0
220
0
230
1
 70
8
 71
1
 72
4
 73
2
 74
0
 40
0.315232180
 40
0.315232180
 40
1.000000000
 40
1.000000000
 10
67.086247063
 20
133.946330074
 30
0.000000000
 10
93.929145602
 20
137.233215609
 30
0.000000000
  0
SPLINE
  5
AB9
330
A02
100
AcDbEntity
  8
S08_Suspension_FrontT
100
AcDbSpline
210
0
220
0
230
1
 70
8
 71
1
 72
4
 73
2
 74
0
 40
0.126080323
 40
0.126080323
 40
1.000000000
 40
1.000000000
 10
59.813203046
 20
130.652876179
 30
0.000000000
 10
94.070854398
 20
134.847690630
 30
0.000000000
  0
SPLINE
  5
ABA
330
A02
100
AcDbEntity
  8
S08_Suspension_FrontT
100
AcDbSpline
210
0
220
0
230
1
 70
8
 71
1
 72
4
 73
2
 74
0
 40
0.000000000
 40
0.000000000
 40
0.011973629
 40
0.011973629
 10
94.786892735
 20
135.640572395
 30
0.000000000
 10
94.298368658
 20
135.645361847
 30
0.000000000
  0
SPLINE
  5
ABB
330
A02
100
AcDbEntity
  8
S08_Suspension_FrontT
100
AcDbSpline
210
0
220
0
230
1
 70
8
 71
1
 72
4
 73
2
 74
0
 40
0.314621786
 40
0.314621786
 40
0.574790737
 40
0.574790737
 10
81.950323857
 20
135.766421110
 30
0.000000000
 10
71.335430674
 20
135.870488690
 30
0.000000000
  0
SPLINE
  5
ABC
330
A02
100
AcDbEntity
  8
S08_Suspension_FrontT
100
AcDbSpline
210
0
220
0
230
1
 70
8
 71
1
 72
4
 73
2
 74
0
 40
0.746438979
 40
0.746438979
 40
1.000000000
 40
1.000000000
 10
64.332182375
 20
135.939147987
 30
0.000000000
 10
53.986892735
 20
136.040572395
 30
0.000000000
  0
SPLINE
  5
ABD
330
A02
100
AcDbEntity
  8
S08_Suspension_FrontT
100
AcDbSpline
210
0
220
0
230
1
 70
8
 71
1
 72
4
 73
2
 74
0
 40
0.000000000
 40
0.000000000
 40
0.448283132
 40
0.448283132
 10
94.813107265
 20
138.040333844
 30
0.000000000
 10
76.523155490
 20
138.219647097
 30
0.000000000
  0
SPLINE
  5
ABE
330
A02
100
AcDbEntity
  8
S08_Suspension_FrontT
100
AcDbSpline
210
0
220
0
230
1
 70
8
 71
1
 72
4
 73
2
 74
0
 40
0.619931374
 40
0.619931374
 40
1.000000000
 40
1.000000000
 10
69.519907191
 20
138.288306394
 30
0.000000000
 10
54.013107265
 20
138.440333844
 30
0.000000000
  0
SPLINE
  5
ABF
330
A02
100
AcDbEntity
  8
S08_Suspension_FrontT
100
AcDbSpline
210
0
220
0
230
1
 70
8
 71
1
 72
4
 73
2
 74
0
 40
0.000000000
 40
0.000000000
 40
0.078375761
 40
0.078375761
 10
118.883320820
 20
108.524749529
 30
0.000000000
 10
122.424315361
 20
110.191099901
 30
0.000000000
  0
SPLINE
  5
AC0
330
A02
100
AcDbEntity
  8
S08_Suspension_FrontT
100
AcDbSpline
210
0
220
0
230
1
 70
8
 71
1
 72
4
 73
2
 74
0
 40
0.000000000
 40
0.000000000
 40
0.914477518
 40
0.914477518
 10
120.316679180
 20
105.956156711
 30
0.000000000
 10
163.845809049
 20
126.440453120
 30
0.000000000
  0
SPLINE
  5
AC1
330
A02
100
AcDbEntity
  8
S08_Suspension_FrontT
100
AcDbSpline
210
0
220
0
230
1
 70
8
 71
1
 72
4
 73
2
 74
0
 40
0.959733631
 40
0.959733631
 40
1.000000000
 40
1.000000000
 10
166.000000000
 20
127.454190038
 30
0.000000000
 10
167.916679180
 20
128.356156711
 30
0.000000000
  0
SPLINE
  5
AC2
330
A02
100
AcDbEntity
  8
S08_Suspension_FrontT
100
AcDbSpline
210
0
220
0
230
1
 70
8
 71
1
 72
4
 73
2
 74
0
 40
0.000000000
 40
0.000000000
 40
0.392835999
 40
0.392835999
 10
124.428410849
 20
151.637036364
 30
0.000000000
 10
140.015854431
 20
143.026829433
 30
0.000000000
  0
SPLINE
  5
AC3
330
A02
100
AcDbEntity
  8
S08_Suspension_FrontT
100
AcDbSpline
210
0
220
0
230
1
 70
8
 71
1
 72
4
 73
2
 74
0
 40
0.000000000
 40
0.000000000
 40
0.677452242
 40
0.677452242
 10
125.971589151
 20
154.043869875
 30
0.000000000
 10
154.424583300
 20
138.326977869
 30
0.000000000
  0
SPLINE
  5
AC4
330
A02
100
AcDbEntity
  8
S08_Suspension_FrontT
100
AcDbSpline
210
0
220
0
230
1
 70
8
 71
1
 72
4
 73
2
 74
0
 40
0.779097268
 40
0.779097268
 40
0.913940377
 40
0.913940377
 10
158.693674422
 20
135.968813250
 30
0.000000000
 10
164.357085002
 20
132.840453120
 30
0.000000000
  0
SPLINE
  5
AC5
330
A02
100
AcDbEntity
  8
S08_Suspension_FrontT
100
AcDbSpline
210
0
220
0
230
1
 70
8
 71
1
 72
4
 73
2
 74
0
 40
0.953057401
 40
0.953057401
 40
1.000000000
 40
1.000000000
 10
166.000000000
 20
131.932938168
 30
0.000000000
 10
167.971589151
 20
130.843869875
 30
0.000000000
  0
SPLINE
  5
AC6
330
A02
100
AcDbEntity
  8
S08_Suspension_FrontT
100
AcDbSpline
210
0
220
0
230
1
 70
8
 71
1
 72
4
 73
2
 74
0
 40
0.000000000
 40
0.000000000
 40
0.999555108
 40
0.999555108
 10
121.432726289
 20
112.620276606
 30
0.000000000
 10
162.283612872
 20
129.703374632
 30
0.000000000
  0
SPLINE
  5
AC7
330
A02
100
AcDbEntity
  8
S08_Suspension_FrontT
100
AcDbSpline
210
0
220
0
230
1
 70
8
 71
1
 72
4
 73
2
 74
0
 40
0.000000000
 40
0.000000000
 40
0.914380143
 40
0.914380143
 10
122.567273711
 20
109.860629633
 30
0.000000000
 10
162.800000000
 20
126.685224263
 30
0.000000000
  0
SPLINE
  5
AC8
330
A02
100
AcDbEntity
  8
S08_Suspension_FrontT
100
AcDbSpline
210
0
220
0
230
1
 70
8
 71
1
 72
4
 73
2
 74
0
 40
0.987107416
 40
0.987107416
 40
1.000000000
 40
1.000000000
 10
166.000000000
 20
128.023406081
 30
0.000000000
 10
166.567273711
 20
128.260629633
 30
0.000000000
  0
SPLINE
  5
AC9
330
A02
100
AcDbEntity
  8
S08_Suspension_FrontT
100
AcDbSpline
210
0
220
0
230
1
 70
8
 71
1
 72
4
 73
2
 74
0
 40
0.000000000
 40
0.000000000
 40
1.000000000
 40
1.000000000
 10
122.982299720
 20
147.500195681
 30
0.000000000
 10
162.298148247
 20
129.696792575
 30
0.000000000
  0
SPLINE
  5
ACA
330
A02
100
AcDbEntity
  8
S08_Suspension_FrontT
100
AcDbSpline
210
0
220
0
230
1
 70
8
 71
1
 72
4
 73
2
 74
0
 40
0.000000000
 40
0.000000000
 40
0.909959899
 40
0.909959899
 10
124.217700280
 20
150.180710558
 30
0.000000000
 10
162.800000000
 20
132.709480496
 30
0.000000000
  0
SPLINE
  5
ACB
330
A02
100
AcDbEntity
  8
S08_Suspension_FrontT
100
AcDbSpline
210
0
220
0
230
1
 70
8
 71
1
 72
4
 73
2
 74
0
 40
0.985431597
 40
0.985431597
 40
1.000000000
 40
1.000000000
 10
166.000000000
 20
131.260423892
 30
0.000000000
 10
166.617700280
 20
130.980710558
 30
0.000000000
  0
SPLINE
  5
ACC
330
A02
100
AcDbEntity
  8
S08_Suspension_FrontT
100
AcDbSpline
210
0
220
0
230
1
 70
8
 71
1
 72
4
 73
2
 74
0
 40
0.126080323
 40
0.126080323
 40
1.000000000
 40
1.000000000
 10
160.186796954
 20
130.652876179
 30
0.000000000
 10
125.929145602
 20
134.847690630
 30
0.000000000
  0
SPLINE
  5
ACD
330
A02
100
AcDbEntity
  8
S08_Suspension_FrontT
100
AcDbSpline
210
0
220
0
230
1
 70
8
 71
1
 72
4
 73
2
 74
0
 40
0.063032000
 40
0.063032000
 40
0.065061868
 40
0.065061868
 10
162.800000000
 20
132.735769209
 30
0.000000000
 10
162.720429153
 20
132.745512578
 30
0.000000000
  0
SPLINE
  5
ACE
330
A02
100
AcDbEntity
  8
S08_Suspension_FrontT
100
AcDbSpline
210
0
220
0
230
1
 70
8
 71
1
 72
4
 73
2
 74
0
 40
0.315232180
 40
0.315232180
 40
1.000000000
 40
1.000000000
 10
152.913752937
 20
133.946330074
 30
0.000000000
 10
126.070854398
 20
137.233215609
 30
0.000000000
  0
SPLINE
  5
ACF
330
A02
100
AcDbEntity
  8
S08_Suspension_FrontT
100
AcDbSpline
210
0
220
0
230
1
 70
8
 71
1
 72
4
 73
2
 74
0
 40
0.000000000
 40
0.000000000
 40
0.448283132
 40
0.448283132
 10
125.186892735
 20
138.040333844
 30
0.000000000
 10
143.476844510
 20
138.219647097
 30
0.000000000
  0
SPLINE
  5
AD0
330
A02
100
AcDbEntity
  8
S08_Suspension_FrontT
100
AcDbSpline
210
0
220
0
230
1
 70
8
 71
1
 72
4
 73
2
 74
0
 40
0.619931374
 40
0.619931374
 40
1.000000000
 40
1.000000000
 10
150.480092809
 20
138.288306394
 30
0.000000000
 10
165.986892735
 20
138.440333844
 30
0.000000000
  0
SPLINE
  5
AD1
330
A02
100
AcDbEntity
  8
S08_Suspension_FrontT
100
AcDbSpline
210
0
220
0
230
1
 70
8
 71
1
 72
4
 73
2
 74
0
 40
0.000000000
 40
0.000000000
 40
0.011973629
 40
0.011973629
 10
125.213107265
 20
135.640572395
 30
0.000000000
 10
125.701631342
 20
135.645361847
 30
0.000000000
  0
SPLINE
  5
AD2
330
A02
100
AcDbEntity
  8
S08_Suspension_FrontT
100
AcDbSpline
210
0
220
0
230
1
 70
8
 71
1
 72
4
 73
2
 74
0
 40
0.314621786
 40
0.314621786
 40
0.574790737
 40
0.574790737
 10
138.049676143
 20
135.766421110
 30
0.000000000
 10
148.664569326
 20
135.870488690
 30
0.000000000
  0
SPLINE
  5
AD3
330
A02
100
AcDbEntity
  8
S08_Suspension_FrontT
100
AcDbSpline
210
0
220
0
230
1
 70
8
 71
1
 72
4
 73
2
 74
0
 40
0.746438979
 40
0.746438979
 40
1.000000000
 40
1.000000000
 10
155.667817625
 20
135.939147987
 30
0.000000000
 10
166.013107265
 20
136.040572395
 30
0.000000000
  0
LINE
  5
AD4
330
A02
100
AcDbEntity
  8
S08_Suspension_RearF
100
AcDbLine
 10
309.600000000
 20
216.791531797
 30
0.000000000
 11
349.440000000
 21
216.791531797
 31
0.000000000
  0
SPLINE
  5
AD5
330
A02
100
AcDbEntity
  8
S08_Suspension_RearF
100
AcDbSpline
210
0
220
0
230
1
 70
8
 71
2
 72
30
 73
27
 74
0
 40
0.000000000
 40
0.000000000
 40
0.000000000
 40
0.107641101
 40
0.107641101
 40
0.215282202
 40
0.215282202
 40
0.322923303
 40
0.322923303
 40
0.430564404
 40
0.430564404
 40
0.538205505
 40
0.538205505
 40
0.645846606
 40
0.645846606
 40
0.753487707
 40
0.753487707
 40
0.861128807
 40
0.861128807
 40
0.968769908
 40
0.968769908
 40
1.076411009
 40
1.076411009
 40
1.184052110
 40
1.184052110
 40
1.291693211
 40
1.291693211
 40
1.506975413
 40
1.506975413
 40
1.506975413
 10
309.600000000
 20
216.791531797
 30
0.000000000
 10
309.600000000
 20
216.785512577
 30
0.000000000
 10
309.600000000
 20
216.779493357
 30
0.000000000
 10
309.600000000
 20
216.761505371
 30
0.000000000
 10
309.600000000
 20
216.743517386
 30
0.000000000
 10
309.600000000
 20
216.713768853
 30
0.000000000
 10
309.600000000
 20
216.684020321
 30
0.000000000
 10
309.600000000
 20
216.642855593
 30
0.000000000
 10
309.600000000
 20
216.601690866
 30
0.000000000
 10
309.600000000
 20
216.549586443
 30
0.000000000
 10
309.600000000
 20
216.497482019
 30
0.000000000
 10
309.600000000
 20
216.435041031
 30
0.000000000
 10
309.600000000
 20
216.372600043
 30
0.000000000
 10
309.600000000
 20
216.300545270
 30
0.000000000
 10
309.600000000
 20
216.228490498
 30
0.000000000
 10
309.600000000
 20
216.147656006
 30
0.000000000
 10
309.600000000
 20
216.066821513
 30
0.000000000
 10
309.600000000
 20
215.978142995
 30
0.000000000
 10
309.600000000
 20
215.889464477
 30
0.000000000
 10
309.600000000
 20
215.793968424
 30
0.000000000
 10
309.600000000
 20
215.698472370
 30
0.000000000
 10
309.600000000
 20
215.597264190
 30
0.000000000
 10
309.600000000
 20
215.496056009
 30
0.000000000
 10
309.600000000
 20
215.390307228
 30
0.000000000
 10
309.600000000
 20
215.284558448
 30
0.000000000
 10
309.600000000
 20
215.067579841
 30
0.000000000
 10
309.600000000
 20
214.844189200
 30
0.000000000
  0
SPLINE
  5
AD6
330
A02
100
AcDbEntity
  8
S08_Suspension_RearF
100
AcDbSpline
210
0
220
0
230
1
 70
8
 71
2
 72
30
 73
27
 74
0
 40
2.020176099
 40
2.020176099
 40
2.020176099
 40
2.100277282
 40
2.100277282
 40
2.260479647
 40
2.260479647
 40
2.340580829
 40
2.340580829
 40
2.420682011
 40
2.420682011
 40
2.500783194
 40
2.500783194
 40
2.580884376
 40
2.580884376
 40
2.660985559
 40
2.660985559
 40
2.741086741
 40
2.741086741
 40
2.821187924
 40
2.821187924
 40
2.901289106
 40
2.901289106
 40
2.981390289
 40
2.981390289
 40
3.061491471
 40
3.061491471
 40
3.141592654
 40
3.141592654
 40
3.141592654
 10
309.600000000
 20
213.807965303
 30
0.000000000
 10
309.600000000
 20
213.734459695
 30
0.000000000
 10
309.600000000
 20
213.660954088
 30
0.000000000
 10
309.600000000
 20
213.518538523
 30
0.000000000
 10
309.600000000
 20
213.388042540
 30
0.000000000
 10
309.600000000
 20
213.325967434
 30
0.000000000
 10
309.600000000
 20
213.263892327
 30
0.000000000
 10
309.600000000
 20
213.206458910
 30
0.000000000
 10
309.600000000
 20
213.149025493
 30
0.000000000
 10
309.600000000
 20
213.096602072
 30
0.000000000
 10
309.600000000
 20
213.044178651
 30
0.000000000
 10
309.600000000
 20
212.997101406
 30
0.000000000
 10
309.600000000
 20
212.950024161
 30
0.000000000
 10
309.600000000
 20
212.908594987
 30
0.000000000
 10
309.600000000
 20
212.867165813
 30
0.000000000
 10
309.600000000
 20
212.831650386
 30
0.000000000
 10
309.600000000
 20
212.796134959
 30
0.000000000
 10
309.600000000
 20
212.766761031
 30
0.000000000
 10
309.600000000
 20
212.737387103
 30
0.000000000
 10
309.600000000
 20
212.714343043
 30
0.000000000
 10
309.600000000
 20
212.691298983
 30
0.000000000
 10
309.600000000
 20
212.674732566
 30
0.000000000
 10
309.600000000
 20
212.658166150
 30
0.000000000
 10
309.600000000
 20
212.648183614
 30
0.000000000
 10
309.600000000
 20
212.638201077
 30
0.000000000
 10
309.600000000
 20
212.634866437
 30
0.000000000
 10
309.600000000
 20
212.631531797
 30
0.000000000
  0
LINE
  5
AD7
330
A02
100
AcDbEntity
  8
S08_Suspension_RearF
100
AcDbLine
 10
290.400000000
 20
212.631531797
 30
0.000000000
 11
250.560000000
 21
212.631531797
 31
0.000000000
  0
SPLINE
  5
AD8
330
A02
100
AcDbEntity
  8
S08_Suspension_RearF
100
AcDbSpline
210
0
220
0
230
1
 70
8
 71
2
 72
30
 73
27
 74
0
 40
0.000000000
 40
0.000000000
 40
0.000000000
 40
0.080101182
 40
0.080101182
 40
0.160202365
 40
0.160202365
 40
0.240303547
 40
0.240303547
 40
0.320404730
 40
0.320404730
 40
0.400505912
 40
0.400505912
 40
0.480607095
 40
0.480607095
 40
0.560708277
 40
0.560708277
 40
0.640809460
 40
0.640809460
 40
0.720910642
 40
0.720910642
 40
0.801011825
 40
0.801011825
 40
0.881113007
 40
0.881113007
 40
0.961214190
 40
0.961214190
 40
1.121416554
 40
1.121416554
 40
1.121416554
 10
290.400000000
 20
212.631531797
 30
0.000000000
 10
290.400000000
 20
212.634866437
 30
0.000000000
 10
290.400000000
 20
212.638201077
 30
0.000000000
 10
290.400000000
 20
212.648183614
 30
0.000000000
 10
290.400000000
 20
212.658166150
 30
0.000000000
 10
290.400000000
 20
212.674732566
 30
0.000000000
 10
290.400000000
 20
212.691298983
 30
0.000000000
 10
290.400000000
 20
212.714343043
 30
0.000000000
 10
290.400000000
 20
212.737387103
 30
0.000000000
 10
290.400000000
 20
212.766761031
 30
0.000000000
 10
290.400000000
 20
212.796134959
 30
0.000000000
 10
290.400000000
 20
212.831650386
 30
0.000000000
 10
290.400000000
 20
212.867165813
 30
0.000000000
 10
290.400000000
 20
212.908594987
 30
0.000000000
 10
290.400000000
 20
212.950024161
 30
0.000000000
 10
290.400000000
 20
212.997101406
 30
0.000000000
 10
290.400000000
 20
213.044178651
 30
0.000000000
 10
290.400000000
 20
213.096602072
 30
0.000000000
 10
290.400000000
 20
213.149025493
 30
0.000000000
 10
290.400000000
 20
213.206458910
 30
0.000000000
 10
290.400000000
 20
213.263892327
 30
0.000000000
 10
290.400000000
 20
213.325967434
 30
0.000000000
 10
290.400000000
 20
213.388042540
 30
0.000000000
 10
290.400000000
 20
213.454361263
 30
0.000000000
 10
290.400000000
 20
213.520679985
 30
0.000000000
 10
290.400000000
 20
213.659064875
 30
0.000000000
 10
290.400000000
 20
213.807965303
 30
0.000000000
  0
SPLINE
  5
AD9
330
A02
100
AcDbEntity
  8
S08_Suspension_RearF
100
AcDbSpline
210
0
220
0
230
1
 70
8
 71
2
 72
30
 73
27
 74
0
 40
1.634617241
 40
1.634617241
 40
1.634617241
 40
1.849899442
 40
1.849899442
 40
1.957540543
 40
1.957540543
 40
2.065181644
 40
2.065181644
 40
2.172822745
 40
2.172822745
 40
2.280463846
 40
2.280463846
 40
2.388104947
 40
2.388104947
 40
2.495746048
 40
2.495746048
 40
2.603387149
 40
2.603387149
 40
2.711028250
 40
2.711028250
 40
2.818669351
 40
2.818669351
 40
2.926310452
 40
2.926310452
 40
3.033951553
 40
3.033951553
 40
3.141592654
 40
3.141592654
 40
3.141592654
 10
290.400000000
 20
214.844189200
 30
0.000000000
 10
290.400000000
 20
215.067579841
 30
0.000000000
 10
290.400000000
 20
215.284558448
 30
0.000000000
 10
290.400000000
 20
215.390307228
 30
0.000000000
 10
290.400000000
 20
215.496056009
 30
0.000000000
 10
290.400000000
 20
215.597264190
 30
0.000000000
 10
290.400000000
 20
215.698472370
 30
0.000000000
 10
290.400000000
 20
215.793968424
 30
0.000000000
 10
290.400000000
 20
215.889464477
 30
0.000000000
 10
290.400000000
 20
215.978142995
 30
0.000000000
 10
290.400000000
 20
216.066821513
 30
0.000000000
 10
290.400000000
 20
216.147656006
 30
0.000000000
 10
290.400000000
 20
216.228490498
 30
0.000000000
 10
290.400000000
 20
216.300545270
 30
0.000000000
 10
290.400000000
 20
216.372600043
 30
0.000000000
 10
290.400000000
 20
216.435041031
 30
0.000000000
 10
290.400000000
 20
216.497482019
 30
0.000000000
 10
290.400000000
 20
216.549586443
 30
0.000000000
 10
290.400000000
 20
216.601690866
 30
0.000000000
 10
290.400000000
 20
216.642855593
 30
0.000000000
 10
290.400000000
 20
216.684020321
 30
0.000000000
 10
290.400000000
 20
216.713768853
 30
0.000000000
 10
290.400000000
 20
216.743517386
 30
0.000000000
 10
290.400000000
 20
216.761505371
 30
0.000000000
 10
290.400000000
 20
216.779493357
 30
0.000000000
 10
290.400000000
 20
216.785512577
 30
0.000000000
 10
290.400000000
 20
216.791531797
 30
0.000000000
  0
SPLINE
  5
ADA
330
A02
100
AcDbEntity
  8
S08_Suspension_RearF
100
AcDbSpline
210
0
220
0
230
1
 70
8
 71
3
 72
8
 73
4
 74
0
 40
3.812355597
 40
3.812355597
 40
3.812355597
 40
3.812355597
 40
4.732558466
 40
4.732558466
 40
4.732558466
 40
4.732558466
 10
312.328033974
 20
224.003423248
 30
0.000000000
 10
312.173526124
 20
223.978183524
 30
0.000000000
 10
311.971844948
 20
223.818444169
 30
0.000000000
 10
311.797972586
 20
223.583593960
 30
0.000000000
  0
SPLINE
  5
ADB
330
A02
100
AcDbEntity
  8
S08_Suspension_RearF
100
AcDbSpline
210
0
220
0
230
1
 70
8
 71
1
 72
4
 73
2
 74
0
 40
0.193519990
 40
0.193519990
 40
0.242883046
 40
0.242883046
 10
349.266409235
 20
228.685981251
 30
0.000000000
 10
349.440000000
 20
228.718070356
 30
0.000000000
  0
SPLINE
  5
ADC
330
A02
100
AcDbEntity
  8
S08_Suspension_RearF
100
AcDbSpline
210
0
220
0
230
1
 70
8
 71
2
 72
6
 73
3
 74
0
 40
0.000000000
 40
0.000000000
 40
0.000000000
 40
0.637288158
 40
0.637288158
 40
0.637288158
 10
309.853799832
 20
206.657486236
 30
0.000000000
 10
309.805762564
 20
206.787897545
 30
0.000000000
 10
309.871066508
 20
206.827449766
 30
0.000000000
  0
SPLINE
  5
ADD
330
A02
100
AcDbEntity
  8
S08_Suspension_RearF
100
AcDbSpline
210
0
220
0
230
1
 70
8
 71
2
 72
30
 73
27
 74
0
 40
3.778880811
 40
3.778880811
 40
3.778880811
 40
3.957759704
 40
3.957759704
 40
4.136638596
 40
4.136638596
 40
4.315517489
 40
4.315517489
 40
4.494396382
 40
4.494396382
 40
4.673275274
 40
4.673275274
 40
4.852154167
 40
4.852154167
 40
5.031033059
 40
5.031033059
 40
5.388790844
 40
5.388790844
 40
5.567669737
 40
5.567669737
 40
5.746548629
 40
5.746548629
 40
5.925427522
 40
5.925427522
 40
6.104306415
 40
6.104306415
 40
6.283185307
 40
6.283185307
 40
6.283185307
 10
310.928933492
 20
205.795613828
 30
0.000000000
 10
310.906609043
 20
205.789459021
 30
0.000000000
 10
310.884284594
 20
205.783304213
 30
0.000000000
 10
310.854232797
 20
205.785577918
 30
0.000000000
 10
310.824180999
 20
205.787851622
 30
0.000000000
 10
310.787360879
 20
205.798481280
 30
0.000000000
 10
310.750540759
 20
205.809110938
 30
0.000000000
 10
310.708127335
 20
205.827757330
 30
0.000000000
 10
310.665713911
 20
205.846403723
 30
0.000000000
 10
310.619060699
 20
205.872471798
 30
0.000000000
 10
310.572407487
 20
205.898539874
 30
0.000000000
 10
310.523003305
 20
205.931197737
 30
0.000000000
 10
310.473599122
 20
205.963855601
 30
0.000000000
 10
310.423020576
 20
206.002061060
 30
0.000000000
 10
310.372442030
 20
206.040266519
 30
0.000000000
 10
310.271020399
 20
206.123667917
 30
0.000000000
 10
310.175966275
 20
206.216343841
 30
0.000000000
 10
310.131441953
 20
206.263367516
 30
0.000000000
 10
310.086917630
 20
206.310391190
 30
0.000000000
 10
310.047388917
 20
206.357433065
 30
0.000000000
 10
310.007860204
 20
206.404474939
 30
0.000000000
 10
309.974588557
 20
206.450033793
 30
0.000000000
 10
309.941316911
 20
206.495592646
 30
0.000000000
 10
309.915364110
 20
206.538214586
 30
0.000000000
 10
309.889411309
 20
206.580836525
 30
0.000000000
 10
309.871605570
 20
206.619161381
 30
0.000000000
 10
309.853799832
 20
206.657486236
 30
0.000000000
  0
SPLINE
  5
ADE
330
A02
100
AcDbEntity
  8
S08_Suspension_RearF
100
AcDbSpline
210
0
220
0
230
1
 70
8
 71
1
 72
17
 73
15
 74
0
 40
0.000000000
 40
0.000000000
 40
0.166522836
 40
0.333045672
 40
0.499568509
 40
0.666091345
 40
0.832614181
 40
0.999137017
 40
1.165659853
 40
1.332182689
 40
1.498705526
 40
1.665228362
 40
1.831751198
 40
1.998274034
 40
2.164796870
 40
2.331319707
 40
2.331319707
 10
309.269160241
 20
222.907350862
 30
0.000000000
 10
309.288685307
 20
222.814265499
 30
0.000000000
 10
309.294690486
 20
222.707271588
 30
0.000000000
 10
309.287009640
 20
222.589329205
 30
0.000000000
 10
309.265855264
 20
222.463701324
 30
0.000000000
 10
309.231812614
 20
222.333863547
 30
0.000000000
 10
309.185823507
 20
222.203407943
 30
0.000000000
 10
309.129160270
 20
222.075943675
 30
0.000000000
 10
309.063390540
 20
221.954997150
 30
0.000000000
 10
308.990333890
 20
221.843914454
 30
0.000000000
 10
308.912011494
 20
221.745768782
 30
0.000000000
 10
308.830590207
 20
221.663275417
 30
0.000000000
 10
308.748322615
 20
221.598716606
 30
0.000000000
 10
308.667484722
 20
221.553878423
 30
0.000000000
 10
308.590312975
 20
221.530001353
 30
0.000000000
  0
SPLINE
  5
ADF
330
A02
100
AcDbEntity
  8
S08_Suspension_RearF
100
AcDbSpline
210
0
220
0
230
1
 70
8
 71
1
 72
17
 73
15
 74
0
 40
2.331319707
 40
2.331319707
 40
2.555719182
 40
2.780118657
 40
3.004518132
 40
3.228917608
 40
3.453317083
 40
3.677716558
 40
3.902116033
 40
4.126515509
 40
4.350914984
 40
4.575314459
 40
4.799713934
 40
5.024113410
 40
5.248512885
 40
5.472912360
 40
5.472912360
 10
308.590312975
 20
221.530001353
 30
0.000000000
 10
308.495863113
 20
221.532054880
 30
0.000000000
 10
308.416663945
 20
221.573194634
 30
0.000000000
 10
308.356686847
 20
221.651357697
 30
0.000000000
 10
308.318939322
 20
221.762624645
 30
0.000000000
 10
308.305314188
 20
221.901416090
 30
0.000000000
 10
308.316494666
 20
222.060772449
 30
0.000000000
 10
308.351920120
 20
222.232702929
 30
0.000000000
 10
308.409814171
 20
222.408586218
 30
0.000000000
 10
308.487273769
 20
222.579602793
 30
0.000000000
 10
308.580414765
 20
222.737177168
 30
0.000000000
 10
308.684566682
 20
222.873407907
 30
0.000000000
 10
308.794506908
 20
222.981463832
 30
0.000000000
 10
308.904722580
 20
223.055926568
 30
0.000000000
 10
309.009687025
 20
223.093062241
 30
0.000000000
  0
SPLINE
  5
AE0
330
A02
100
AcDbEntity
  8
S08_Suspension_RearF
100
AcDbSpline
210
0
220
0
230
1
 70
8
 71
3
 72
8
 73
4
 74
0
 40
5.472912360
 40
5.472912360
 40
5.472912360
 40
5.472912360
 40
6.283185307
 40
6.283185307
 40
6.283185307
 40
6.283185307
 10
309.009687025
 20
223.093062241
 30
0.000000000
 10
309.131067463
 20
223.114902776
 30
0.000000000
 10
309.226998934
 20
223.046242257
 30
0.000000000
 10
309.269160241
 20
222.907350862
 30
0.000000000
  0
SPLINE
  5
AE1
330
A02
100
AcDbEntity
  8
S08_Suspension_RearF
100
AcDbSpline
210
0
220
0
230
1
 70
8
 71
2
 72
6
 73
3
 74
0
 40
0.000000000
 40
0.000000000
 40
0.000000000
 40
0.421998210
 40
0.421998210
 40
0.421998210
 10
311.993050315
 20
202.196475907
 30
0.000000000
 10
312.027121608
 20
202.099193956
 30
0.000000000
 10
312.127952362
 20
202.089355423
 30
0.000000000
  0
SPLINE
  5
AE2
330
A02
100
AcDbEntity
  8
S08_Suspension_RearF
100
AcDbSpline
210
0
220
0
230
1
 70
8
 71
1
 72
17
 73
15
 74
0
 40
3.563590863
 40
3.563590863
 40
3.757847609
 40
3.952104355
 40
4.146361101
 40
4.340617847
 40
4.534874593
 40
4.729131339
 40
4.923388085
 40
5.117644831
 40
5.311901577
 40
5.506158323
 40
5.700415069
 40
5.894671815
 40
6.088928561
 40
6.283185307
 40
6.283185307
 10
313.472047638
 20
204.133708172
 30
0.000000000
 10
313.368041385
 20
204.122705421
 30
0.000000000
 10
313.242667025
 20
204.073665182
 30
0.000000000
 10
313.100640785
 20
203.988432211
 30
0.000000000
 10
312.947305290
 20
203.870212731
 30
0.000000000
 10
312.788428588
 20
203.723453822
 30
0.000000000
 10
312.629987169
 20
203.553676141
 30
0.000000000
 10
312.477941152
 20
203.367266242
 30
0.000000000
 10
312.338010076
 20
203.171236337
 30
0.000000000
 10
312.215457752
 20
202.972960517
 30
0.000000000
 10
312.114894252
 20
202.779897355
 30
0.000000000
 10
312.040102489
 20
202.599309342
 30
0.000000000
 10
311.993895919
 20
202.437989687
 30
0.000000000
 10
311.978012700
 20
202.302006778
 30
0.000000000
 10
311.993050315
 20
202.196475907
 30
0.000000000
  0
SPLINE
  5
AE3
330
A02
100
AcDbEntity
  8
S08_Suspension_RearF
100
AcDbSpline
210
0
220
0
230
1
 70
8
 71
2
 72
6
 73
3
 74
0
 40
6.073848794
 40
6.073848794
 40
6.073848794
 40
6.283185307
 40
6.283185307
 40
6.283185307
 10
351.978139185
 20
198.711531797
 30
0.000000000
 10
351.976672247
 20
198.644608903
 30
0.000000000
 10
351.993050315
 20
198.596475907
 30
0.000000000
  0
SPLINE
  5
AE4
330
A02
100
AcDbEntity
  8
S08_Suspension_RearF
100
AcDbSpline
210
0
220
0
230
1
 70
8
 71
2
 72
6
 73
3
 74
0
 40
0.000000000
 40
0.000000000
 40
0.000000000
 40
0.421998210
 40
0.421998210
 40
0.421998210
 10
351.993050315
 20
198.596475907
 30
0.000000000
 10
352.027121608
 20
198.499193956
 30
0.000000000
 10
352.127952362
 20
198.489355423
 30
0.000000000
  0
SPLINE
  5
AE5
330
A02
100
AcDbEntity
  8
S08_Suspension_RearF
100
AcDbSpline
210
0
220
0
230
1
 70
8
 71
3
 72
8
 73
4
 74
0
 40
0.421998210
 40
0.421998210
 40
0.421998210
 40
0.421998210
 40
1.136631731
 40
1.136631731
 40
1.136631731
 40
1.136631731
 10
352.127952362
 20
198.489355423
 30
0.000000000
 10
352.240613675
 20
198.478866005
 30
0.000000000
 10
352.412197517
 20
198.559189357
 30
0.000000000
 10
352.602557507
 20
198.711531797
 30
0.000000000
  0
SPLINE
  5
AE6
330
A02
100
AcDbEntity
  8
S08_Suspension_RearF
100
AcDbSpline
210
0
220
0
230
1
 70
8
 71
1
 72
17
 73
15
 74
0
 40
1.575104285
 40
1.575104285
 40
1.717139041
 40
1.859173796
 40
2.001208552
 40
2.143243307
 40
2.285278063
 40
2.427312819
 40
2.569347574
 40
2.711382330
 40
2.853417085
 40
2.995451841
 40
3.137486597
 40
3.279521352
 40
3.421556108
 40
3.563590863
 40
3.563590863
 10
352.960000000
 20
199.057950108
 30
0.000000000
 10
353.072522208
 20
199.192328661
 30
0.000000000
 10
353.179555824
 20
199.333135959
 30
0.000000000
 10
353.278945194
 20
199.477536145
 30
0.000000000
 10
353.368688618
 20
199.622621003
 30
0.000000000
 10
353.446978664
 20
199.765468527
 30
0.000000000
 10
353.512238574
 20
199.903201770
 30
0.000000000
 10
353.563154014
 20
200.033046788
 30
0.000000000
 10
353.598699548
 20
200.152388505
 30
0.000000000
 10
353.618159289
 20
200.258823382
 30
0.000000000
 10
353.621141320
 20
200.350207821
 30
0.000000000
 10
353.607585582
 20
200.424701343
 30
0.000000000
 10
353.577765086
 20
200.480803649
 30
0.000000000
 10
353.532280418
 20
200.517384840
 30
0.000000000
 10
353.472047638
 20
200.533708172
 30
0.000000000
  0
SPLINE
  5
AE7
330
A02
100
AcDbEntity
  8
S08_Suspension_RearF
100
AcDbSpline
210
0
220
0
230
1
 70
8
 71
3
 72
8
 73
4
 74
0
 40
3.563590863
 40
3.563590863
 40
3.563590863
 40
3.563590863
 40
4.324896696
 40
4.324896696
 40
4.324896696
 40
4.324896696
 10
353.472047638
 20
200.533708172
 30
0.000000000
 10
353.352075459
 20
200.545011126
 30
0.000000000
 10
353.164978931
 20
200.452640961
 30
0.000000000
 10
352.960000000
 20
200.280908585
 30
0.000000000
  0
SPLINE
  5
AE8
330
A02
100
AcDbEntity
  8
S08_Suspension_RearF
100
AcDbSpline
210
0
220
0
230
1
 70
8
 71
1
 72
17
 73
15
 74
0
 40
0.000000000
 40
0.000000000
 40
0.168472174
 40
0.336944348
 40
0.505416522
 40
0.673888696
 40
0.842360871
 40
1.010833045
 40
1.179305219
 40
1.347777393
 40
1.516249567
 40
1.684721741
 40
1.853193915
 40
2.021666089
 40
2.190138263
 40
2.358610438
 40
2.358610438
 10
308.511331591
 20
209.941298594
 30
0.000000000
 10
308.492961651
 20
209.846938381
 30
0.000000000
 10
308.460633106
 20
209.743080861
 30
0.000000000
 10
308.415261363
 20
209.632666842
 30
0.000000000
 10
308.358131160
 20
209.518822787
 30
0.000000000
 10
308.290860186
 20
209.404772282
 30
0.000000000
 10
308.215353271
 20
209.293744759
 30
0.000000000
 10
308.133748456
 20
209.188884051
 30
0.000000000
 10
308.048356445
 20
209.093159373
 30
0.000000000
 10
307.961595182
 20
209.009281247
 30
0.000000000
 10
307.875921383
 20
208.939624750
 30
0.000000000
 10
307.793760970
 20
208.886162261
 30
0.000000000
 10
307.717440380
 20
208.850407613
 30
0.000000000
 10
307.649120694
 20
208.833373229
 30
0.000000000
 10
307.590736438
 20
208.835541450
 30
0.000000000
  0
SPLINE
  5
AE9
330
A02
100
AcDbEntity
  8
S08_Suspension_RearF
100
AcDbSpline
210
0
220
0
230
1
 70
8
 71
1
 72
17
 73
15
 74
0
 40
2.358610438
 40
2.358610438
 40
2.583009913
 40
2.807409388
 40
3.031808863
 40
3.256208339
 40
3.480607814
 40
3.705007289
 40
3.929406764
 40
4.153806240
 40
4.378205715
 40
4.602605190
 40
4.827004665
 40
5.051404141
 40
5.275803616
 40
5.500203091
 40
5.500203091
 10
307.590736438
 20
208.835541450
 30
0.000000000
 10
307.531206154
 20
208.868068372
 30
0.000000000
 10
307.495183151
 20
208.932861236
 30
0.000000000
 10
307.484473772
 20
209.026671059
 30
0.000000000
 10
307.499615032
 20
209.144793824
 30
0.000000000
 10
307.539847683
 20
209.281306362
 30
0.000000000
 10
307.603154293
 20
209.429363365
 30
0.000000000
 10
307.686360403
 20
209.581540636
 30
0.000000000
 10
307.785293713
 20
209.730207371
 30
0.000000000
 10
307.894993293
 20
209.867908800
 30
0.000000000
 10
308.009958347
 20
209.987739999
 30
0.000000000
 10
308.124424048
 20
210.083692129
 30
0.000000000
 10
308.232650608
 20
210.150953751
 30
0.000000000
 10
308.329211094
 20
210.186152087
 30
0.000000000
 10
308.409263562
 20
210.187522144
 30
0.000000000
  0
SPLINE
  5
AEA
330
A02
100
AcDbEntity
  8
S08_Suspension_RearF
100
AcDbSpline
210
0
220
0
230
1
 70
8
 71
3
 72
8
 73
4
 74
0
 40
5.500203091
 40
5.500203091
 40
5.500203091
 40
5.500203091
 40
6.283185307
 40
6.283185307
 40
6.283185307
 40
6.283185307
 10
308.409263562
 20
210.187522144
 30
0.000000000
 10
308.491476740
 20
210.169588946
 30
0.000000000
 10
308.528963180
 20
210.079158628
 30
0.000000000
 10
308.511331591
 20
209.941298594
 30
0.000000000
  0
SPLINE
  5
AEB
330
A02
100
AcDbEntity
  8
S08_Suspension_RearF
100
AcDbSpline
210
0
220
0
230
1
 70
8
 71
3
 72
8
 73
4
 74
0
 40
5.500203091
 40
5.500203091
 40
5.500203091
 40
5.500203091
 40
6.283185307
 40
6.283185307
 40
6.283185307
 40
6.283185307
 10
353.209263562
 20
200.187522144
 30
0.000000000
 10
353.291476740
 20
200.169588946
 30
0.000000000
 10
353.328963180
 20
200.079158628
 30
0.000000000
 10
353.311331591
 20
199.941298594
 30
0.000000000
  0
SPLINE
  5
AEC
330
A02
100
AcDbEntity
  8
S08_Suspension_RearF
100
AcDbSpline
210
0
220
0
230
1
 70
8
 71
3
 72
8
 73
4
 74
0
 40
0.000000000
 40
0.000000000
 40
0.000000000
 40
0.000000000
 40
1.126184654
 40
1.126184654
 40
1.126184654
 40
1.126184654
 10
353.311331591
 20
199.941298594
 30
0.000000000
 10
353.287808100
 20
199.743761745
 30
0.000000000
 10
353.145614058
 20
199.452275509
 30
0.000000000
 10
352.960000000
 20
199.221097368
 30
0.000000000
  0
SPLINE
  5
AED
330
A02
100
AcDbEntity
  8
S08_Suspension_RearF
100
AcDbSpline
210
0
220
0
230
1
 70
8
 71
3
 72
29
 73
25
 74
0
 40
0.000000000
 40
0.000000000
 40
0.000000000
 40
0.000000000
 40
0.996969343
 40
0.996969343
 40
0.996969343
 40
1.139393535
 40
1.139393535
 40
1.139393535
 40
1.281817727
 40
1.281817727
 40
1.281817727
 40
1.424241919
 40
1.424241919
 40
1.424241919
 40
1.566666111
 40
1.566666111
 40
1.566666111
 40
1.709090303
 40
1.709090303
 40
1.709090303
 40
1.851514495
 40
1.851514495
 40
1.851514495
 40
1.993938687
 40
1.993938687
 40
1.993938687
 40
1.993938687
 10
308.209311045
 20
214.526185737
 30
0.000000000
 10
308.215690865
 20
214.368345815
 30
0.000000000
 10
308.185093106
 20
214.177447506
 30
0.000000000
 10
308.130014371
 20
214.031456659
 30
0.000000000
 10
308.121759628
 20
214.011743165
 30
0.000000000
 10
308.113504884
 20
213.992029671
 30
0.000000000
 10
308.105250141
 20
213.972316177
 30
0.000000000
 10
308.096284946
 20
213.954892432
 30
0.000000000
 10
308.087319750
 20
213.937468687
 30
0.000000000
 10
308.078354555
 20
213.920044942
 30
0.000000000
 10
308.068860457
 20
213.905263783
 30
0.000000000
 10
308.059366358
 20
213.890482624
 30
0.000000000
 10
308.049872259
 20
213.875701466
 30
0.000000000
 10
308.040041517
 20
213.863862218
 30
0.000000000
 10
308.030210774
 20
213.852022970
 30
0.000000000
 10
308.020380031
 20
213.840183722
 30
0.000000000
 10
308.010411721
 20
213.831526134
 30
0.000000000
 10
308.000443410
 20
213.822868546
 30
0.000000000
 10
307.990475099
 20
213.814210958
 30
0.000000000
 10
307.980571083
 20
213.808910349
 30
0.000000000
 10
307.970667067
 20
213.803609741
 30
0.000000000
 10
307.960763051
 20
213.798309132
 30
0.000000000
 10
307.951123889
 20
213.796472842
 30
0.000000000
 10
307.941484727
 20
213.794636552
 30
0.000000000
 10
307.931845565
 20
213.792800263
 30
0.000000000
  0
SPLINE
  5
AEE
330
A02
100
AcDbEntity
  8
S08_Suspension_RearF
100
AcDbSpline
210
0
220
0
230
1
 70
8
 71
1
 72
17
 73
15
 74
0
 40
1.993938687
 40
1.993938687
 40
2.218338162
 40
2.442737637
 40
2.667137112
 40
2.891536588
 40
3.115936063
 40
3.340335538
 40
3.564735013
 40
3.789134489
 40
4.013533964
 40
4.237933439
 40
4.462332914
 40
4.686732390
 40
4.911131865
 40
5.135531340
 40
5.135531340
 10
307.931845565
 20
213.792800263
 30
0.000000000
 10
307.889302903
 20
213.805403660
 30
0.000000000
 10
307.852311056
 20
213.843386435
 30
0.000000000
 10
307.822724949
 20
213.904843973
 30
0.000000000
 10
307.802028154
 20
213.986694537
 30
0.000000000
 10
307.791258493
 20
214.084833798
 30
0.000000000
 10
307.790956003
 20
214.194340642
 30
0.000000000
 10
307.801135852
 20
214.309723941
 30
0.000000000
 10
307.821287580
 20
214.425197893
 30
0.000000000
 10
307.850400695
 20
214.534972153
 30
0.000000000
 10
307.887015344
 20
214.633542180
 30
0.000000000
 10
307.929295515
 20
214.715965262
 30
0.000000000
 10
307.975121104
 20
214.778108361
 30
0.000000000
 10
308.022194225
 20
214.816855363
 30
0.000000000
 10
308.068154435
 20
214.830263332
 30
0.000000000
  0
SPLINE
  5
AEF
330
A02
100
AcDbEntity
  8
S08_Suspension_RearF
100
AcDbSpline
210
0
220
0
230
1
 70
8
 71
3
 72
8
 73
4
 74
0
 40
5.135531340
 40
5.135531340
 40
5.135531340
 40
5.135531340
 40
6.283185307
 40
6.283185307
 40
6.283185307
 40
6.283185307
 10
308.068154435
 20
214.830263332
 30
0.000000000
 10
308.144951261
 20
214.832659830
 30
0.000000000
 10
308.202482560
 20
214.708726712
 30
0.000000000
 10
308.209311045
 20
214.526185737
 30
0.000000000
  0
SPLINE
  5
AF0
330
A02
100
AcDbEntity
  8
S08_Suspension_RearF
100
AcDbSpline
210
0
220
0
230
1
 70
8
 71
3
 72
29
 73
25
 74
0
 40
0.000000000
 40
0.000000000
 40
0.000000000
 40
0.000000000
 40
0.996969343
 40
0.996969343
 40
0.996969343
 40
1.139393535
 40
1.139393535
 40
1.139393535
 40
1.281817727
 40
1.281817727
 40
1.281817727
 40
1.424241919
 40
1.424241919
 40
1.424241919
 40
1.566666111
 40
1.566666111
 40
1.566666111
 40
1.709090303
 40
1.709090303
 40
1.709090303
 40
1.851514495
 40
1.851514495
 40
1.851514495
 40
1.993938687
 40
1.993938687
 40
1.993938687
 40
1.993938687
 10
352.209311045
 20
214.926185737
 30
0.000000000
 10
352.215690865
 20
214.768345815
 30
0.000000000
 10
352.185093106
 20
214.577447506
 30
0.000000000
 10
352.130014371
 20
214.431456659
 30
0.000000000
 10
352.121759628
 20
214.411743165
 30
0.000000000
 10
352.113504884
 20
214.392029671
 30
0.000000000
 10
352.105250141
 20
214.372316177
 30
0.000000000
 10
352.096284946
 20
214.354892432
 30
0.000000000
 10
352.087319750
 20
214.337468687
 30
0.000000000
 10
352.078354555
 20
214.320044942
 30
0.000000000
 10
352.068860457
 20
214.305263783
 30
0.000000000
 10
352.059366358
 20
214.290482624
 30
0.000000000
 10
352.049872259
 20
214.275701466
 30
0.000000000
 10
352.040041517
 20
214.263862218
 30
0.000000000
 10
352.030210774
 20
214.252022970
 30
0.000000000
 10
352.020380031
 20
214.240183722
 30
0.000000000
 10
352.010411721
 20
214.231526134
 30
0.000000000
 10
352.000443410
 20
214.222868546
 30
0.000000000
 10
351.990475099
 20
214.214210958
 30
0.000000000
 10
351.980571083
 20
214.208910349
 30
0.000000000
 10
351.970667067
 20
214.203609741
 30
0.000000000
 10
351.960763051
 20
214.198309132
 30
0.000000000
 10
351.951123889
 20
214.196472842
 30
0.000000000
 10
351.941484727
 20
214.194636552
 30
0.000000000
 10
351.931845565
 20
214.192800263
 30
0.000000000
  0
SPLINE
  5
AF1
330
A02
100
AcDbEntity
  8
S08_Suspension_RearF
100
AcDbSpline
210
0
220
0
230
1
 70
8
 71
3
 72
8
 73
4
 74
0
 40
5.135531340
 40
5.135531340
 40
5.135531340
 40
5.135531340
 40
6.283185307
 40
6.283185307
 40
6.283185307
 40
6.283185307
 10
352.068154435
 20
215.230263332
 30
0.000000000
 10
352.144951261
 20
215.232659830
 30
0.000000000
 10
352.202482560
 20
215.108726712
 30
0.000000000
 10
352.209311045
 20
214.926185737
 30
0.000000000
  0
LINE
  5
AF2
330
A02
100
AcDbEntity
  8
S08_Suspension_RearF
100
AcDbLine
 10
349.440000000
 20
198.711531797
 30
0.000000000
 11
349.440000000
 21
214.170147121
 31
0.000000000
  0
LINE
  5
AF3
330
A02
100
AcDbEntity
  8
S08_Suspension_RearF
100
AcDbLine
 10
349.440000000
 20
215.206371019
 30
0.000000000
 11
349.440000000
 21
231.511531797
 31
0.000000000
  0
LINE
  5
AF4
330
A02
100
AcDbEntity
  8
S08_Suspension_RearF
100
AcDbLine
 10
349.440000000
 20
231.511531797
 30
0.000000000
 11
352.960000000
 21
231.511531797
 31
0.000000000
  0
LINE
  5
AF5
330
A02
100
AcDbEntity
  8
S08_Suspension_RearF
100
AcDbLine
 10
352.960000000
 20
198.711531797
 30
0.000000000
 11
352.960000000
 21
231.511531797
 31
0.000000000
  0
LINE
  5
AF6
330
A02
100
AcDbEntity
  8
S08_Suspension_RearF
100
AcDbLine
 10
349.440000000
 20
198.711531797
 30
0.000000000
 11
352.960000000
 21
198.711531797
 31
0.000000000
  0
SPLINE
  5
AF7
330
A02
100
AcDbEntity
  8
S08_Suspension_RearF
100
AcDbSpline
210
0
220
0
230
1
 70
8
 71
3
 72
8
 73
4
 74
0
 40
1.550626841
 40
1.550626841
 40
1.550626841
 40
1.550626841
 40
2.470829710
 40
2.470829710
 40
2.470829710
 40
2.470829710
 10
288.202027414
 20
223.583593960
 30
0.000000000
 10
288.028155052
 20
223.818444169
 30
0.000000000
 10
287.826473876
 20
223.978183524
 30
0.000000000
 10
287.671966026
 20
224.003423248
 30
0.000000000
  0
SPLINE
  5
AF8
330
A02
100
AcDbEntity
  8
S08_Suspension_RearF
100
AcDbSpline
210
0
220
0
230
1
 70
8
 71
1
 72
4
 73
2
 74
0
 40
0.757110920
 40
0.757110920
 40
0.806475616
 40
0.806475616
 10
250.560000000
 20
228.718070356
 30
0.000000000
 10
250.733590763
 20
228.685981251
 30
0.000000000
  0
SPLINE
  5
AF9
330
A02
100
AcDbEntity
  8
S08_Suspension_RearF
100
AcDbSpline
210
0
220
0
230
1
 70
8
 71
2
 72
30
 73
27
 74
0
 40
0.000000000
 40
0.000000000
 40
0.000000000
 40
0.178878893
 40
0.178878893
 40
0.357757785
 40
0.357757785
 40
0.536636678
 40
0.536636678
 40
0.715515570
 40
0.715515570
 40
0.894394463
 40
0.894394463
 40
1.252152248
 40
1.252152248
 40
1.431031140
 40
1.431031140
 40
1.609910033
 40
1.609910033
 40
1.788788926
 40
1.788788926
 40
1.967667818
 40
1.967667818
 40
2.146546711
 40
2.146546711
 40
2.325425603
 40
2.325425603
 40
2.504304496
 40
2.504304496
 40
2.504304496
 10
290.146200168
 20
206.657486236
 30
0.000000000
 10
290.128394430
 20
206.619161381
 30
0.000000000
 10
290.110588691
 20
206.580836525
 30
0.000000000
 10
290.084635890
 20
206.538214586
 30
0.000000000
 10
290.058683089
 20
206.495592646
 30
0.000000000
 10
290.025411443
 20
206.450033793
 30
0.000000000
 10
289.992139796
 20
206.404474939
 30
0.000000000
 10
289.952611083
 20
206.357433065
 30
0.000000000
 10
289.913082370
 20
206.310391190
 30
0.000000000
 10
289.868558047
 20
206.263367516
 30
0.000000000
 10
289.824033725
 20
206.216343841
 30
0.000000000
 10
289.728979601
 20
206.123667917
 30
0.000000000
 10
289.627557970
 20
206.040266519
 30
0.000000000
 10
289.576979424
 20
206.002061060
 30
0.000000000
 10
289.526400878
 20
205.963855601
 30
0.000000000
 10
289.476996695
 20
205.931197737
 30
0.000000000
 10
289.427592513
 20
205.898539874
 30
0.000000000
 10
289.380939301
 20
205.872471798
 30
0.000000000
 10
289.334286089
 20
205.846403723
 30
0.000000000
 10
289.291872665
 20
205.827757330
 30
0.000000000
 10
289.249459241
 20
205.809110938
 30
0.000000000
 10
289.212639121
 20
205.798481280
 30
0.000000000
 10
289.175819001
 20
205.787851622
 30
0.000000000
 10
289.145767203
 20
205.785577918
 30
0.000000000
 10
289.115715406
 20
205.783304213
 30
0.000000000
 10
289.093390957
 20
205.789459021
 30
0.000000000
 10
289.071066508
 20
205.795613828
 30
0.000000000
  0
SPLINE
  5
AFA
330
A02
100
AcDbEntity
  8
S08_Suspension_RearF
100
AcDbSpline
210
0
220
0
230
1
 70
8
 71
2
 72
6
 73
3
 74
0
 40
5.645897149
 40
5.645897149
 40
5.645897149
 40
6.283185307
 40
6.283185307
 40
6.283185307
 10
290.128933492
 20
206.827449766
 30
0.000000000
 10
290.194237436
 20
206.787897545
 30
0.000000000
 10
290.146200168
 20
206.657486236
 30
0.000000000
  0
SPLINE
  5
AFB
330
A02
100
AcDbEntity
  8
S08_Suspension_RearF
100
AcDbSpline
210
0
220
0
230
1
 70
8
 71
3
 72
8
 73
4
 74
0
 40
0.000000000
 40
0.000000000
 40
0.000000000
 40
0.000000000
 40
0.810272947
 40
0.810272947
 40
0.810272947
 40
0.810272947
 10
290.730839759
 20
222.907350862
 30
0.000000000
 10
290.773001066
 20
223.046242257
 30
0.000000000
 10
290.868932537
 20
223.114902776
 30
0.000000000
 10
290.990312975
 20
223.093062241
 30
0.000000000
  0
SPLINE
  5
AFC
330
A02
100
AcDbEntity
  8
S08_Suspension_RearF
100
AcDbSpline
210
0
220
0
230
1
 70
8
 71
1
 72
17
 73
15
 74
0
 40
0.810272947
 40
0.810272947
 40
1.034672422
 40
1.259071898
 40
1.483471373
 40
1.707870848
 40
1.932270323
 40
2.156669799
 40
2.381069274
 40
2.605468749
 40
2.829868224
 40
3.054267700
 40
3.278667175
 40
3.503066650
 40
3.727466125
 40
3.951865601
 40
3.951865601
 10
290.990312975
 20
223.093062241
 30
0.000000000
 10
291.095277420
 20
223.055926568
 30
0.000000000
 10
291.205493092
 20
222.981463832
 30
0.000000000
 10
291.315433318
 20
222.873407907
 30
0.000000000
 10
291.419585235
 20
222.737177168
 30
0.000000000
 10
291.512726231
 20
222.579602793
 30
0.000000000
 10
291.590185829
 20
222.408586218
 30
0.000000000
 10
291.648079880
 20
222.232702929
 30
0.000000000
 10
291.683505334
 20
222.060772449
 30
0.000000000
 10
291.694685812
 20
221.901416090
 30
0.000000000
 10
291.681060678
 20
221.762624645
 30
0.000000000
 10
291.643313153
 20
221.651357697
 30
0.000000000
 10
291.583336055
 20
221.573194634
 30
0.000000000
 10
291.504136887
 20
221.532054880
 30
0.000000000
 10
291.409687025
 20
221.530001353
 30
0.000000000
  0
SPLINE
  5
AFD
330
A02
100
AcDbEntity
  8
S08_Suspension_RearF
100
AcDbSpline
210
0
220
0
230
1
 70
8
 71
1
 72
17
 73
15
 74
0
 40
3.951865601
 40
3.951865601
 40
4.118388437
 40
4.284911273
 40
4.451434109
 40
4.617956945
 40
4.784479782
 40
4.951002618
 40
5.117525454
 40
5.284048290
 40
5.450571126
 40
5.617093962
 40
5.783616799
 40
5.950139635
 40
6.116662471
 40
6.283185307
 40
6.283185307
 10
291.409687025
 20
221.530001353
 30
0.000000000
 10
291.332515278
 20
221.553878423
 30
0.000000000
 10
291.251677385
 20
221.598716606
 30
0.000000000
 10
291.169409793
 20
221.663275417
 30
0.000000000
 10
291.087988506
 20
221.745768782
 30
0.000000000
 10
291.009666110
 20
221.843914454
 30
0.000000000
 10
290.936609460
 20
221.954997150
 30
0.000000000
 10
290.870839730
 20
222.075943675
 30
0.000000000
 10
290.814176493
 20
222.203407943
 30
0.000000000
 10
290.768187386
 20
222.333863547
 30
0.000000000
 10
290.734144736
 20
222.463701324
 30
0.000000000
 10
290.712990360
 20
222.589329205
 30
0.000000000
 10
290.705309514
 20
222.707271588
 30
0.000000000
 10
290.711314693
 20
222.814265499
 30
0.000000000
 10
290.730839759
 20
222.907350862
 30
0.000000000
  0
SPLINE
  5
AFE
330
A02
100
AcDbEntity
  8
S08_Suspension_RearF
100
AcDbSpline
210
0
220
0
230
1
 70
8
 71
1
 72
17
 73
15
 74
0
 40
0.000000000
 40
0.000000000
 40
0.194256746
 40
0.388513492
 40
0.582770238
 40
0.777026984
 40
0.971283730
 40
1.165540476
 40
1.359797222
 40
1.554053968
 40
1.748310714
 40
1.942567460
 40
2.136824206
 40
2.331080952
 40
2.525337698
 40
2.719594444
 40
2.719594444
 10
288.006949685
 20
202.196475907
 30
0.000000000
 10
288.021987300
 20
202.302006778
 30
0.000000000
 10
288.006104081
 20
202.437989687
 30
0.000000000
 10
287.959897511
 20
202.599309342
 30
0.000000000
 10
287.885105748
 20
202.779897355
 30
0.000000000
 10
287.784542248
 20
202.972960517
 30
0.000000000
 10
287.661989924
 20
203.171236337
 30
0.000000000
 10
287.522058848
 20
203.367266242
 30
0.000000000
 10
287.370012831
 20
203.553676141
 30
0.000000000
 10
287.211571412
 20
203.723453822
 30
0.000000000
 10
287.052694710
 20
203.870212731
 30
0.000000000
 10
286.899359215
 20
203.988432211
 30
0.000000000
 10
286.757332975
 20
204.073665182
 30
0.000000000
 10
286.631958615
 20
204.122705421
 30
0.000000000
 10
286.527952362
 20
204.133708172
 30
0.000000000
  0
SPLINE
  5
AFF
330
A02
100
AcDbEntity
  8
S08_Suspension_RearF
100
AcDbSpline
210
0
220
0
230
1
 70
8
 71
2
 72
6
 73
3
 74
0
 40
5.861187097
 40
5.861187097
 40
5.861187097
 40
6.283185307
 40
6.283185307
 40
6.283185307
 10
287.872047638
 20
202.089355423
 30
0.000000000
 10
287.972878392
 20
202.099193956
 30
0.000000000
 10
288.006949685
 20
202.196475907
 30
0.000000000
  0
SPLINE
  5
B00
330
A02
100
AcDbEntity
  8
S08_Suspension_RearF
100
AcDbSpline
210
0
220
0
230
1
 70
8
 71
3
 72
8
 73
4
 74
0
 40
1.958288611
 40
1.958288611
 40
1.958288611
 40
1.958288611
 40
2.719594444
 40
2.719594444
 40
2.719594444
 40
2.719594444
 10
247.040000000
 20
200.280908585
 30
0.000000000
 10
246.835021069
 20
200.452640961
 30
0.000000000
 10
246.647924541
 20
200.545011126
 30
0.000000000
 10
246.527952362
 20
200.533708172
 30
0.000000000
  0
SPLINE
  5
B01
330
A02
100
AcDbEntity
  8
S08_Suspension_RearF
100
AcDbSpline
210
0
220
0
230
1
 70
8
 71
1
 72
17
 73
15
 74
0
 40
2.719594444
 40
2.719594444
 40
2.861629199
 40
3.003663955
 40
3.145698711
 40
3.287733466
 40
3.429768222
 40
3.571802977
 40
3.713837733
 40
3.855872489
 40
3.997907244
 40
4.139942000
 40
4.281976755
 40
4.424011511
 40
4.566046267
 40
4.708081022
 40
4.708081022
 10
246.527952362
 20
200.533708172
 30
0.000000000
 10
246.467719582
 20
200.517384840
 30
0.000000000
 10
246.422234914
 20
200.480803649
 30
0.000000000
 10
246.392414418
 20
200.424701343
 30
0.000000000
 10
246.378858680
 20
200.350207821
 30
0.000000000
 10
246.381840711
 20
200.258823382
 30
0.000000000
 10
246.401300452
 20
200.152388505
 30
0.000000000
 10
246.436845986
 20
200.033046788
 30
0.000000000
 10
246.487761426
 20
199.903201770
 30
0.000000000
 10
246.553021336
 20
199.765468527
 30
0.000000000
 10
246.631311382
 20
199.622621003
 30
0.000000000
 10
246.721054806
 20
199.477536145
 30
0.000000000
 10
246.820444176
 20
199.333135959
 30
0.000000000
 10
246.927477792
 20
199.192328661
 30
0.000000000
 10
247.040000000
 20
199.057950108
 30
0.000000000
  0
SPLINE
  5
B02
330
A02
100
AcDbEntity
  8
S08_Suspension_RearF
100
AcDbSpline
210
0
220
0
230
1
 70
8
 71
3
 72
8
 73
4
 74
0
 40
5.146553576
 40
5.146553576
 40
5.146553576
 40
5.146553576
 40
5.861187097
 40
5.861187097
 40
5.861187097
 40
5.861187097
 10
247.397442493
 20
198.711531797
 30
0.000000000
 10
247.587802483
 20
198.559189357
 30
0.000000000
 10
247.759386325
 20
198.478866005
 30
0.000000000
 10
247.872047638
 20
198.489355423
 30
0.000000000
  0
SPLINE
  5
B03
330
A02
100
AcDbEntity
  8
S08_Suspension_RearF
100
AcDbSpline
210
0
220
0
230
1
 70
8
 71
2
 72
6
 73
3
 74
0
 40
5.861187097
 40
5.861187097
 40
5.861187097
 40
6.283185307
 40
6.283185307
 40
6.283185307
 10
247.872047638
 20
198.489355423
 30
0.000000000
 10
247.972878392
 20
198.499193956
 30
0.000000000
 10
248.006949685
 20
198.596475907
 30
0.000000000
  0
SPLINE
  5
B04
330
A02
100
AcDbEntity
  8
S08_Suspension_RearF
100
AcDbSpline
210
0
220
0
230
1
 70
8
 71
2
 72
6
 73
3
 74
0
 40
0.000000000
 40
0.000000000
 40
0.000000000
 40
0.209336513
 40
0.209336513
 40
0.209336513
 10
248.006949685
 20
198.596475907
 30
0.000000000
 10
248.023327753
 20
198.644608903
 30
0.000000000
 10
248.021860815
 20
198.711531797
 30
0.000000000
  0
SPLINE
  5
B05
330
A02
100
AcDbEntity
  8
S08_Suspension_RearF
100
AcDbSpline
210
0
220
0
230
1
 70
8
 71
3
 72
8
 73
4
 74
0
 40
0.000000000
 40
0.000000000
 40
0.000000000
 40
0.000000000
 40
0.782982216
 40
0.782982216
 40
0.782982216
 40
0.782982216
 10
291.488668409
 20
209.941298594
 30
0.000000000
 10
291.471036820
 20
210.079158628
 30
0.000000000
 10
291.508523260
 20
210.169588946
 30
0.000000000
 10
291.590736438
 20
210.187522144
 30
0.000000000
  0
SPLINE
  5
B06
330
A02
100
AcDbEntity
  8
S08_Suspension_RearF
100
AcDbSpline
210
0
220
0
230
1
 70
8
 71
1
 72
17
 73
15
 74
0
 40
0.782982216
 40
0.782982216
 40
1.007381691
 40
1.231781167
 40
1.456180642
 40
1.680580117
 40
1.904979592
 40
2.129379068
 40
2.353778543
 40
2.578178018
 40
2.802577493
 40
3.026976969
 40
3.251376444
 40
3.475775919
 40
3.700175394
 40
3.924574870
 40
3.924574870
 10
291.590736438
 20
210.187522144
 30
0.000000000
 10
291.670788906
 20
210.186152087
 30
0.000000000
 10
291.767349392
 20
210.150953751
 30
0.000000000
 10
291.875575952
 20
210.083692129
 30
0.000000000
 10
291.990041653
 20
209.987739999
 30
0.000000000
 10
292.105006707
 20
209.867908800
 30
0.000000000
 10
292.214706287
 20
209.730207371
 30
0.000000000
 10
292.313639597
 20
209.581540636
 30
0.000000000
 10
292.396845707
 20
209.429363365
 30
0.000000000
 10
292.460152317
 20
209.281306362
 30
0.000000000
 10
292.500384968
 20
209.144793824
 30
0.000000000
 10
292.515526228
 20
209.026671059
 30
0.000000000
 10
292.504816849
 20
208.932861236
 30
0.000000000
 10
292.468793846
 20
208.868068372
 30
0.000000000
 10
292.409263562
 20
208.835541450
 30
0.000000000
  0
SPLINE
  5
B07
330
A02
100
AcDbEntity
  8
S08_Suspension_RearF
100
AcDbSpline
210
0
220
0
230
1
 70
8
 71
1
 72
17
 73
15
 74
0
 40
3.924574870
 40
3.924574870
 40
4.093047044
 40
4.261519218
 40
4.429991392
 40
4.598463566
 40
4.766935740
 40
4.935407914
 40
5.103880088
 40
5.272352263
 40
5.440824437
 40
5.609296611
 40
5.777768785
 40
5.946240959
 40
6.114713133
 40
6.283185307
 40
6.283185307
 10
292.409263562
 20
208.835541450
 30
0.000000000
 10
292.350879306
 20
208.833373229
 30
0.000000000
 10
292.282559620
 20
208.850407613
 30
0.000000000
 10
292.206239030
 20
208.886162261
 30
0.000000000
 10
292.124078617
 20
208.939624750
 30
0.000000000
 10
292.038404818
 20
209.009281247
 30
0.000000000
 10
291.951643555
 20
209.093159373
 30
0.000000000
 10
291.866251544
 20
209.188884051
 30
0.000000000
 10
291.784646729
 20
209.293744759
 30
0.000000000
 10
291.709139814
 20
209.404772282
 30
0.000000000
 10
291.641868840
 20
209.518822787
 30
0.000000000
 10
291.584738637
 20
209.632666842
 30
0.000000000
 10
291.539366894
 20
209.743080861
 30
0.000000000
 10
291.507038349
 20
209.846938381
 30
0.000000000
 10
291.488668409
 20
209.941298594
 30
0.000000000
  0
SPLINE
  5
B08
330
A02
100
AcDbEntity
  8
S08_Suspension_RearF
100
AcDbSpline
210
0
220
0
230
1
 70
8
 71
3
 72
8
 73
4
 74
0
 40
5.157000653
 40
5.157000653
 40
5.157000653
 40
5.157000653
 40
6.283185307
 40
6.283185307
 40
6.283185307
 40
6.283185307
 10
247.040000000
 20
199.221097368
 30
0.000000000
 10
246.854385942
 20
199.452275509
 30
0.000000000
 10
246.712191900
 20
199.743761745
 30
0.000000000
 10
246.688668409
 20
199.941298594
 30
0.000000000
  0
SPLINE
  5
B09
330
A02
100
AcDbEntity
  8
S08_Suspension_RearF
100
AcDbSpline
210
0
220
0
230
1
 70
8
 71
3
 72
8
 73
4
 74
0
 40
0.000000000
 40
0.000000000
 40
0.000000000
 40
0.000000000
 40
0.782982216
 40
0.782982216
 40
0.782982216
 40
0.782982216
 10
246.688668409
 20
199.941298594
 30
0.000000000
 10
246.671036820
 20
200.079158628
 30
0.000000000
 10
246.708523260
 20
200.169588946
 30
0.000000000
 10
246.790736438
 20
200.187522144
 30
0.000000000
  0
SPLINE
  5
B0A
330
A02
100
AcDbEntity
  8
S08_Suspension_RearF
100
AcDbSpline
210
0
220
0
230
1
 70
8
 71
3
 72
8
 73
4
 74
0
 40
0.000000000
 40
0.000000000
 40
0.000000000
 40
0.000000000
 40
1.147653967
 40
1.147653967
 40
1.147653967
 40
1.147653967
 10
291.790688955
 20
214.526185737
 30
0.000000000
 10
291.797517440
 20
214.708726712
 30
0.000000000
 10
291.855048739
 20
214.832659830
 30
0.000000000
 10
291.931845565
 20
214.830263332
 30
0.000000000
  0
SPLINE
  5
B0B
330
A02
100
AcDbEntity
  8
S08_Suspension_RearF
100
AcDbSpline
210
0
220
0
230
1
 70
8
 71
1
 72
17
 73
15
 74
0
 40
1.147653967
 40
1.147653967
 40
1.372053442
 40
1.596452918
 40
1.820852393
 40
2.045251868
 40
2.269651343
 40
2.494050819
 40
2.718450294
 40
2.942849769
 40
3.167249244
 40
3.391648720
 40
3.616048195
 40
3.840447670
 40
4.064847145
 40
4.289246621
 40
4.289246621
 10
291.931845565
 20
214.830263332
 30
0.000000000
 10
291.977805775
 20
214.816855363
 30
0.000000000
 10
292.024878896
 20
214.778108361
 30
0.000000000
 10
292.070704485
 20
214.715965262
 30
0.000000000
 10
292.112984656
 20
214.633542180
 30
0.000000000
 10
292.149599305
 20
214.534972153
 30
0.000000000
 10
292.178712420
 20
214.425197893
 30
0.000000000
 10
292.198864148
 20
214.309723941
 30
0.000000000
 10
292.209043997
 20
214.194340642
 30
0.000000000
 10
292.208741507
 20
214.084833798
 30
0.000000000
 10
292.197971846
 20
213.986694537
 30
0.000000000
 10
292.177275051
 20
213.904843973
 30
0.000000000
 10
292.147688944
 20
213.843386435
 30
0.000000000
 10
292.110697097
 20
213.805403660
 30
0.000000000
 10
292.068154435
 20
213.792800263
 30
0.000000000
  0
SPLINE
  5
B0C
330
A02
100
AcDbEntity
  8
S08_Suspension_RearF
100
AcDbSpline
210
0
220
0
230
1
 70
8
 71
3
 72
26
 73
22
 74
0
 40
4.289246621
 40
4.289246621
 40
4.289246621
 40
4.289246621
 40
4.431670813
 40
4.431670813
 40
4.431670813
 40
4.574095004
 40
4.574095004
 40
4.574095004
 40
4.716519196
 40
4.716519196
 40
4.716519196
 40
4.858943388
 40
4.858943388
 40
4.858943388
 40
5.001367580
 40
5.001367580
 40
5.001367580
 40
5.286215964
 40
5.286215964
 40
5.286215964
 40
6.283185307
 40
6.283185307
 40
6.283185307
 40
6.283185307
 10
292.068154435
 20
213.792800263
 30
0.000000000
 10
292.058515273
 20
213.794636552
 30
0.000000000
 10
292.048876111
 20
213.796472842
 30
0.000000000
 10
292.039236949
 20
213.798309132
 30
0.000000000
 10
292.029332933
 20
213.803609741
 30
0.000000000
 10
292.019428917
 20
213.808910349
 30
0.000000000
 10
292.009524901
 20
213.814210958
 30
0.000000000
 10
291.999556590
 20
213.822868546
 30
0.000000000
 10
291.989588279
 20
213.831526134
 30
0.000000000
 10
291.979619969
 20
213.840183722
 30
0.000000000
 10
291.969789226
 20
213.852022970
 30
0.000000000
 10
291.959958483
 20
213.863862218
 30
0.000000000
 10
291.950127741
 20
213.875701466
 30
0.000000000
 10
291.940633642
 20
213.890482624
 30
0.000000000
 10
291.931139543
 20
213.905263783
 30
0.000000000
 10
291.921645445
 20
213.920044942
 30
0.000000000
 10
291.903316606
 20
213.953608255
 30
0.000000000
 10
291.886096667
 20
213.990745494
 30
0.000000000
 10
291.869985629
 20
214.031456659
 30
0.000000000
 10
291.814906894
 20
214.177447506
 30
0.000000000
 10
291.784309135
 20
214.368345815
 30
0.000000000
 10
291.790688955
 20
214.526185737
 30
0.000000000
  0
SPLINE
  5
B0D
330
A02
100
AcDbEntity
  8
S08_Suspension_RearF
100
AcDbSpline
210
0
220
0
230
1
 70
8
 71
3
 72
8
 73
4
 74
0
 40
0.000000000
 40
0.000000000
 40
0.000000000
 40
0.000000000
 40
1.147653967
 40
1.147653967
 40
1.147653967
 40
1.147653967
 10
247.790688955
 20
214.926185737
 30
0.000000000
 10
247.797517440
 20
215.108726712
 30
0.000000000
 10
247.855048739
 20
215.232659830
 30
0.000000000
 10
247.931845565
 20
215.230263332
 30
0.000000000
  0
SPLINE
  5
B0E
330
A02
100
AcDbEntity
  8
S08_Suspension_RearF
100
AcDbSpline
210
0
220
0
230
1
 70
8
 71
3
 72
26
 73
22
 74
0
 40
4.289246621
 40
4.289246621
 40
4.289246621
 40
4.289246621
 40
4.431670813
 40
4.431670813
 40
4.431670813
 40
4.574095004
 40
4.574095004
 40
4.574095004
 40
4.716519196
 40
4.716519196
 40
4.716519196
 40
4.858943388
 40
4.858943388
 40
4.858943388
 40
5.001367580
 40
5.001367580
 40
5.001367580
 40
5.286215964
 40
5.286215964
 40
5.286215964
 40
6.283185307
 40
6.283185307
 40
6.283185307
 40
6.283185307
 10
248.068154435
 20
214.192800263
 30
0.000000000
 10
248.058515273
 20
214.194636552
 30
0.000000000
 10
248.048876111
 20
214.196472842
 30
0.000000000
 10
248.039236949
 20
214.198309132
 30
0.000000000
 10
248.029332933
 20
214.203609741
 30
0.000000000
 10
248.019428917
 20
214.208910349
 30
0.000000000
 10
248.009524901
 20
214.214210958
 30
0.000000000
 10
247.999556590
 20
214.222868546
 30
0.000000000
 10
247.989588279
 20
214.231526134
 30
0.000000000
 10
247.979619969
 20
214.240183722
 30
0.000000000
 10
247.969789226
 20
214.252022970
 30
0.000000000
 10
247.959958483
 20
214.263862218
 30
0.000000000
 10
247.950127741
 20
214.275701466
 30
0.000000000
 10
247.940633642
 20
214.290482624
 30
0.000000000
 10
247.931139543
 20
214.305263783
 30
0.000000000
 10
247.921645445
 20
214.320044942
 30
0.000000000
 10
247.903316606
 20
214.353608255
 30
0.000000000
 10
247.886096667
 20
214.390745494
 30
0.000000000
 10
247.869985629
 20
214.431456659
 30
0.000000000
 10
247.814906894
 20
214.577447506
 30
0.000000000
 10
247.784309135
 20
214.768345815
 30
0.000000000
 10
247.790688955
 20
214.926185737
 30
0.000000000
  0
LINE
  5
B0F
330
A02
100
AcDbEntity
  8
S08_Suspension_RearF
100
AcDbLine
 10
247.040000000
 20
198.711531797
 30
0.000000000
 11
247.040000000
 21
231.511531797
 31
0.000000000
  0
LINE
  5
B10
330
A02
100
AcDbEntity
  8
S08_Suspension_RearF
100
AcDbLine
 10
247.040000000
 20
231.511531797
 30
0.000000000
 11
250.560000000
 21
231.511531797
 31
0.000000000
  0
LINE
  5
B11
330
A02
100
AcDbEntity
  8
S08_Suspension_RearF
100
AcDbLine
 10
250.560000000
 20
198.711531797
 30
0.000000000
 11
250.560000000
 21
214.170147121
 31
0.000000000
  0
LINE
  5
B12
330
A02
100
AcDbEntity
  8
S08_Suspension_RearF
100
AcDbLine
 10
250.560000000
 20
215.206371019
 30
0.000000000
 11
250.560000000
 21
231.511531797
 31
0.000000000
  0
LINE
  5
B13
330
A02
100
AcDbEntity
  8
S08_Suspension_RearF
100
AcDbLine
 10
247.040000000
 20
198.711531797
 30
0.000000000
 11
250.560000000
 21
198.711531797
 31
0.000000000
  0
LINE
  5
B14
330
A02
100
AcDbEntity
  8
S08_Suspension_RearF
100
AcDbLine
 10
309.600000000
 20
212.631531797
 30
0.000000000
 11
349.440000000
 21
212.631531797
 31
0.000000000
  0
LINE
  5
B15
330
A02
100
AcDbEntity
  8
S08_Suspension_RearF
100
AcDbLine
 10
290.400000000
 20
216.791531797
 30
0.000000000
 11
250.560000000
 21
216.791531797
 31
0.000000000
  0
SPLINE
  5
B16
330
A02
100
AcDbEntity
  8
S08_Suspension_RearF
100
AcDbSpline
210
0
220
0
230
1
 70
8
 71
1
 72
4
 73
2
 74
0
 40
0.072200849
 40
0.072200849
 40
1.000000000
 40
1.000000000
 10
349.440000000
 20
230.312457472
 30
0.000000000
 10
312.328033974
 20
224.003423248
 30
0.000000000
  0
SPLINE
  5
B17
330
A02
100
AcDbEntity
  8
S08_Suspension_RearF
100
AcDbSpline
210
0
220
0
230
1
 70
8
 71
1
 72
4
 73
2
 74
0
 40
0.007821259
 40
0.007821259
 40
0.317238223
 40
0.317238223
 10
347.841732456
 20
228.368500640
 30
0.000000000
 10
336.561971212
 20
226.450941228
 30
0.000000000
  0
SPLINE
  5
B18
330
A02
100
AcDbEntity
  8
S08_Suspension_RearF
100
AcDbSpline
210
0
220
0
230
1
 70
8
 71
1
 72
4
 73
2
 74
0
 40
0.006454172
 40
0.006454172
 40
0.542480836
 40
0.542480836
 10
348.012519741
 20
228.465389581
 30
0.000000000
 10
327.434872123
 20
216.791531797
 30
0.000000000
  0
SPLINE
  5
B19
330
A02
100
AcDbEntity
  8
S08_Suspension_RearF
100
AcDbSpline
210
0
220
0
230
1
 70
8
 71
1
 72
4
 73
2
 74
0
 40
0.733494892
 40
0.733494892
 40
0.900032142
 40
0.900032142
 10
320.101990767
 20
212.631531797
 30
0.000000000
 10
313.708754975
 20
209.004599954
 30
0.000000000
  0
SPLINE
  5
B1A
330
A02
100
AcDbEntity
  8
S08_Suspension_RearF
100
AcDbSpline
210
0
220
0
230
1
 70
8
 71
1
 72
4
 73
2
 74
0
 40
0.950602580
 40
0.950602580
 40
1.000000000
 40
1.000000000
 10
311.767395109
 20
207.903251568
 30
0.000000000
 10
309.871066508
 20
206.827449766
 30
0.000000000
  0
SPLINE
  5
B1B
330
A02
100
AcDbEntity
  8
S08_Suspension_RearF
100
AcDbSpline
210
0
220
0
230
1
 70
8
 71
1
 72
4
 73
2
 74
0
 40
0.074253209
 40
0.074253209
 40
0.534071273
 40
0.534071273
 10
349.440000000
 20
227.643238098
 30
0.000000000
 10
330.311568555
 20
216.791531797
 30
0.000000000
  0
SPLINE
  5
B1C
330
A02
100
AcDbEntity
  8
S08_Suspension_RearF
100
AcDbSpline
210
0
220
0
230
1
 70
8
 71
1
 72
4
 73
2
 74
0
 40
0.710342459
 40
0.710342459
 40
0.883551807
 40
0.883551807
 10
322.978687199
 20
212.631531797
 30
0.000000000
 10
315.773178305
 20
208.543791175
 30
0.000000000
  0
SPLINE
  5
B1D
330
A02
100
AcDbEntity
  8
S08_Suspension_RearF
100
AcDbSpline
210
0
220
0
230
1
 70
8
 71
1
 72
4
 73
2
 74
0
 40
0.930219112
 40
0.930219112
 40
1.000000000
 40
1.000000000
 10
313.831818439
 20
207.442442789
 30
0.000000000
 10
310.928933492
 20
205.795613828
 30
0.000000000
  0
SPLINE
  5
B1E
330
A02
100
AcDbEntity
  8
S08_Suspension_RearF
100
AcDbSpline
210
0
220
0
230
1
 70
8
 71
1
 72
4
 73
2
 74
0
 40
0.064113126
 40
0.064113126
 40
1.000000000
 40
1.000000000
 10
349.440000000
 20
230.205802487
 30
0.000000000
 10
309.009687025
 20
223.093062241
 30
0.000000000
  0
SPLINE
  5
B1F
330
A02
100
AcDbEntity
  8
S08_Suspension_RearF
100
AcDbSpline
210
0
220
0
230
1
 70
8
 71
1
 72
4
 73
2
 74
0
 40
0.000000000
 40
0.000000000
 40
1.000000000
 40
1.000000000
 10
349.266409235
 20
228.685981251
 30
0.000000000
 10
308.590312975
 20
221.530001353
 30
0.000000000
  0
SPLINE
  5
B20
330
A02
100
AcDbEntity
  8
S08_Suspension_RearF
100
AcDbSpline
210
0
220
0
230
1
 70
8
 71
1
 72
4
 73
2
 74
0
 40
0.000000000
 40
0.000000000
 40
0.932801191
 40
0.932801191
 10
312.127952362
 20
202.089355423
 30
0.000000000
 10
349.440000000
 20
198.731271135
 30
0.000000000
  0
SPLINE
  5
B21
330
A02
100
AcDbEntity
  8
S08_Suspension_RearF
100
AcDbSpline
210
0
220
0
230
1
 70
8
 71
1
 72
4
 73
2
 74
0
 40
0.938284340
 40
0.938284340
 40
1.000000000
 40
1.000000000
 10
349.659325980
 20
198.711531797
 30
0.000000000
 10
352.127952362
 20
198.489355423
 30
0.000000000
  0
SPLINE
  5
B22
330
A02
100
AcDbEntity
  8
S08_Suspension_RearF
100
AcDbSpline
210
0
220
0
230
1
 70
8
 71
1
 72
4
 73
2
 74
0
 40
0.000000000
 40
0.000000000
 40
0.636012981
 40
0.636012981
 10
313.472047638
 20
204.133708172
 30
0.000000000
 10
338.912566888
 20
201.844061439
 30
0.000000000
  0
SPLINE
  5
B23
330
A02
100
AcDbEntity
  8
S08_Suspension_RearF
100
AcDbSpline
210
0
220
0
230
1
 70
8
 71
1
 72
4
 73
2
 74
0
 40
0.987198809
 40
0.987198809
 40
1.000000000
 40
1.000000000
 10
352.960000000
 20
200.579792459
 30
0.000000000
 10
353.472047638
 20
200.533708172
 30
0.000000000
  0
SPLINE
  5
B24
330
A02
100
AcDbEntity
  8
S08_Suspension_RearF
100
AcDbSpline
210
0
220
0
230
1
 70
8
 71
1
 72
4
 73
2
 74
0
 40
0.000000000
 40
0.000000000
 40
0.979988920
 40
0.979988920
 10
307.590736438
 20
208.835541450
 30
0.000000000
 10
349.440000000
 20
199.494187976
 30
0.000000000
  0
SPLINE
  5
B25
330
A02
100
AcDbEntity
  8
S08_Suspension_RearF
100
AcDbSpline
210
0
220
0
230
1
 70
8
 71
1
 72
4
 73
2
 74
0
 40
0.000000000
 40
0.000000000
 40
0.915864653
 40
0.915864653
 10
308.409263562
 20
210.187522144
 30
0.000000000
 10
349.440000000
 20
201.028875618
 30
0.000000000
  0
SPLINE
  5
B26
330
A02
100
AcDbEntity
  8
S08_Suspension_RearF
100
AcDbSpline
210
0
220
0
230
1
 70
8
 71
1
 72
4
 73
2
 74
0
 40
0.994436081
 40
0.994436081
 40
1.000000000
 40
1.000000000
 10
352.960000000
 20
200.243161332
 30
0.000000000
 10
353.209263562
 20
200.187522144
 30
0.000000000
  0
SPLINE
  5
B27
330
A02
100
AcDbEntity
  8
S08_Suspension_RearF
100
AcDbSpline
210
0
220
0
230
1
 70
8
 71
1
 72
4
 73
2
 74
0
 40
0.000000000
 40
0.000000000
 40
1.000000000
 40
1.000000000
 10
307.931845565
 20
213.792800263
 30
0.000000000
 10
351.931845565
 20
214.192800263
 30
0.000000000
  0
SPLINE
  5
B28
330
A02
100
AcDbEntity
  8
S08_Suspension_RearF
100
AcDbSpline
210
0
220
0
230
1
 70
8
 71
1
 72
4
 73
2
 74
0
 40
0.000000000
 40
0.000000000
 40
1.000000000
 40
1.000000000
 10
308.068154435
 20
214.830263332
 30
0.000000000
 10
352.068154435
 20
215.230263332
 30
0.000000000
  0
SPLINE
  5
B29
330
A02
100
AcDbEntity
  8
S08_Suspension_RearF
100
AcDbSpline
210
0
220
0
230
1
 70
8
 71
1
 72
4
 73
2
 74
0
 40
0.007821259
 40
0.007821259
 40
0.317238223
 40
0.317238223
 10
252.158267544
 20
228.368500640
 30
0.000000000
 10
263.438028788
 20
226.450941228
 30
0.000000000
  0
SPLINE
  5
B2A
330
A02
100
AcDbEntity
  8
S08_Suspension_RearF
100
AcDbSpline
210
0
220
0
230
1
 70
8
 71
1
 72
4
 73
2
 74
0
 40
0.072200849
 40
0.072200849
 40
1.000000000
 40
1.000000000
 10
250.560000000
 20
230.312457472
 30
0.000000000
 10
287.671966026
 20
224.003423248
 30
0.000000000
  0
SPLINE
  5
B2B
330
A02
100
AcDbEntity
  8
S08_Suspension_RearF
100
AcDbSpline
210
0
220
0
230
1
 70
8
 71
1
 72
4
 73
2
 74
0
 40
0.074253209
 40
0.074253209
 40
0.534071273
 40
0.534071273
 10
250.560000000
 20
227.643238098
 30
0.000000000
 10
269.688431445
 20
216.791531797
 30
0.000000000
  0
SPLINE
  5
B2C
330
A02
100
AcDbEntity
  8
S08_Suspension_RearF
100
AcDbSpline
210
0
220
0
230
1
 70
8
 71
1
 72
4
 73
2
 74
0
 40
0.710342459
 40
0.710342459
 40
0.883551807
 40
0.883551807
 10
277.021312801
 20
212.631531797
 30
0.000000000
 10
284.226821695
 20
208.543791175
 30
0.000000000
  0
SPLINE
  5
B2D
330
A02
100
AcDbEntity
  8
S08_Suspension_RearF
100
AcDbSpline
210
0
220
0
230
1
 70
8
 71
1
 72
4
 73
2
 74
0
 40
0.930219112
 40
0.930219112
 40
1.000000000
 40
1.000000000
 10
286.168181561
 20
207.442442789
 30
0.000000000
 10
289.071066508
 20
205.795613828
 30
0.000000000
  0
SPLINE
  5
B2E
330
A02
100
AcDbEntity
  8
S08_Suspension_RearF
100
AcDbSpline
210
0
220
0
230
1
 70
8
 71
1
 72
4
 73
2
 74
0
 40
0.006454171
 40
0.006454171
 40
0.542480836
 40
0.542480836
 10
251.987480259
 20
228.465389581
 30
0.000000000
 10
272.565127877
 20
216.791531797
 30
0.000000000
  0
SPLINE
  5
B2F
330
A02
100
AcDbEntity
  8
S08_Suspension_RearF
100
AcDbSpline
210
0
220
0
230
1
 70
8
 71
1
 72
4
 73
2
 74
0
 40
0.733494892
 40
0.733494892
 40
0.900032142
 40
0.900032142
 10
279.898009233
 20
212.631531797
 30
0.000000000
 10
286.291245025
 20
209.004599954
 30
0.000000000
  0
SPLINE
  5
B30
330
A02
100
AcDbEntity
  8
S08_Suspension_RearF
100
AcDbSpline
210
0
220
0
230
1
 70
8
 71
1
 72
4
 73
2
 74
0
 40
0.950602580
 40
0.950602580
 40
1.000000000
 40
1.000000000
 10
288.232604891
 20
207.903251568
 30
0.000000000
 10
290.128933492
 20
206.827449766
 30
0.000000000
  0
SPLINE
  5
B31
330
A02
100
AcDbEntity
  8
S08_Suspension_RearF
100
AcDbSpline
210
0
220
0
230
1
 70
8
 71
1
 72
4
 73
2
 74
0
 40
0.000000000
 40
0.000000000
 40
1.000000000
 40
1.000000000
 10
250.733590763
 20
228.685981251
 30
0.000000000
 10
291.409687025
 20
221.530001353
 30
0.000000000
  0
SPLINE
  5
B32
330
A02
100
AcDbEntity
  8
S08_Suspension_RearF
100
AcDbSpline
210
0
220
0
230
1
 70
8
 71
1
 72
4
 73
2
 74
0
 40
0.064113126
 40
0.064113126
 40
1.000000000
 40
1.000000000
 10
250.560000000
 20
230.205802487
 30
0.000000000
 10
290.990312975
 20
223.093062241
 30
0.000000000
  0
SPLINE
  5
B33
330
A02
100
AcDbEntity
  8
S08_Suspension_RearF
100
AcDbSpline
210
0
220
0
230
1
 70
8
 71
1
 72
4
 73
2
 74
0
 40
0.000000000
 40
0.000000000
 40
0.636012981
 40
0.636012981
 10
286.527952362
 20
204.133708172
 30
0.000000000
 10
261.087433112
 20
201.844061439
 30
0.000000000
  0
SPLINE
  5
B34
330
A02
100
AcDbEntity
  8
S08_Suspension_RearF
100
AcDbSpline
210
0
220
0
230
1
 70
8
 71
1
 72
4
 73
2
 74
0
 40
0.987198809
 40
0.987198809
 40
1.000000000
 40
1.000000000
 10
247.040000000
 20
200.579792459
 30
0.000000000
 10
246.527952362
 20
200.533708172
 30
0.000000000
  0
SPLINE
  5
B35
330
A02
100
AcDbEntity
  8
S08_Suspension_RearF
100
AcDbSpline
210
0
220
0
230
1
 70
8
 71
1
 72
4
 73
2
 74
0
 40
0.000000000
 40
0.000000000
 40
0.932801191
 40
0.932801191
 10
287.872047638
 20
202.089355423
 30
0.000000000
 10
250.560000000
 20
198.731271135
 30
0.000000000
  0
SPLINE
  5
B36
330
A02
100
AcDbEntity
  8
S08_Suspension_RearF
100
AcDbSpline
210
0
220
0
230
1
 70
8
 71
1
 72
4
 73
2
 74
0
 40
0.938284340
 40
0.938284340
 40
1.000000000
 40
1.000000000
 10
250.340674020
 20
198.711531797
 30
0.000000000
 10
247.872047638
 20
198.489355423
 30
0.000000000
  0
SPLINE
  5
B37
330
A02
100
AcDbEntity
  8
S08_Suspension_RearF
100
AcDbSpline
210
0
220
0
230
1
 70
8
 71
1
 72
4
 73
2
 74
0
 40
0.000000000
 40
0.000000000
 40
0.915864653
 40
0.915864653
 10
291.590736438
 20
210.187522144
 30
0.000000000
 10
250.560000000
 20
201.028875618
 30
0.000000000
  0
SPLINE
  5
B38
330
A02
100
AcDbEntity
  8
S08_Suspension_RearF
100
AcDbSpline
210
0
220
0
230
1
 70
8
 71
1
 72
4
 73
2
 74
0
 40
0.994436081
 40
0.994436081
 40
1.000000000
 40
1.000000000
 10
247.040000000
 20
200.243161332
 30
0.000000000
 10
246.790736438
 20
200.187522144
 30
0.000000000
  0
SPLINE
  5
B39
330
A02
100
AcDbEntity
  8
S08_Suspension_RearF
100
AcDbSpline
210
0
220
0
230
1
 70
8
 71
1
 72
4
 73
2
 74
0
 40
0.000000000
 40
0.000000000
 40
0.979988920
 40
0.979988920
 10
292.409263562
 20
208.835541450
 30
0.000000000
 10
250.560000000
 20
199.494187976
 30
0.000000000
  0
SPLINE
  5
B3A
330
A02
100
AcDbEntity
  8
S08_Suspension_RearF
100
AcDbSpline
210
0
220
0
230
1
 70
8
 71
1
 72
4
 73
2
 74
0
 40
0.000000000
 40
0.000000000
 40
1.000000000
 40
1.000000000
 10
291.931845565
 20
214.830263332
 30
0.000000000
 10
247.931845565
 20
215.230263332
 30
0.000000000
  0
SPLINE
  5
B3B
330
A02
100
AcDbEntity
  8
S08_Suspension_RearF
100
AcDbSpline
210
0
220
0
230
1
 70
8
 71
1
 72
4
 73
2
 74
0
 40
0.000000000
 40
0.000000000
 40
1.000000000
 40
1.000000000
 10
292.068154435
 20
213.792800263
 30
0.000000000
 10
248.068154435
 20
214.192800263
 30
0.000000000
  0
SPLINE
  5
B3C
330
A02
100
AcDbEntity
  8
S08_Suspension_RearT
100
AcDbSpline
210
0
220
0
230
1
 70
8
 71
2
 72
30
 73
27
 74
0
 40
0.000000000
 40
0.000000000
 40
0.000000000
 40
0.112199738
 40
0.112199738
 40
0.336599213
 40
0.336599213
 40
0.448798951
 40
0.448798951
 40
0.560998688
 40
0.560998688
 40
0.673198426
 40
0.673198426
 40
0.785398163
 40
0.785398163
 40
0.897597901
 40
0.897597901
 40
1.009797639
 40
1.009797639
 40
1.121997376
 40
1.121997376
 40
1.234197114
 40
1.234197114
 40
1.346396852
 40
1.346396852
 40
1.458596589
 40
1.458596589
 40
1.570796327
 40
1.570796327
 40
1.570796327
 10
290.400000000
 20
135.027288113
 30
0.000000000
 10
290.400000000
 20
135.143731168
 30
0.000000000
 10
290.400000000
 20
135.260174223
 30
0.000000000
 10
290.400000000
 20
135.491763840
 30
0.000000000
 10
290.400000000
 20
135.714268562
 30
0.000000000
 10
290.400000000
 20
135.822017426
 30
0.000000000
 10
290.400000000
 20
135.929766290
 30
0.000000000
 10
290.400000000
 20
136.031840561
 30
0.000000000
 10
290.400000000
 20
136.133914832
 30
0.000000000
 10
290.400000000
 20
136.229030867
 30
0.000000000
 10
290.400000000
 20
136.324146901
 30
0.000000000
 10
290.400000000
 20
136.411108559
 30
0.000000000
 10
290.400000000
 20
136.498070218
 30
0.000000000
 10
290.400000000
 20
136.575783907
 30
0.000000000
 10
290.400000000
 20
136.653497597
 30
0.000000000
 10
290.400000000
 20
136.720986022
 30
0.000000000
 10
290.400000000
 20
136.788474447
 30
0.000000000
 10
290.400000000
 20
136.844888903
 30
0.000000000
 10
290.400000000
 20
136.901303358
 30
0.000000000
 10
290.400000000
 20
136.945934399
 30
0.000000000
 10
290.400000000
 20
136.990565440
 30
0.000000000
 10
290.400000000
 20
137.022851805
 30
0.000000000
 10
290.400000000
 20
137.055138170
 30
0.000000000
 10
290.400000000
 20
137.074673840
 30
0.000000000
 10
290.400000000
 20
137.094209510
 30
0.000000000
 10
290.400000000
 20
137.100748811
 30
0.000000000
 10
290.400000000
 20
137.107288113
 30
0.000000000
  0
SPLINE
  5
B3D
330
A02
100
AcDbEntity
  8
S08_Suspension_RearT
100
AcDbSpline
210
0
220
0
230
1
 70
8
 71
2
 72
30
 73
27
 74
0
 40
4.712388980
 40
4.712388980
 40
4.712388980
 40
4.824588718
 40
4.824588718
 40
4.936788456
 40
4.936788456
 40
5.048988193
 40
5.048988193
 40
5.161187931
 40
5.161187931
 40
5.273387669
 40
5.273387669
 40
5.385587406
 40
5.385587406
 40
5.497787144
 40
5.497787144
 40
5.609986881
 40
5.609986881
 40
5.722186619
 40
5.722186619
 40
5.834386357
 40
5.834386357
 40
5.946586094
 40
5.946586094
 40
6.058785832
 40
6.058785832
 40
6.283185307
 40
6.283185307
 40
6.283185307
 10
290.400000000
 20
132.947288113
 30
0.000000000
 10
290.400000000
 20
132.953827415
 30
0.000000000
 10
290.400000000
 20
132.960366716
 30
0.000000000
 10
290.400000000
 20
132.979902386
 30
0.000000000
 10
290.400000000
 20
132.999438056
 30
0.000000000
 10
290.400000000
 20
133.031724421
 30
0.000000000
 10
290.400000000
 20
133.064010786
 30
0.000000000
 10
290.400000000
 20
133.108641827
 30
0.000000000
 10
290.400000000
 20
133.153272868
 30
0.000000000
 10
290.400000000
 20
133.209687323
 30
0.000000000
 10
290.400000000
 20
133.266101779
 30
0.000000000
 10
290.400000000
 20
133.333590204
 30
0.000000000
 10
290.400000000
 20
133.401078629
 30
0.000000000
 10
290.400000000
 20
133.478792319
 30
0.000000000
 10
290.400000000
 20
133.556506008
 30
0.000000000
 10
290.400000000
 20
133.643467667
 30
0.000000000
 10
290.400000000
 20
133.730429325
 30
0.000000000
 10
290.400000000
 20
133.825545360
 30
0.000000000
 10
290.400000000
 20
133.920661394
 30
0.000000000
 10
290.400000000
 20
134.022735665
 30
0.000000000
 10
290.400000000
 20
134.124809936
 30
0.000000000
 10
290.400000000
 20
134.232558800
 30
0.000000000
 10
290.400000000
 20
134.340307664
 30
0.000000000
 10
290.400000000
 20
134.452376117
 30
0.000000000
 10
290.400000000
 20
134.564444570
 30
0.000000000
 10
290.400000000
 20
134.793580746
 30
0.000000000
 10
290.400000000
 20
135.027288113
 30
0.000000000
  0
SPLINE
  5
B3E
330
A02
100
AcDbEntity
  8
S08_Suspension_RearT
100
AcDbSpline
210
0
220
0
230
1
 70
8
 71
1
 72
17
 73
15
 74
0
 40
1.570796327
 40
1.570796327
 40
1.795195802
 40
2.019595277
 40
2.243994753
 40
2.468394228
 40
2.692793703
 40
2.917193178
 40
3.141592654
 40
3.365992129
 40
3.590391604
 40
3.814791079
 40
4.039190555
 40
4.263590030
 40
4.487989505
 40
4.712388980
 40
4.712388980
 10
309.600000000
 20
137.107288113
 30
0.000000000
 10
309.600000000
 20
137.055138170
 30
0.000000000
 10
309.600000000
 20
136.901303358
 30
0.000000000
 10
309.600000000
 20
136.653497597
 30
0.000000000
 10
309.600000000
 20
136.324146901
 30
0.000000000
 10
309.600000000
 20
135.929766290
 30
0.000000000
 10
309.600000000
 20
135.490131656
 30
0.000000000
 10
309.600000000
 20
135.027288113
 30
0.000000000
 10
309.600000000
 20
134.564444570
 30
0.000000000
 10
309.600000000
 20
134.124809936
 30
0.000000000
 10
309.600000000
 20
133.730429325
 30
0.000000000
 10
309.600000000
 20
133.401078629
 30
0.000000000
 10
309.600000000
 20
133.153272868
 30
0.000000000
 10
309.600000000
 20
132.999438056
 30
0.000000000
 10
309.600000000
 20
132.947288113
 30
0.000000000
  0
SPLINE
  5
B3F
330
A02
100
AcDbEntity
  8
S08_Suspension_RearT
100
AcDbSpline
210
0
220
0
230
1
 70
8
 71
2
 72
6
 73
3
 74
0
 40
0.000000000
 40
0.000000000
 40
0.000000000
 40
0.095014957
 40
0.095014957
 40
0.095014957
 10
251.701914988
 20
134.628254020
 30
0.000000000
 10
251.568474139
 20
134.728828931
 30
0.000000000
 10
251.424586707
 20
134.806305840
 30
0.000000000
  0
SPLINE
  5
B40
330
A02
100
AcDbEntity
  8
S08_Suspension_RearT
100
AcDbSpline
210
0
220
0
230
1
 70
8
 71
2
 72
6
 73
3
 74
0
 40
0.040481799
 40
0.040481799
 40
0.040481799
 40
0.056831442
 40
0.056831442
 40
0.056831442
 10
251.402939585
 20
134.817993086
 30
0.000000000
 10
251.423921045
 20
134.804777957
 30
0.000000000
 10
251.407358373
 20
134.799286890
 30
0.000000000
  0
SPLINE
  5
B41
330
A02
100
AcDbEntity
  8
S08_Suspension_RearT
100
AcDbSpline
210
0
220
0
230
1
 70
8
 71
3
 72
14
 73
10
 74
0
 40
0.056831442
 40
0.056831442
 40
0.056831442
 40
0.056831442
 40
0.125114926
 40
0.125114926
 40
0.125114926
 40
0.164400316
 40
0.164400316
 40
0.164400316
 40
0.317850738
 40
0.317850738
 40
0.317850738
 40
0.317850738
 10
251.407358373
 20
134.799286890
 30
0.000000000
 10
251.363088320
 20
134.786625997
 30
0.000000000
 10
251.284574352
 20
134.789762192
 30
0.000000000
 10
251.214020907
 20
134.790281057
 30
0.000000000
 10
251.171154978
 20
134.791665743
 30
0.000000000
 10
251.128289049
 20
134.793050430
 30
0.000000000
 10
251.085423119
 20
134.794435117
 30
0.000000000
 10
250.914206454
 20
134.802161122
 30
0.000000000
 10
250.739065414
 20
134.812481299
 30
0.000000000
 10
250.560000000
 20
134.825395648
 30
0.000000000
  0
SPLINE
  5
B42
330
A02
100
AcDbEntity
  8
S08_Suspension_RearT
100
AcDbSpline
210
0
220
0
230
1
 70
8
 71
1
 72
17
 73
15
 74
0
 40
2.954796042
 40
2.954796042
 40
3.179195517
 40
3.403594992
 40
3.627994467
 40
3.852393943
 40
4.076793418
 40
4.301192893
 40
4.525592368
 40
4.749991844
 40
4.974391319
 40
5.198790794
 40
5.423190269
 40
5.647589745
 40
5.871989220
 40
6.096388695
 40
6.096388695
 10
287.404547436
 20
112.120506437
 30
0.000000000
 10
287.437590795
 20
112.143488557
 30
0.000000000
 10
287.498835699
 20
112.230845748
 30
0.000000000
 10
287.585211074
 20
112.378197555
 30
0.000000000
 10
287.692385698
 20
112.578155143
 30
0.000000000
 10
287.814985388
 20
112.820691804
 30
0.000000000
 10
287.946862482
 20
113.093645737
 30
0.000000000
 10
288.081404114
 20
113.383329891
 30
0.000000000
 10
288.211863804
 20
113.675218295
 30
0.000000000
 10
288.331699757
 20
113.954674444
 30
0.000000000
 10
288.434902900
 20
114.207685240
 30
0.000000000
 10
288.516298196
 20
114.421563665
 30
0.000000000
 10
288.571804144
 20
114.585584963
 30
0.000000000
 10
288.598637444
 20
114.691524420
 30
0.000000000
 10
288.595452564
 20
114.734069789
 30
0.000000000
  0
SPLINE
  5
B43
330
A02
100
AcDbEntity
  8
S08_Suspension_RearT
100
AcDbSpline
210
0
220
0
230
1
 70
8
 71
1
 72
17
 73
15
 74
0
 40
0.000000000
 40
0.000000000
 40
0.214571851
 40
0.429143702
 40
0.643715554
 40
0.858287405
 40
1.072859256
 40
1.287431107
 40
1.502002959
 40
1.716574810
 40
1.931146661
 40
2.145718512
 40
2.360290363
 40
2.574862215
 40
2.789434066
 40
3.004005917
 40
3.004005917
 10
290.146200168
 20
121.638218824
 30
0.000000000
 10
290.165861867
 20
121.568515038
 30
0.000000000
 10
290.159570481
 20
121.455642160
 30
0.000000000
 10
290.127614561
 20
121.304777071
 30
0.000000000
 10
290.071459757
 20
121.122839153
 30
0.000000000
 10
289.993681591
 20
120.918172934
 30
0.000000000
 10
289.897847337
 20
120.700165369
 30
0.000000000
 10
289.788352403
 20
120.478815311
 30
0.000000000
 10
289.670218743
 20
120.264274913
 30
0.000000000
 10
289.548864521
 20
120.066384008
 30
0.000000000
 10
289.429855612
 20
119.894218802
 30
0.000000000
 10
289.318650325
 20
119.755675602
 30
0.000000000
 10
289.220349057
 20
119.657108649
 30
0.000000000
 10
289.139460367
 20
119.603038689
 30
0.000000000
 10
289.079694189
 20
119.595945622
 30
0.000000000
  0
SPLINE
  5
B44
330
A02
100
AcDbEntity
  8
S08_Suspension_RearT
100
AcDbSpline
210
0
220
0
230
1
 70
8
 71
2
 72
6
 73
3
 74
0
 40
6.145598571
 40
6.145598571
 40
6.145598571
 40
6.283185307
 40
6.283185307
 40
6.283185307
 10
290.120305811
 20
121.658630604
 30
0.000000000
 10
290.135770349
 20
121.653245254
 30
0.000000000
 10
290.146200168
 20
121.638218824
 30
0.000000000
  0
SPLINE
  5
B45
330
A02
100
AcDbEntity
  8
S08_Suspension_RearT
100
AcDbSpline
210
0
220
0
230
1
 70
8
 71
2
 72
6
 73
3
 74
0
 40
0.000000000
 40
0.000000000
 40
0.000000000
 40
0.141637786
 40
0.141637786
 40
0.141637786
 10
290.730839759
 20
154.036148756
 30
0.000000000
 10
290.719719929
 20
154.047756544
 30
0.000000000
 10
290.713382256
 20
154.045220704
 30
0.000000000
  0
SPLINE
  5
B46
330
A02
100
AcDbEntity
  8
S08_Suspension_RearT
100
AcDbSpline
210
0
220
0
230
1
 70
8
 71
1
 72
17
 73
15
 74
0
 40
3.283230439
 40
3.283230439
 40
3.497512930
 40
3.711795420
 40
3.926077911
 40
4.140360402
 40
4.354642892
 40
4.568925383
 40
4.783207873
 40
4.997490364
 40
5.211772854
 40
5.426055345
 40
5.640337835
 40
5.854620326
 40
6.068902817
 40
6.283185307
 40
6.283185307
 10
291.686617744
 20
151.209355522
 30
0.000000000
 10
291.694445455
 20
151.249507982
 30
0.000000000
 10
291.679656462
 20
151.352682250
 30
0.000000000
 10
291.642927234
 20
151.514158975
 30
0.000000000
 10
291.585937826
 20
151.726551960
 30
0.000000000
 10
291.511295020
 20
151.980146019
 30
0.000000000
 10
291.422413095
 20
152.263341365
 30
0.000000000
 10
291.323357650
 20
152.563184201
 30
0.000000000
 10
291.218659633
 20
152.865959251
 30
0.000000000
 10
291.113108095
 20
153.157817111
 30
0.000000000
 10
291.011531129
 20
153.425407749
 30
0.000000000
 10
290.918575022
 20
153.656491152
 30
0.000000000
 10
290.838491732
 20
153.840497205
 30
0.000000000
 10
290.774944393
 20
153.969009186
 30
0.000000000
 10
290.730839759
 20
154.036148756
 30
0.000000000
  0
SPLINE
  5
B47
330
A02
100
AcDbEntity
  8
S08_Suspension_RearT
100
AcDbSpline
210
0
220
0
230
1
 70
8
 71
2
 72
30
 73
27
 74
0
 40
0.000000000
 40
0.000000000
 40
0.000000000
 40
0.207237527
 40
0.207237527
 40
0.414475054
 40
0.414475054
 40
0.621712582
 40
0.621712582
 40
0.828950109
 40
0.828950109
 40
1.036187636
 40
1.036187636
 40
1.450662690
 40
1.450662690
 40
1.657900218
 40
1.657900218
 40
1.865137745
 40
1.865137745
 40
2.072375272
 40
2.072375272
 40
2.279612799
 40
2.279612799
 40
2.486850326
 40
2.486850326
 40
2.694087854
 40
2.694087854
 40
2.901325381
 40
2.901325381
 40
2.901325381
 10
288.006949685
 20
108.062423334
 30
0.000000000
 10
287.982213454
 20
108.022292698
 30
0.000000000
 10
287.957477223
 20
107.982162061
 30
0.000000000
 10
287.916533287
 20
107.921600032
 30
0.000000000
 10
287.875589351
 20
107.861038003
 30
0.000000000
 10
287.820189862
 20
107.782636267
 30
0.000000000
 10
287.764790373
 20
107.704234530
 30
0.000000000
 10
287.697306091
 20
107.611348203
 30
0.000000000
 10
287.629821809
 20
107.518461876
 30
0.000000000
 10
287.553140649
 20
107.415065927
 30
0.000000000
 10
287.476459490
 20
107.311669978
 30
0.000000000
 10
287.312601611
 20
107.093493325
 30
0.000000000
 10
287.141311767
 20
106.870946976
 30
0.000000000
 10
287.057590204
 20
106.763411554
 30
0.000000000
 10
286.973868642
 20
106.655876131
 30
0.000000000
 10
286.894985602
 20
106.556287794
 30
0.000000000
 10
286.816102561
 20
106.456699456
 30
0.000000000
 10
286.745433756
 20
106.369319977
 30
0.000000000
 10
286.674764952
 20
106.281940498
 30
0.000000000
 10
286.615334576
 20
106.210509187
 30
0.000000000
 10
286.555904201
 20
106.139077875
 30
0.000000000
 10
286.510255514
 20
106.086651557
 30
0.000000000
 10
286.464606826
 20
106.034225239
 30
0.000000000
 10
286.434693311
 20
106.003047440
 30
0.000000000
 10
286.404779797
 20
105.971869641
 30
0.000000000
 10
286.391881572
 20
105.963274582
 30
0.000000000
 10
286.378983347
 20
105.954679522
 30
0.000000000
  0
SPLINE
  5
B48
330
A02
100
AcDbEntity
  8
S08_Suspension_RearT
100
AcDbSpline
210
0
220
0
230
1
 70
8
 71
1
 72
17
 73
15
 74
0
 40
2.901325381
 40
2.901325381
 40
3.125724856
 40
3.350124331
 40
3.574523807
 40
3.798923282
 40
4.023322757
 40
4.247722232
 40
4.472121708
 40
4.696521183
 40
4.920920658
 40
5.145320133
 40
5.369719609
 40
5.594119084
 40
5.818518559
 40
6.042918034
 40
6.042918034
 10
286.378983347
 20
105.954679522
 30
0.000000000
 10
286.390668298
 20
105.987801814
 30
0.000000000
 10
286.442936520
 20
106.073048290
 30
0.000000000
 10
286.533167066
 20
106.206144335
 30
0.000000000
 10
286.656835400
 20
106.380415958
 30
0.000000000
 10
286.807740275
 20
106.587124452
 30
0.000000000
 10
286.978314691
 20
106.815904589
 30
0.000000000
 10
287.160005333
 20
107.055284380
 30
0.000000000
 10
287.343701476
 20
107.293260320
 30
0.000000000
 10
287.520191826
 20
107.517899304
 30
0.000000000
 10
287.680626421
 20
107.717936993
 30
0.000000000
 10
287.816960401
 20
107.883342664
 30
0.000000000
 10
287.922357409
 20
108.005822186
 30
0.000000000
 10
287.991532401
 20
108.079233922
 30
0.000000000
 10
288.021016653
 20
108.099896704
 30
0.000000000
  0
SPLINE
  5
B49
330
A02
100
AcDbEntity
  8
S08_Suspension_RearT
100
AcDbSpline
210
0
220
0
230
1
 70
8
 71
2
 72
6
 73
3
 74
0
 40
6.042918034
 40
6.042918034
 40
6.042918034
 40
6.283185307
 40
6.283185307
 40
6.283185307
 10
288.021016653
 20
108.099896704
 30
0.000000000
 10
288.025747716
 20
108.096391692
 30
0.000000000
 10
288.006949685
 20
108.062423334
 30
0.000000000
  0
SPLINE
  5
B4A
330
A02
100
AcDbEntity
  8
S08_Suspension_RearT
100
AcDbSpline
210
0
220
0
230
1
 70
8
 71
2
 72
28
 73
25
 74
0
 40
2.901325381
 40
2.901325381
 40
2.901325381
 40
3.003009046
 40
3.003009046
 40
3.104692712
 40
3.104692712
 40
3.206376377
 40
3.206376377
 40
3.308060042
 40
3.308060042
 40
3.409743708
 40
3.409743708
 40
3.511427373
 40
3.511427373
 40
3.613111038
 40
3.613111038
 40
3.714794704
 40
3.714794704
 40
3.816478369
 40
3.816478369
 40
3.918162034
 40
3.918162034
 40
4.121529365
 40
4.121529365
 40
4.324896696
 40
4.324896696
 40
4.324896696
 10
246.378983347
 20
133.954679522
 30
0.000000000
 10
246.379073858
 20
133.958870641
 30
0.000000000
 10
246.379164370
 20
133.963061760
 30
0.000000000
 10
246.383494769
 20
133.972749961
 30
0.000000000
 10
246.387825168
 20
133.982438161
 30
0.000000000
 10
246.396350719
 20
133.997523358
 30
0.000000000
 10
246.404876270
 20
134.012608554
 30
0.000000000
 10
246.417508899
 20
134.032934906
 30
0.000000000
 10
246.430141527
 20
134.053261258
 30
0.000000000
 10
246.446750729
 20
134.078618781
 30
0.000000000
 10
246.463359931
 20
134.103976304
 30
0.000000000
 10
246.483774123
 20
134.134103039
 30
0.000000000
 10
246.504188315
 20
134.164229773
 30
0.000000000
 10
246.528196604
 20
134.198814489
 30
0.000000000
 10
246.552204894
 20
134.233399206
 30
0.000000000
 10
246.579559260
 20
134.272084621
 30
0.000000000
 10
246.606913625
 20
134.310770036
 30
0.000000000
 10
246.637331479
 20
134.353156504
 30
0.000000000
 10
246.667749332
 20
134.395542973
 30
0.000000000
 10
246.700916436
 20
134.441192614
 30
0.000000000
 10
246.734083540
 20
134.486842255
 30
0.000000000
 10
246.804087362
 20
134.582439736
 30
0.000000000
 10
246.880456632
 20
134.685189449
 30
0.000000000
 10
246.958285182
 20
134.789501447
 30
0.000000000
 10
247.040000000
 20
134.897636557
 30
0.000000000
  0
SPLINE
  5
B4B
330
A02
100
AcDbEntity
  8
S08_Suspension_RearT
100
AcDbSpline
210
0
220
0
230
1
 70
8
 71
2
 72
6
 73
3
 74
0
 40
0.000000000
 40
0.000000000
 40
0.000000000
 40
0.099668652
 40
0.099668652
 40
0.099668652
 10
291.488668409
 20
149.281193373
 30
0.000000000
 10
291.491985572
 20
149.290101102
 30
0.000000000
 10
291.497811226
 20
149.291785706
 30
0.000000000
  0
SPLINE
  5
B4C
330
A02
100
AcDbEntity
  8
S08_Suspension_RearT
100
AcDbSpline
210
0
220
0
230
1
 70
8
 71
1
 72
17
 73
15
 74
0
 40
0.099668652
 40
0.099668652
 40
0.324068128
 40
0.548467603
 40
0.772867078
 40
0.997266554
 40
1.221666029
 40
1.446065504
 40
1.670464979
 40
1.894864455
 40
2.119263930
 40
2.343663405
 40
2.568062880
 40
2.792462356
 40
3.016861831
 40
3.241261306
 40
3.241261306
 10
291.497811226
 20
149.291785706
 30
0.000000000
 10
291.536421778
 20
149.262501873
 30
0.000000000
 10
291.598278077
 20
149.161250430
 30
0.000000000
 10
291.680278391
 20
148.993108547
 30
0.000000000
 10
291.778310881
 20
148.766507558
 30
0.000000000
 10
291.887459789
 20
148.492810185
 30
0.000000000
 10
292.002251934
 20
148.185740756
 30
0.000000000
 10
292.116931157
 20
147.860697015
 30
0.000000000
 10
292.225746964
 20
147.533978012
 30
0.000000000
 10
292.323242875
 20
147.221966802
 30
0.000000000
 10
292.404530039
 20
146.940308931
 30
0.000000000
 10
292.465532377
 20
146.703127899
 30
0.000000000
 10
292.503190979
 20
146.522316954
 30
0.000000000
 10
292.515617483
 20
146.406942713
 30
0.000000000
 10
292.502188774
 20
146.362790520
 30
0.000000000
  0
SPLINE
  5
B4D
330
A02
100
AcDbEntity
  8
S08_Suspension_RearT
100
AcDbSpline
210
0
220
0
230
1
 70
8
 71
1
 72
17
 73
15
 74
0
 40
3.241261306
 40
3.241261306
 40
3.458541592
 40
3.675821878
 40
3.893102163
 40
4.110382449
 40
4.327662735
 40
4.544943021
 40
4.762223307
 40
4.979503592
 40
5.196783878
 40
5.414064164
 40
5.631344450
 40
5.848624736
 40
6.065905021
 40
6.283185307
 40
6.283185307
 10
292.502188774
 20
146.362790520
 30
0.000000000
 10
292.465173597
 20
146.390022610
 30
0.000000000
 10
292.406283502
 20
146.484842508
 30
0.000000000
 10
292.328287814
 20
146.642791283
 30
0.000000000
 10
292.234854300
 20
146.856441349
 30
0.000000000
 10
292.130376697
 20
147.115745753
 30
0.000000000
 10
292.019768094
 20
147.408510633
 30
0.000000000
 10
291.908229892
 20
147.720968641
 30
0.000000000
 10
291.801007204
 20
148.038426351
 30
0.000000000
 10
291.703142207
 20
148.345955227
 30
0.000000000
 10
291.619237030
 20
148.629093638
 30
0.000000000
 10
291.553237337
 20
148.874526923
 30
0.000000000
 10
291.508246783
 20
149.070713512
 30
0.000000000
 10
291.486381059
 20
149.208427678
 30
0.000000000
 10
291.488668409
 20
149.281193373
 30
0.000000000
  0
SPLINE
  5
B4E
330
A02
100
AcDbEntity
  8
S08_Suspension_RearT
100
AcDbSpline
210
0
220
0
230
1
 70
8
 71
2
 72
26
 73
23
 74
0
 40
4.898804161
 40
4.898804161
 40
4.898804161
 40
5.195457264
 40
5.195457264
 40
5.393225999
 40
5.393225999
 40
5.492110367
 40
5.492110367
 40
5.590994734
 40
5.590994734
 40
5.689879102
 40
5.689879102
 40
5.788763469
 40
5.788763469
 40
5.887647837
 40
5.887647837
 40
5.986532205
 40
5.986532205
 40
6.085416572
 40
6.085416572
 40
6.184300940
 40
6.184300940
 40
6.283185307
 40
6.283185307
 40
6.283185307
 10
247.040000000
 20
135.120885646
 30
0.000000000
 10
246.967265288
 20
135.338646205
 30
0.000000000
 10
246.903701761
 20
135.544137332
 30
0.000000000
 10
246.862567211
 20
135.678709388
 30
0.000000000
 10
246.826564324
 20
135.803374659
 30
0.000000000
 10
246.809926167
 20
135.862805974
 30
0.000000000
 10
246.793288010
 20
135.922237290
 30
0.000000000
 10
246.778636673
 20
135.977296710
 30
0.000000000
 10
246.763985335
 20
136.032356130
 30
0.000000000
 10
246.751463963
 20
136.082505716
 30
0.000000000
 10
246.738942590
 20
136.132655302
 30
0.000000000
 10
246.728673518
 20
136.177405085
 30
0.000000000
 10
246.718404447
 20
136.222154867
 30
0.000000000
 10
246.710488006
 20
136.261067634
 30
0.000000000
 10
246.702571565
 20
136.299980401
 30
0.000000000
 10
246.697085100
 20
136.332675969
 30
0.000000000
 10
246.691598636
 20
136.365371537
 30
0.000000000
 10
246.688595751
 20
136.391530465
 30
0.000000000
 10
246.685592866
 20
136.417689393
 30
0.000000000
 10
246.685102899
 20
136.437056104
 30
0.000000000
 10
246.684612932
 20
136.456422815
 30
0.000000000
 10
246.686640670
 20
136.468808094
 30
0.000000000
 10
246.688668409
 20
136.481193373
 30
0.000000000
  0
SPLINE
  5
B4F
330
A02
100
AcDbEntity
  8
S08_Suspension_RearT
100
AcDbSpline
210
0
220
0
230
1
 70
8
 71
2
 72
6
 73
3
 74
0
 40
0.000000000
 40
0.000000000
 40
0.000000000
 40
0.099668652
 40
0.099668652
 40
0.099668652
 10
246.688668409
 20
136.481193373
 30
0.000000000
 10
246.691985572
 20
136.490101102
 30
0.000000000
 10
246.697811226
 20
136.491785706
 30
0.000000000
  0
SPLINE
  5
B50
330
A02
100
AcDbEntity
  8
S08_Suspension_RearT
100
AcDbSpline
210
0
220
0
230
1
 70
8
 71
1
 72
4
 73
2
 74
0
 40
0.000000000
 40
0.000000000
 40
0.072599454
 40
0.072599454
 10
291.790688955
 20
153.789231559
 30
0.000000000
 10
291.789824733
 20
153.792243797
 30
0.000000000
  0
SPLINE
  5
B51
330
A02
100
AcDbEntity
  8
S08_Suspension_RearT
100
AcDbSpline
210
0
220
0
230
1
 70
8
 71
1
 72
17
 73
15
 74
0
 40
3.214192107
 40
3.214192107
 40
3.433405907
 40
3.652619707
 40
3.871833507
 40
4.091047307
 40
4.310261107
 40
4.529474907
 40
4.748688707
 40
4.967902507
 40
5.187116307
 40
5.406330107
 40
5.625543907
 40
5.844757707
 40
6.063971507
 40
6.283185307
 40
6.283185307
 10
292.210175267
 20
151.462332430
 30
0.000000000
 10
292.206076627
 20
151.490380606
 30
0.000000000
 10
292.192114632
 20
151.572844086
 30
0.000000000
 10
292.168957540
 20
151.705775957
 30
0.000000000
 10
292.137713706
 20
151.882813759
 30
0.000000000
 10
292.099878543
 20
152.095484010
 30
0.000000000
 10
292.057262936
 20
152.333607767
 30
0.000000000
 10
292.011906579
 20
152.585787817
 30
0.000000000
 10
291.965980342
 20
152.839954177
 30
0.000000000
 10
291.921682373
 20
153.083941796
 30
0.000000000
 10
291.881132887
 20
153.306072800
 30
0.000000000
 10
291.846272685
 20
153.495715430
 30
0.000000000
 10
291.818770265
 20
153.643792906
 30
0.000000000
 10
291.799941965
 20
153.743217860
 30
0.000000000
 10
291.790688955
 20
153.789231559
 30
0.000000000
  0
SPLINE
  5
B52
330
A02
100
AcDbEntity
  8
S08_Suspension_RearT
100
AcDbSpline
210
0
220
0
230
1
 70
8
 71
1
 72
4
 73
2
 74
0
 40
0.000000000
 40
0.000000000
 40
0.072599454
 40
0.072599454
 10
247.790688955
 20
145.789231559
 30
0.000000000
 10
247.789824733
 20
145.792243797
 30
0.000000000
  0
SPLINE
  5
B53
330
A02
100
AcDbEntity
  8
S08_Suspension_RearT
100
AcDbSpline
210
0
220
0
230
1
 70
8
 71
1
 72
17
 73
15
 74
0
 40
0.072599454
 40
0.072599454
 40
0.296998929
 40
0.521398404
 40
0.745797879
 40
0.970197355
 40
1.194596830
 40
1.418996305
 40
1.643395781
 40
1.867795256
 40
2.092194731
 40
2.316594206
 40
2.540993682
 40
2.765393157
 40
2.989792632
 40
3.214192107
 40
3.214192107
 10
247.789824733
 20
145.792243797
 30
0.000000000
 10
247.794141483
 20
145.762862692
 30
0.000000000
 10
247.808780838
 20
145.676539136
 30
0.000000000
 10
247.833008720
 20
145.537601753
 30
0.000000000
 10
247.865610242
 20
145.353017443
 30
0.000000000
 10
247.904950628
 20
145.132042033
 30
0.000000000
 10
247.949057186
 20
144.885756155
 30
0.000000000
 10
247.995718230
 20
144.626509609
 30
0.000000000
 10
248.042593979
 20
144.367302101
 30
0.000000000
 10
248.087333889
 20
144.121131378
 30
0.000000000
 10
248.127694513
 20
143.900341466
 30
0.000000000
 10
248.161652000
 20
143.716003695
 30
0.000000000
 10
248.187503582
 20
143.577361530
 30
0.000000000
 10
248.203952950
 20
143.491367067
 30
0.000000000
 10
248.210175267
 20
143.462332430
 30
0.000000000
  0
SPLINE
  5
B54
330
A02
100
AcDbEntity
  8
S08_Suspension_RearT
100
AcDbSpline
210
0
220
0
230
1
 70
8
 71
1
 72
17
 73
15
 74
0
 40
3.214192107
 40
3.214192107
 40
3.433405907
 40
3.652619707
 40
3.871833507
 40
4.091047307
 40
4.310261107
 40
4.529474907
 40
4.748688707
 40
4.967902507
 40
5.187116307
 40
5.406330107
 40
5.625543907
 40
5.844757707
 40
6.063971507
 40
6.283185307
 40
6.283185307
 10
248.210175267
 20
143.462332430
 30
0.000000000
 10
248.206076627
 20
143.490380606
 30
0.000000000
 10
248.192114632
 20
143.572844086
 30
0.000000000
 10
248.168957540
 20
143.705775957
 30
0.000000000
 10
248.137713706
 20
143.882813759
 30
0.000000000
 10
248.099878543
 20
144.095484010
 30
0.000000000
 10
248.057262936
 20
144.333607767
 30
0.000000000
 10
248.011906579
 20
144.585787817
 30
0.000000000
 10
247.965980342
 20
144.839954177
 30
0.000000000
 10
247.921682373
 20
145.083941796
 30
0.000000000
 10
247.881132887
 20
145.306072800
 30
0.000000000
 10
247.846272685
 20
145.495715430
 30
0.000000000
 10
247.818770265
 20
145.643792906
 30
0.000000000
 10
247.799941965
 20
145.743217860
 30
0.000000000
 10
247.790688955
 20
145.789231559
 30
0.000000000
  0
LINE
  5
B55
330
A02
100
AcDbEntity
  8
S08_Suspension_RearT
100
AcDbLine
 10
250.560000000
 20
131.027288113
 30
0.000000000
 11
247.040000000
 21
131.027288113
 31
0.000000000
  0
LINE
  5
B56
330
A02
100
AcDbEntity
  8
S08_Suspension_RearT
100
AcDbLine
 10
250.560000000
 20
139.027288113
 30
0.000000000
 11
247.040000000
 21
139.027288113
 31
0.000000000
  0
LINE
  5
B57
330
A02
100
AcDbEntity
  8
S08_Suspension_RearT
100
AcDbLine
 10
250.560000000
 20
131.027288113
 30
0.000000000
 11
250.560000000
 21
139.027288113
 31
0.000000000
  0
LINE
  5
B58
330
A02
100
AcDbEntity
  8
S08_Suspension_RearT
100
AcDbLine
 10
247.040000000
 20
131.027288113
 30
0.000000000
 11
247.040000000
 21
139.027288113
 31
0.000000000
  0
SPLINE
  5
B59
330
A02
100
AcDbEntity
  8
S08_Suspension_RearT
100
AcDbSpline
210
0
220
0
230
1
 70
8
 71
3
 72
14
 73
10
 74
0
 40
0.682143126
 40
0.682143126
 40
0.682143126
 40
0.682143126
 40
0.841429546
 40
0.841429546
 40
0.841429546
 40
0.899755458
 40
0.899755458
 40
0.899755458
 40
0.943180359
 40
0.943180359
 40
0.943180359
 40
0.943180359
 10
349.440000000
 20
134.825395648
 30
0.000000000
 10
349.254031356
 20
134.811935924
 30
0.000000000
 10
349.072431611
 20
134.801355318
 30
0.000000000
 10
348.895200766
 20
134.793653831
 30
0.000000000
 10
348.830405727
 20
134.790906220
 30
0.000000000
 10
348.767948619
 20
134.789554881
 30
0.000000000
 10
348.707829441
 20
134.789599813
 30
0.000000000
 10
348.664676164
 20
134.790299572
 30
0.000000000
 10
348.618792756
 20
134.790490369
 30
0.000000000
 10
348.592641627
 20
134.799286890
 30
0.000000000
  0
SPLINE
  5
B5A
330
A02
100
AcDbEntity
  8
S08_Suspension_RearT
100
AcDbSpline
210
0
220
0
230
1
 70
8
 71
2
 72
6
 73
3
 74
0
 40
0.943180359
 40
0.943180359
 40
0.943180359
 40
0.959532966
 40
0.959532966
 40
0.959532966
 10
348.592641627
 20
134.799286890
 30
0.000000000
 10
348.576078493
 20
134.804771148
 30
0.000000000
 10
348.597060415
 20
134.817993086
 30
0.000000000
  0
SPLINE
  5
B5B
330
A02
100
AcDbEntity
  8
S08_Suspension_RearT
100
AcDbSpline
210
0
220
0
230
1
 70
8
 71
2
 72
6
 73
3
 74
0
 40
0.904984221
 40
0.904984221
 40
0.904984221
 40
1.000000000
 40
1.000000000
 40
1.000000000
 10
348.575413294
 20
134.806305840
 30
0.000000000
 10
348.431525891
 20
134.728828950
 30
0.000000000
 10
348.298085012
 20
134.628254020
 30
0.000000000
  0
SPLINE
  5
B5C
330
A02
100
AcDbEntity
  8
S08_Suspension_RearT
100
AcDbSpline
210
0
220
0
230
1
 70
8
 71
2
 72
6
 73
3
 74
0
 40
0.000000000
 40
0.000000000
 40
0.000000000
 40
0.186796612
 40
0.186796612
 40
0.186796612
 10
311.430023556
 20
114.719500833
 30
0.000000000
 10
311.412206756
 20
114.738111284
 30
0.000000000
 10
311.404547436
 20
114.734069789
 30
0.000000000
  0
SPLINE
  5
B5D
330
A02
100
AcDbEntity
  8
S08_Suspension_RearT
100
AcDbSpline
210
0
220
0
230
1
 70
8
 71
1
 72
17
 73
15
 74
0
 40
0.186796612
 40
0.186796612
 40
0.411196087
 40
0.635595562
 40
0.859995038
 40
1.084394513
 40
1.308793988
 40
1.533193464
 40
1.757592939
 40
1.981992414
 40
2.206391889
 40
2.430791365
 40
2.655190840
 40
2.879590315
 40
3.103989790
 40
3.328389266
 40
3.328389266
 10
311.404547436
 20
114.734069789
 30
0.000000000
 10
311.401362556
 20
114.691524420
 30
0.000000000
 10
311.428195856
 20
114.585584963
 30
0.000000000
 10
311.483701804
 20
114.421563665
 30
0.000000000
 10
311.565097100
 20
114.207685240
 30
0.000000000
 10
311.668300243
 20
113.954674444
 30
0.000000000
 10
311.788136196
 20
113.675218295
 30
0.000000000
 10
311.918595886
 20
113.383329891
 30
0.000000000
 10
312.053137518
 20
113.093645737
 30
0.000000000
 10
312.185014612
 20
112.820691804
 30
0.000000000
 10
312.307614302
 20
112.578155143
 30
0.000000000
 10
312.414788926
 20
112.378197555
 30
0.000000000
 10
312.501164301
 20
112.230845748
 30
0.000000000
 10
312.562409205
 20
112.143488557
 30
0.000000000
 10
312.595452564
 20
112.120506437
 30
0.000000000
  0
SPLINE
  5
B5E
330
A02
100
AcDbEntity
  8
S08_Suspension_RearT
100
AcDbSpline
210
0
220
0
230
1
 70
8
 71
2
 72
6
 73
3
 74
0
 40
0.000000000
 40
0.000000000
 40
0.000000000
 40
0.137586736
 40
0.137586736
 40
0.137586736
 10
309.853799832
 20
121.638218824
 30
0.000000000
 10
309.864229651
 20
121.653245254
 30
0.000000000
 10
309.879694189
 20
121.658630604
 30
0.000000000
  0
SPLINE
  5
B5F
330
A02
100
AcDbEntity
  8
S08_Suspension_RearT
100
AcDbSpline
210
0
220
0
230
1
 70
8
 71
1
 72
17
 73
15
 74
0
 40
3.279179390
 40
3.279179390
 40
3.493751241
 40
3.708323093
 40
3.922894944
 40
4.137466795
 40
4.352038646
 40
4.566610497
 40
4.781182349
 40
4.995754200
 40
5.210326051
 40
5.424897902
 40
5.639469754
 40
5.854041605
 40
6.068613456
 40
6.283185307
 40
6.283185307
 10
310.920305811
 20
119.595945622
 30
0.000000000
 10
310.860539633
 20
119.603038689
 30
0.000000000
 10
310.779650943
 20
119.657108649
 30
0.000000000
 10
310.681349675
 20
119.755675602
 30
0.000000000
 10
310.570144388
 20
119.894218802
 30
0.000000000
 10
310.451135479
 20
120.066384008
 30
0.000000000
 10
310.329781257
 20
120.264274913
 30
0.000000000
 10
310.211647597
 20
120.478815311
 30
0.000000000
 10
310.102152663
 20
120.700165369
 30
0.000000000
 10
310.006318409
 20
120.918172934
 30
0.000000000
 10
309.928540243
 20
121.122839153
 30
0.000000000
 10
309.872385439
 20
121.304777071
 30
0.000000000
 10
309.840429519
 20
121.455642160
 30
0.000000000
 10
309.834138133
 20
121.568515038
 30
0.000000000
 10
309.853799832
 20
121.638218824
 30
0.000000000
  0
SPLINE
  5
B60
330
A02
100
AcDbEntity
  8
S08_Suspension_RearT
100
AcDbSpline
210
0
220
0
230
1
 70
8
 71
1
 72
17
 73
15
 74
0
 40
0.000000000
 40
0.000000000
 40
0.214282491
 40
0.428564981
 40
0.642847472
 40
0.857129962
 40
1.071412453
 40
1.285694943
 40
1.499977434
 40
1.714259924
 40
1.928542415
 40
2.142824906
 40
2.357107396
 40
2.571389887
 40
2.785672377
 40
2.999954868
 40
2.999954868
 10
309.269160241
 20
154.036148756
 30
0.000000000
 10
309.225055607
 20
153.969009186
 30
0.000000000
 10
309.161508268
 20
153.840497205
 30
0.000000000
 10
309.081424978
 20
153.656491152
 30
0.000000000
 10
308.988468871
 20
153.425407749
 30
0.000000000
 10
308.886891905
 20
153.157817111
 30
0.000000000
 10
308.781340367
 20
152.865959251
 30
0.000000000
 10
308.676642350
 20
152.563184201
 30
0.000000000
 10
308.577586905
 20
152.263341365
 30
0.000000000
 10
308.488704980
 20
151.980146019
 30
0.000000000
 10
308.414062174
 20
151.726551960
 30
0.000000000
 10
308.357072766
 20
151.514158975
 30
0.000000000
 10
308.320343538
 20
151.352682250
 30
0.000000000
 10
308.305554545
 20
151.249507982
 30
0.000000000
 10
308.313382256
 20
151.209355522
 30
0.000000000
  0
SPLINE
  5
B61
330
A02
100
AcDbEntity
  8
S08_Suspension_RearT
100
AcDbSpline
210
0
220
0
230
1
 70
8
 71
2
 72
6
 73
3
 74
0
 40
6.141547521
 40
6.141547521
 40
6.141547521
 40
6.283185307
 40
6.283185307
 40
6.283185307
 10
309.286617744
 20
154.045220704
 30
0.000000000
 10
309.280280071
 20
154.047756544
 30
0.000000000
 10
309.269160241
 20
154.036148756
 30
0.000000000
  0
SPLINE
  5
B62
330
A02
100
AcDbEntity
  8
S08_Suspension_RearT
100
AcDbSpline
210
0
220
0
230
1
 70
8
 71
2
 72
6
 73
3
 74
0
 40
0.000000000
 40
0.000000000
 40
0.000000000
 40
0.240267273
 40
0.240267273
 40
0.240267273
 10
311.993050315
 20
108.062423334
 30
0.000000000
 10
311.974252284
 20
108.096391692
 30
0.000000000
 10
311.978983347
 20
108.099896704
 30
0.000000000
  0
SPLINE
  5
B63
330
A02
100
AcDbEntity
  8
S08_Suspension_RearT
100
AcDbSpline
210
0
220
0
230
1
 70
8
 71
1
 72
17
 73
15
 74
0
 40
0.240267273
 40
0.240267273
 40
0.464666748
 40
0.689066223
 40
0.913465699
 40
1.137865174
 40
1.362264649
 40
1.586664124
 40
1.811063600
 40
2.035463075
 40
2.259862550
 40
2.484262025
 40
2.708661501
 40
2.933060976
 40
3.157460451
 40
3.381859926
 40
3.381859926
 10
311.978983347
 20
108.099896704
 30
0.000000000
 10
312.008467599
 20
108.079233922
 30
0.000000000
 10
312.077642591
 20
108.005822186
 30
0.000000000
 10
312.183039599
 20
107.883342664
 30
0.000000000
 10
312.319373579
 20
107.717936993
 30
0.000000000
 10
312.479808174
 20
107.517899304
 30
0.000000000
 10
312.656298524
 20
107.293260320
 30
0.000000000
 10
312.839994667
 20
107.055284380
 30
0.000000000
 10
313.021685309
 20
106.815904589
 30
0.000000000
 10
313.192259725
 20
106.587124452
 30
0.000000000
 10
313.343164600
 20
106.380415958
 30
0.000000000
 10
313.466832934
 20
106.206144335
 30
0.000000000
 10
313.557063480
 20
106.073048290
 30
0.000000000
 10
313.609331702
 20
105.987801814
 30
0.000000000
 10
313.621016653
 20
105.954679522
 30
0.000000000
  0
SPLINE
  5
B64
330
A02
100
AcDbEntity
  8
S08_Suspension_RearT
100
AcDbSpline
210
0
220
0
230
1
 70
8
 71
1
 72
17
 73
15
 74
0
 40
3.381859926
 40
3.381859926
 40
3.589097454
 40
3.796334981
 40
4.003572508
 40
4.210810035
 40
4.418047562
 40
4.625285090
 40
4.832522617
 40
5.039760144
 40
5.246997671
 40
5.454235198
 40
5.661472726
 40
5.868710253
 40
6.075947780
 40
6.283185307
 40
6.283185307
 10
313.621016653
 20
105.954679522
 30
0.000000000
 10
313.595220203
 20
105.971869641
 30
0.000000000
 10
313.535393174
 20
106.034225239
 30
0.000000000
 10
313.444095799
 20
106.139077875
 30
0.000000000
 10
313.325235048
 20
106.281940498
 30
0.000000000
 10
313.183897439
 20
106.456699456
 30
0.000000000
 10
313.026131358
 20
106.655876131
 30
0.000000000
 10
312.858688233
 20
106.870946976
 30
0.000000000
 10
312.688733610
 20
107.092708269
 30
0.000000000
 10
312.523540510
 20
107.311669978
 30
0.000000000
 10
312.370178191
 20
107.518461876
 30
0.000000000
 10
312.235209627
 20
107.704234530
 30
0.000000000
 10
312.124410649
 20
107.861038003
 30
0.000000000
 10
312.042522777
 20
107.982162061
 30
0.000000000
 10
311.993050315
 20
108.062423334
 30
0.000000000
  0
SPLINE
  5
B65
330
A02
100
AcDbEntity
  8
S08_Suspension_RearT
100
AcDbSpline
210
0
220
0
230
1
 70
8
 71
3
 72
38
 73
34
 74
0
 40
1.958288611
 40
1.958288611
 40
1.958288611
 40
1.958288611
 40
2.263339607
 40
2.263339607
 40
2.263339607
 40
2.466706938
 40
2.466706938
 40
2.466706938
 40
2.568390604
 40
2.568390604
 40
2.568390604
 40
2.670074269
 40
2.670074269
 40
2.670074269
 40
2.771757934
 40
2.771757934
 40
2.771757934
 40
2.873441600
 40
2.873441600
 40
2.873441600
 40
2.975125265
 40
2.975125265
 40
2.975125265
 40
3.076808930
 40
3.076808930
 40
3.076808930
 40
3.178492596
 40
3.178492596
 40
3.178492596
 40
3.280176261
 40
3.280176261
 40
3.280176261
 40
3.381859926
 40
3.381859926
 40
3.381859926
 40
3.381859926
 10
352.960000000
 20
134.897636557
 30
0.000000000
 10
353.041837874
 20
134.789405222
 30
0.000000000
 10
353.120795638
 20
134.683830058
 30
0.000000000
 10
353.194769027
 20
134.583724700
 30
0.000000000
 10
353.243100462
 20
134.518092654
 30
0.000000000
 10
353.288927675
 20
134.455365411
 30
0.000000000
 10
353.332250668
 20
134.395542973
 30
0.000000000
 10
353.352529237
 20
134.367285327
 30
0.000000000
 10
353.372807806
 20
134.339027682
 30
0.000000000
 10
353.393086375
 20
134.310770036
 30
0.000000000
 10
353.411322618
 20
134.284979759
 30
0.000000000
 10
353.429558862
 20
134.259189482
 30
0.000000000
 10
353.447795106
 20
134.233399206
 30
0.000000000
 10
353.463800632
 20
134.210342728
 30
0.000000000
 10
353.479806159
 20
134.187286251
 30
0.000000000
 10
353.495811685
 20
134.164229773
 30
0.000000000
 10
353.509421146
 20
134.144145284
 30
0.000000000
 10
353.523030608
 20
134.124060794
 30
0.000000000
 10
353.536640069
 20
134.103976304
 30
0.000000000
 10
353.547712870
 20
134.087071289
 30
0.000000000
 10
353.558785672
 20
134.070166274
 30
0.000000000
 10
353.569858473
 20
134.053261258
 30
0.000000000
 10
353.578280225
 20
134.039710357
 30
0.000000000
 10
353.586701978
 20
134.026159455
 30
0.000000000
 10
353.595123730
 20
134.012608554
 30
0.000000000
 10
353.600807430
 20
134.002551756
 30
0.000000000
 10
353.606491131
 20
133.992494959
 30
0.000000000
 10
353.612174832
 20
133.982438161
 30
0.000000000
 10
353.615061765
 20
133.975979361
 30
0.000000000
 10
353.617948698
 20
133.969520561
 30
0.000000000
 10
353.620835630
 20
133.963061760
 30
0.000000000
 10
353.620895971
 20
133.960267681
 30
0.000000000
 10
353.620956312
 20
133.957473602
 30
0.000000000
 10
353.621016653
 20
133.954679522
 30
0.000000000
  0
SPLINE
  5
B66
330
A02
100
AcDbEntity
  8
S08_Suspension_RearT
100
AcDbSpline
210
0
220
0
230
1
 70
8
 71
1
 72
17
 73
15
 74
0
 40
0.000000000
 40
0.000000000
 40
0.217280286
 40
0.434560572
 40
0.651840857
 40
0.869121143
 40
1.086401429
 40
1.303681715
 40
1.520962001
 40
1.738242286
 40
1.955522572
 40
2.172802858
 40
2.390083144
 40
2.607363430
 40
2.824643715
 40
3.041924001
 40
3.041924001
 10
308.511331591
 20
149.281193373
 30
0.000000000
 10
308.513618941
 20
149.208427678
 30
0.000000000
 10
308.491753217
 20
149.070713512
 30
0.000000000
 10
308.446762663
 20
148.874526923
 30
0.000000000
 10
308.380762970
 20
148.629093638
 30
0.000000000
 10
308.296857793
 20
148.345955227
 30
0.000000000
 10
308.198992796
 20
148.038426351
 30
0.000000000
 10
308.091770108
 20
147.720968641
 30
0.000000000
 10
307.980231906
 20
147.408510633
 30
0.000000000
 10
307.869623303
 20
147.115745753
 30
0.000000000
 10
307.765145700
 20
146.856441349
 30
0.000000000
 10
307.671712186
 20
146.642791283
 30
0.000000000
 10
307.593716498
 20
146.484842508
 30
0.000000000
 10
307.534826403
 20
146.390022610
 30
0.000000000
 10
307.497811226
 20
146.362790520
 30
0.000000000
  0
SPLINE
  5
B67
330
A02
100
AcDbEntity
  8
S08_Suspension_RearT
100
AcDbSpline
210
0
220
0
230
1
 70
8
 71
1
 72
17
 73
15
 74
0
 40
3.041924001
 40
3.041924001
 40
3.266323476
 40
3.490722952
 40
3.715122427
 40
3.939521902
 40
4.163921377
 40
4.388320853
 40
4.612720328
 40
4.837119803
 40
5.061519278
 40
5.285918754
 40
5.510318229
 40
5.734717704
 40
5.959117179
 40
6.183516655
 40
6.183516655
 10
307.497811226
 20
146.362790520
 30
0.000000000
 10
307.484382517
 20
146.406942713
 30
0.000000000
 10
307.496809021
 20
146.522316954
 30
0.000000000
 10
307.534467623
 20
146.703127899
 30
0.000000000
 10
307.595469961
 20
146.940308931
 30
0.000000000
 10
307.676757125
 20
147.221966802
 30
0.000000000
 10
307.774253036
 20
147.533978012
 30
0.000000000
 10
307.883068843
 20
147.860697015
 30
0.000000000
 10
307.997748066
 20
148.185740756
 30
0.000000000
 10
308.112540211
 20
148.492810185
 30
0.000000000
 10
308.221689119
 20
148.766507558
 30
0.000000000
 10
308.319721609
 20
148.993108547
 30
0.000000000
 10
308.401721923
 20
149.161250430
 30
0.000000000
 10
308.463578222
 20
149.262501873
 30
0.000000000
 10
308.502188774
 20
149.291785706
 30
0.000000000
  0
SPLINE
  5
B68
330
A02
100
AcDbEntity
  8
S08_Suspension_RearT
100
AcDbSpline
210
0
220
0
230
1
 70
8
 71
2
 72
6
 73
3
 74
0
 40
6.183516655
 40
6.183516655
 40
6.183516655
 40
6.283185307
 40
6.283185307
 40
6.283185307
 10
308.502188774
 20
149.291785706
 30
0.000000000
 10
308.508014428
 20
149.290101102
 30
0.000000000
 10
308.511331591
 20
149.281193373
 30
0.000000000
  0
SPLINE
  5
B69
330
A02
100
AcDbEntity
  8
S08_Suspension_RearT
100
AcDbSpline
210
0
220
0
230
1
 70
8
 71
2
 72
6
 73
3
 74
0
 40
6.183516655
 40
6.183516655
 40
6.183516655
 40
6.283185307
 40
6.283185307
 40
6.283185307
 10
353.302188774
 20
136.491785706
 30
0.000000000
 10
353.308014428
 20
136.490101102
 30
0.000000000
 10
353.311331591
 20
136.481193373
 30
0.000000000
  0
SPLINE
  5
B6A
330
A02
100
AcDbEntity
  8
S08_Suspension_RearT
100
AcDbSpline
210
0
220
0
230
1
 70
8
 71
2
 72
26
 73
23
 74
0
 40
0.000000000
 40
0.000000000
 40
0.000000000
 40
0.098884368
 40
0.098884368
 40
0.197768735
 40
0.197768735
 40
0.296653103
 40
0.296653103
 40
0.395537470
 40
0.395537470
 40
0.494421838
 40
0.494421838
 40
0.593306205
 40
0.593306205
 40
0.692190573
 40
0.692190573
 40
0.791074940
 40
0.791074940
 40
0.889959308
 40
0.889959308
 40
1.087728043
 40
1.087728043
 40
1.384381146
 40
1.384381146
 40
1.384381146
 10
353.311331591
 20
136.481193373
 30
0.000000000
 10
353.313359330
 20
136.468808094
 30
0.000000000
 10
353.315387068
 20
136.456422815
 30
0.000000000
 10
353.314897101
 20
136.437056104
 30
0.000000000
 10
353.314407134
 20
136.417689393
 30
0.000000000
 10
353.311404249
 20
136.391530465
 30
0.000000000
 10
353.308401364
 20
136.365371537
 30
0.000000000
 10
353.302914900
 20
136.332675969
 30
0.000000000
 10
353.297428435
 20
136.299980401
 30
0.000000000
 10
353.289511994
 20
136.261067634
 30
0.000000000
 10
353.281595553
 20
136.222154867
 30
0.000000000
 10
353.271326482
 20
136.177405085
 30
0.000000000
 10
353.261057410
 20
136.132655302
 30
0.000000000
 10
353.248536037
 20
136.082505716
 30
0.000000000
 10
353.236014665
 20
136.032356130
 30
0.000000000
 10
353.221363327
 20
135.977296710
 30
0.000000000
 10
353.206711990
 20
135.922237290
 30
0.000000000
 10
353.190073833
 20
135.862805974
 30
0.000000000
 10
353.173435676
 20
135.803374659
 30
0.000000000
 10
353.137432789
 20
135.678709388
 30
0.000000000
 10
353.096298239
 20
135.544137332
 30
0.000000000
 10
353.032734712
 20
135.338646205
 30
0.000000000
 10
352.960000000
 20
135.120885646
 30
0.000000000
  0
SPLINE
  5
B6B
330
A02
100
AcDbEntity
  8
S08_Suspension_RearT
100
AcDbSpline
210
0
220
0
230
1
 70
8
 71
1
 72
17
 73
15
 74
0
 40
0.000000000
 40
0.000000000
 40
0.219213800
 40
0.438427600
 40
0.657641400
 40
0.876855200
 40
1.096069000
 40
1.315282800
 40
1.534496600
 40
1.753710400
 40
1.972924200
 40
2.192138000
 40
2.411351800
 40
2.630565600
 40
2.849779400
 40
3.068993200
 40
3.068993200
 10
308.209311045
 20
153.789231559
 30
0.000000000
 10
308.200058035
 20
153.743217860
 30
0.000000000
 10
308.181229735
 20
153.643792906
 30
0.000000000
 10
308.153727315
 20
153.495715430
 30
0.000000000
 10
308.118867113
 20
153.306072800
 30
0.000000000
 10
308.078317627
 20
153.083941796
 30
0.000000000
 10
308.034019658
 20
152.839954177
 30
0.000000000
 10
307.988093421
 20
152.585787817
 30
0.000000000
 10
307.942737064
 20
152.333607767
 30
0.000000000
 10
307.900121457
 20
152.095484010
 30
0.000000000
 10
307.862286294
 20
151.882813759
 30
0.000000000
 10
307.831042460
 20
151.705775957
 30
0.000000000
 10
307.807885368
 20
151.572844086
 30
0.000000000
 10
307.793923373
 20
151.490380606
 30
0.000000000
 10
307.789824733
 20
151.462332430
 30
0.000000000
  0
SPLINE
  5
B6C
330
A02
100
AcDbEntity
  8
S08_Suspension_RearT
100
AcDbSpline
210
0
220
0
230
1
 70
8
 71
1
 72
4
 73
2
 74
0
 40
6.210585853
 40
6.210585853
 40
6.283185307
 40
6.283185307
 10
308.210175267
 20
153.792243797
 30
0.000000000
 10
308.209311045
 20
153.789231559
 30
0.000000000
  0
SPLINE
  5
B6D
330
A02
100
AcDbEntity
  8
S08_Suspension_RearT
100
AcDbSpline
210
0
220
0
230
1
 70
8
 71
1
 72
17
 73
15
 74
0
 40
0.000000000
 40
0.000000000
 40
0.219213800
 40
0.438427600
 40
0.657641400
 40
0.876855200
 40
1.096069000
 40
1.315282800
 40
1.534496600
 40
1.753710400
 40
1.972924200
 40
2.192138000
 40
2.411351800
 40
2.630565600
 40
2.849779400
 40
3.068993200
 40
3.068993200
 10
352.209311045
 20
145.789231559
 30
0.000000000
 10
352.200058035
 20
145.743217860
 30
0.000000000
 10
352.181229735
 20
145.643792906
 30
0.000000000
 10
352.153727315
 20
145.495715430
 30
0.000000000
 10
352.118867113
 20
145.306072800
 30
0.000000000
 10
352.078317627
 20
145.083941796
 30
0.000000000
 10
352.034019658
 20
144.839954177
 30
0.000000000
 10
351.988093421
 20
144.585787817
 30
0.000000000
 10
351.942737064
 20
144.333607767
 30
0.000000000
 10
351.900121457
 20
144.095484010
 30
0.000000000
 10
351.862286294
 20
143.882813759
 30
0.000000000
 10
351.831042460
 20
143.705775957
 30
0.000000000
 10
351.807885368
 20
143.572844086
 30
0.000000000
 10
351.793923373
 20
143.490380606
 30
0.000000000
 10
351.789824733
 20
143.462332430
 30
0.000000000
  0
SPLINE
  5
B6E
330
A02
100
AcDbEntity
  8
S08_Suspension_RearT
100
AcDbSpline
210
0
220
0
230
1
 70
8
 71
1
 72
17
 73
15
 74
0
 40
3.068993200
 40
3.068993200
 40
3.293392675
 40
3.517792150
 40
3.742191626
 40
3.966591101
 40
4.190990576
 40
4.415390051
 40
4.639789527
 40
4.864189002
 40
5.088588477
 40
5.312987952
 40
5.537387428
 40
5.761786903
 40
5.986186378
 40
6.210585853
 40
6.210585853
 10
351.789824733
 20
143.462332430
 30
0.000000000
 10
351.796047050
 20
143.491367067
 30
0.000000000
 10
351.812496418
 20
143.577361530
 30
0.000000000
 10
351.838348000
 20
143.716003695
 30
0.000000000
 10
351.872305487
 20
143.900341466
 30
0.000000000
 10
351.912666111
 20
144.121131378
 30
0.000000000
 10
351.957406021
 20
144.367302101
 30
0.000000000
 10
352.004281770
 20
144.626509609
 30
0.000000000
 10
352.050942814
 20
144.885756155
 30
0.000000000
 10
352.095049372
 20
145.132042033
 30
0.000000000
 10
352.134389758
 20
145.353017443
 30
0.000000000
 10
352.166991280
 20
145.537601753
 30
0.000000000
 10
352.191219162
 20
145.676539136
 30
0.000000000
 10
352.205858517
 20
145.762862692
 30
0.000000000
 10
352.210175267
 20
145.792243797
 30
0.000000000
  0
SPLINE
  5
B6F
330
A02
100
AcDbEntity
  8
S08_Suspension_RearT
100
AcDbSpline
210
0
220
0
230
1
 70
8
 71
1
 72
4
 73
2
 74
0
 40
6.210585853
 40
6.210585853
 40
6.283185307
 40
6.283185307
 10
352.210175267
 20
145.792243797
 30
0.000000000
 10
352.209311045
 20
145.789231559
 30
0.000000000
  0
LINE
  5
B70
330
A02
100
AcDbEntity
  8
S08_Suspension_RearT
100
AcDbLine
 10
352.960000000
 20
131.027288113
 30
0.000000000
 11
349.440000000
 21
131.027288113
 31
0.000000000
  0
LINE
  5
B71
330
A02
100
AcDbEntity
  8
S08_Suspension_RearT
100
AcDbLine
 10
352.960000000
 20
139.027288113
 30
0.000000000
 11
349.440000000
 21
139.027288113
 31
0.000000000
  0
LINE
  5
B72
330
A02
100
AcDbEntity
  8
S08_Suspension_RearT
100
AcDbLine
 10
352.960000000
 20
131.027288113
 30
0.000000000
 11
352.960000000
 21
139.027288113
 31
0.000000000
  0
LINE
  5
B73
330
A02
100
AcDbEntity
  8
S08_Suspension_RearT
100
AcDbLine
 10
349.440000000
 20
131.027288113
 30
0.000000000
 11
349.440000000
 21
139.027288113
 31
0.000000000
  0
LINE
  5
B74
330
A02
100
AcDbEntity
  8
S08_Suspension_RearT
100
AcDbLine
 10
290.400000000
 20
137.107288113
 30
0.000000000
 11
257.072452286
 21
137.107288113
 31
0.000000000
  0
LINE
  5
B75
330
A02
100
AcDbEntity
  8
S08_Suspension_RearT
100
AcDbLine
 10
290.400000000
 20
132.947288113
 30
0.000000000
 11
257.508628562
 21
132.947288113
 31
0.000000000
  0
LINE
  5
B76
330
A02
100
AcDbEntity
  8
S08_Suspension_RearT
100
AcDbLine
 10
309.600000000
 20
132.947288113
 30
0.000000000
 11
342.491371438
 21
132.947288113
 31
0.000000000
  0
LINE
  5
B77
330
A02
100
AcDbEntity
  8
S08_Suspension_RearT
100
AcDbLine
 10
309.600000000
 20
137.107288113
 30
0.000000000
 11
342.927547714
 21
137.107288113
 31
0.000000000
  0
SPLINE
  5
B78
330
A02
100
AcDbEntity
  8
S08_Suspension_RearT
100
AcDbSpline
210
0
220
0
230
1
 70
8
 71
1
 72
4
 73
2
 74
0
 40
0.000286339
 40
0.000286339
 40
1.000000000
 40
1.000000000
 10
251.424619968
 20
134.806319391
 30
0.000000000
 10
288.595452564
 20
114.734069789
 30
0.000000000
  0
SPLINE
  5
B79
330
A02
100
AcDbEntity
  8
S08_Suspension_RearT
100
AcDbSpline
210
0
220
0
230
1
 70
8
 71
1
 72
4
 73
2
 74
0
 40
0.078886314
 40
0.078886314
 40
1.000000000
 40
1.000000000
 10
250.560000000
 20
132.016562052
 30
0.000000000
 10
287.404547436
 20
112.120506437
 30
0.000000000
  0
SPLINE
  5
B7A
330
A02
100
AcDbEntity
  8
S08_Suspension_RearT
100
AcDbSpline
210
0
220
0
230
1
 70
8
 71
1
 72
4
 73
2
 74
0
 40
0.364661916
 40
0.364661916
 40
1.000000000
 40
1.000000000
 10
262.649629888
 20
128.744814034
 30
0.000000000
 10
289.079694189
 20
119.595945622
 30
0.000000000
  0
SPLINE
  5
B7B
330
A02
100
AcDbEntity
  8
S08_Suspension_RearT
100
AcDbSpline
210
0
220
0
230
1
 70
8
 71
1
 72
4
 73
2
 74
0
 40
0.011426970
 40
0.011426970
 40
1.000000000
 40
1.000000000
 10
251.752359347
 20
134.939842841
 30
0.000000000
 10
290.120305811
 20
121.658630604
 30
0.000000000
  0
SPLINE
  5
B7C
330
A02
100
AcDbEntity
  8
S08_Suspension_RearT
100
AcDbSpline
210
0
220
0
230
1
 70
8
 71
1
 72
4
 73
2
 74
0
 40
0.000000000
 40
0.000000000
 40
1.000000000
 40
1.000000000
 10
251.407358374
 20
134.799286889
 30
0.000000000
 10
291.686617744
 20
151.209355522
 30
0.000000000
  0
SPLINE
  5
B7D
330
A02
100
AcDbEntity
  8
S08_Suspension_RearT
100
AcDbSpline
210
0
220
0
230
1
 70
8
 71
1
 72
4
 73
2
 74
0
 40
0.070523559
 40
0.070523559
 40
1.000000000
 40
1.000000000
 10
250.560000000
 20
137.686435341
 30
0.000000000
 10
290.713382256
 20
154.045220704
 30
0.000000000
  0
SPLINE
  5
B7E
330
A02
100
AcDbEntity
  8
S08_Suspension_RearT
100
AcDbSpline
210
0
220
0
230
1
 70
8
 71
1
 72
4
 73
2
 74
0
 40
0.000000000
 40
0.000000000
 40
0.895474584
 40
0.895474584
 10
286.378983347
 20
105.954679522
 30
0.000000000
 10
250.560000000
 20
131.027967865
 30
0.000000000
  0
SPLINE
  5
B7F
330
A02
100
AcDbEntity
  8
S08_Suspension_RearT
100
AcDbSpline
210
0
220
0
230
1
 70
8
 71
1
 72
4
 73
2
 74
0
 40
0.983474584
 40
0.983474584
 40
1.000000000
 40
1.000000000
 10
247.040000000
 20
133.491967865
 30
0.000000000
 10
246.378983347
 20
133.954679522
 30
0.000000000
  0
SPLINE
  5
B80
330
A02
100
AcDbEntity
  8
S08_Suspension_RearT
100
AcDbSpline
210
0
220
0
230
1
 70
8
 71
1
 72
4
 73
2
 74
0
 40
0.000000000
 40
0.000000000
 40
0.576205681
 40
0.576205681
 10
288.021016653
 20
108.099896704
 30
0.000000000
 10
264.972789430
 20
124.233655760
 30
0.000000000
  0
SPLINE
  5
B81
330
A02
100
AcDbEntity
  8
S08_Suspension_RearT
100
AcDbSpline
210
0
220
0
230
1
 70
8
 71
1
 72
4
 73
2
 74
0
 40
0.000000000
 40
0.000000000
 40
0.337618977
 40
0.337618977
 10
291.497811226
 20
149.291785706
 30
0.000000000
 10
276.372481079
 20
144.970262806
 30
0.000000000
  0
SPLINE
  5
B82
330
A02
100
AcDbEntity
  8
S08_Suspension_RearT
100
AcDbSpline
210
0
220
0
230
1
 70
8
 71
1
 72
4
 73
2
 74
0
 40
0.992361858
 40
0.992361858
 40
1.000000000
 40
1.000000000
 10
247.040000000
 20
136.589553927
 30
0.000000000
 10
246.697811226
 20
136.491785706
 30
0.000000000
  0
SPLINE
  5
B83
330
A02
100
AcDbEntity
  8
S08_Suspension_RearT
100
AcDbSpline
210
0
220
0
230
1
 70
8
 71
1
 72
4
 73
2
 74
0
 40
0.000000000
 40
0.000000000
 40
0.762059220
 40
0.762059220
 10
292.502188774
 20
146.362790520
 30
0.000000000
 10
260.107930348
 20
137.107288113
 30
0.000000000
  0
SPLINE
  5
B84
330
A02
100
AcDbEntity
  8
S08_Suspension_RearT
100
AcDbSpline
210
0
220
0
230
1
 70
8
 71
1
 72
4
 73
2
 74
0
 40
0.000000000
 40
0.000000000
 40
0.019602309
 40
0.019602309
 10
291.789824733
 20
153.792243797
 30
0.000000000
 10
290.927323158
 20
153.635425328
 30
0.000000000
  0
SPLINE
  5
B85
330
A02
100
AcDbEntity
  8
S08_Suspension_RearT
100
AcDbSpline
210
0
220
0
230
1
 70
8
 71
1
 72
4
 73
2
 74
0
 40
0.069668820
 40
0.069668820
 40
1.000000000
 40
1.000000000
 10
288.724396653
 20
153.234893237
 30
0.000000000
 10
247.789824733
 20
145.792243797
 30
0.000000000
  0
SPLINE
  5
B86
330
A02
100
AcDbEntity
  8
S08_Suspension_RearT
100
AcDbSpline
210
0
220
0
230
1
 70
8
 71
1
 72
4
 73
2
 74
0
 40
0.000000000
 40
0.000000000
 40
0.012114637
 40
0.012114637
 10
292.210175267
 20
151.462332430
 30
0.000000000
 10
291.677131234
 20
151.365415333
 30
0.000000000
  0
SPLINE
  5
B87
330
A02
100
AcDbEntity
  8
S08_Suspension_RearT
100
AcDbSpline
210
0
220
0
230
1
 70
8
 71
1
 72
4
 73
2
 74
0
 40
0.321651890
 40
0.321651890
 40
1.000000000
 40
1.000000000
 10
278.057492104
 20
148.889117309
 30
0.000000000
 10
248.210175267
 20
143.462332430
 30
0.000000000
  0
SPLINE
  5
B88
330
A02
100
AcDbEntity
  8
S08_Suspension_RearT
100
AcDbSpline
210
0
220
0
230
1
 70
8
 71
1
 72
4
 73
2
 74
0
 40
0.078886314
 40
0.078886314
 40
1.000000000
 40
1.000000000
 10
349.440000000
 20
132.016562052
 30
0.000000000
 10
312.595452564
 20
112.120506437
 30
0.000000000
  0
SPLINE
  5
B89
330
A02
100
AcDbEntity
  8
S08_Suspension_RearT
100
AcDbSpline
210
0
220
0
230
1
 70
8
 71
1
 72
4
 73
2
 74
0
 40
0.000286339
 40
0.000286339
 40
1.000000000
 40
1.000000000
 10
348.575380032
 20
134.806319391
 30
0.000000000
 10
311.404547436
 20
114.734069789
 30
0.000000000
  0
SPLINE
  5
B8A
330
A02
100
AcDbEntity
  8
S08_Suspension_RearT
100
AcDbSpline
210
0
220
0
230
1
 70
8
 71
1
 72
4
 73
2
 74
0
 40
0.011426970
 40
0.011426970
 40
1.000000000
 40
1.000000000
 10
348.247640653
 20
134.939842841
 30
0.000000000
 10
309.879694189
 20
121.658630604
 30
0.000000000
  0
SPLINE
  5
B8B
330
A02
100
AcDbEntity
  8
S08_Suspension_RearT
100
AcDbSpline
210
0
220
0
230
1
 70
8
 71
1
 72
4
 73
2
 74
0
 40
0.364661916
 40
0.364661916
 40
1.000000000
 40
1.000000000
 10
337.350370112
 20
128.744814034
 30
0.000000000
 10
310.920305811
 20
119.595945622
 30
0.000000000
  0
SPLINE
  5
B8C
330
A02
100
AcDbEntity
  8
S08_Suspension_RearT
100
AcDbSpline
210
0
220
0
230
1
 70
8
 71
1
 72
4
 73
2
 74
0
 40
0.070523559
 40
0.070523559
 40
1.000000000
 40
1.000000000
 10
349.440000000
 20
137.686435341
 30
0.000000000
 10
309.286617744
 20
154.045220704
 30
0.000000000
  0
SPLINE
  5
B8D
330
A02
100
AcDbEntity
  8
S08_Suspension_RearT
100
AcDbSpline
210
0
220
0
230
1
 70
8
 71
1
 72
4
 73
2
 74
0
 40
0.000000000
 40
0.000000000
 40
1.000000000
 40
1.000000000
 10
348.592641627
 20
134.799286889
 30
0.000000000
 10
308.313382256
 20
151.209355522
 30
0.000000000
  0
SPLINE
  5
B8E
330
A02
100
AcDbEntity
  8
S08_Suspension_RearT
100
AcDbSpline
210
0
220
0
230
1
 70
8
 71
1
 72
4
 73
2
 74
0
 40
0.000000000
 40
0.000000000
 40
0.576205681
 40
0.576205681
 10
311.978983347
 20
108.099896704
 30
0.000000000
 10
335.027210570
 20
124.233655760
 30
0.000000000
  0
SPLINE
  5
B8F
330
A02
100
AcDbEntity
  8
S08_Suspension_RearT
100
AcDbSpline
210
0
220
0
230
1
 70
8
 71
1
 72
4
 73
2
 74
0
 40
0.000000000
 40
0.000000000
 40
0.895474584
 40
0.895474584
 10
313.621016653
 20
105.954679522
 30
0.000000000
 10
349.440000000
 20
131.027967865
 30
0.000000000
  0
SPLINE
  5
B90
330
A02
100
AcDbEntity
  8
S08_Suspension_RearT
100
AcDbSpline
210
0
220
0
230
1
 70
8
 71
1
 72
4
 73
2
 74
0
 40
0.983474584
 40
0.983474584
 40
1.000000000
 40
1.000000000
 10
352.960000000
 20
133.491967865
 30
0.000000000
 10
353.621016653
 20
133.954679522
 30
0.000000000
  0
SPLINE
  5
B91
330
A02
100
AcDbEntity
  8
S08_Suspension_RearT
100
AcDbSpline
210
0
220
0
230
1
 70
8
 71
1
 72
4
 73
2
 74
0
 40
0.000000000
 40
0.000000000
 40
0.762059220
 40
0.762059220
 10
307.497811226
 20
146.362790520
 30
0.000000000
 10
339.892069652
 20
137.107288113
 30
0.000000000
  0
SPLINE
  5
B92
330
A02
100
AcDbEntity
  8
S08_Suspension_RearT
100
AcDbSpline
210
0
220
0
230
1
 70
8
 71
1
 72
4
 73
2
 74
0
 40
0.000000000
 40
0.000000000
 40
0.337618977
 40
0.337618977
 10
308.502188774
 20
149.291785706
 30
0.000000000
 10
323.627518921
 20
144.970262806
 30
0.000000000
  0
SPLINE
  5
B93
330
A02
100
AcDbEntity
  8
S08_Suspension_RearT
100
AcDbSpline
210
0
220
0
230
1
 70
8
 71
1
 72
4
 73
2
 74
0
 40
0.992361858
 40
0.992361858
 40
1.000000000
 40
1.000000000
 10
352.960000000
 20
136.589553927
 30
0.000000000
 10
353.302188774
 20
136.491785706
 30
0.000000000
  0
SPLINE
  5
B94
330
A02
100
AcDbEntity
  8
S08_Suspension_RearT
100
AcDbSpline
210
0
220
0
230
1
 70
8
 71
1
 72
4
 73
2
 74
0
 40
0.000000000
 40
0.000000000
 40
0.012114637
 40
0.012114637
 10
307.789824733
 20
151.462332430
 30
0.000000000
 10
308.322868766
 20
151.365415333
 30
0.000000000
  0
SPLINE
  5
B95
330
A02
100
AcDbEntity
  8
S08_Suspension_RearT
100
AcDbSpline
210
0
220
0
230
1
 70
8
 71
1
 72
4
 73
2
 74
0
 40
0.321651890
 40
0.321651890
 40
1.000000000
 40
1.000000000
 10
321.942507896
 20
148.889117309
 30
0.000000000
 10
351.789824733
 20
143.462332430
 30
0.000000000
  0
SPLINE
  5
B96
330
A02
100
AcDbEntity
  8
S08_Suspension_RearT
100
AcDbSpline
210
0
220
0
230
1
 70
8
 71
1
 72
4
 73
2
 74
0
 40
0.000000000
 40
0.000000000
 40
0.019602309
 40
0.019602309
 10
308.210175267
 20
153.792243797
 30
0.000000000
 10
309.072676842
 20
153.635425328
 30
0.000000000
  0
SPLINE
  5
B97
330
A02
100
AcDbEntity
  8
S08_Suspension_RearT
100
AcDbSpline
210
0
220
0
230
1
 70
8
 71
1
 72
4
 73
2
 74
0
 40
0.069668820
 40
0.069668820
 40
1.000000000
 40
1.000000000
 10
311.275603347
 20
153.234893237
 30
0.000000000
 10
352.210175267
 20
145.792243797
 30
0.000000000
  0
DIMENSION
  5
B98
330
A02
100
AcDbEntity
  8
DimExtent080
100
AcDbDimension
  2
*DimExtent080
 10
109.999007984
 20
233.987110962
 30
0.000000000
 11
109.999007984
 21
238.987110962
 31
0.000000000
 70
32
  1
1449
  3
STANDARD
100
AcDbAlignedDimension
 13
52.027794483
 23
199.968556878
 33
0.000000000
 14
167.972205517
 24
199.968556878
 34
0.000000000
100
AcDbRotatedDimension
  0
DIMENSION
  5
BA2
330
A02
100
AcDbEntity
  8
DimExtent081
100
AcDbDimension
  2
*DimExtent081
 10
48.430335208
 20
218.649960173
 30
0.000000000
 11
45.023590216
 21
214.990166660
 31
0.000000000
 70
32
  1
425
  3
STANDARD
100
AcDbAlignedDimension
 13
93.713127842
 23
231.991088434
 33
0.000000000
 14
57.200000000
 24
198.002581985
 34
0.000000000
 50
90
100
AcDbRotatedDimension
  0
DIMENSION
  5
BAC
330
A02
100
AcDbEntity
  8
DimExtent082
100
AcDbDimension
  2
*DimExtent082
 10
300.003171134
 20
233.577939660
 30
0.000000000
 11
300.003171134
 21
238.577939660
 31
0.000000000
 70
32
  1
1341
  3
STANDARD
100
AcDbAlignedDimension
 13
246.378858680
 23
200.350207821
 33
0.000000000
 14
353.621141320
 24
200.350207821
 34
0.000000000
100
AcDbRotatedDimension
  0
DIMENSION
  5
BB6
330
A02
100
AcDbEntity
  8
DimExtent083
100
AcDbDimension
  2
*DimExtent083
 10
244.364831993
 20
214.660833637
 30
0.000000000
 11
239.381314382
 21
215.066484003
 31
0.000000000
 70
32
  1
413
  3
STANDARD
100
AcDbAlignedDimension
 13
349.440000000
 23
231.511531797
 33
0.000000000
 14
352.127952362
 24
198.489355423
 34
0.000000000
 50
90
100
AcDbRotatedDimension
  0
DIMENSION
  5
BC0
330
A02
100
AcDbEntity
  8
DimExtent084
100
AcDbDimension
  2
*DimExtent084
 10
109.999007944
 20
156.045875081
 30
0.000000000
 11
109.999007984
 21
161.045875081
 31
0.000000000
 70
32
  1
1449
  3
STANDARD
100
AcDbAlignedDimension
 13
52.024570149
 23
130.834323745
 33
0.000000000
 14
167.975429847
 24
130.834324681
 34
0.000000000
100
AcDbRotatedDimension
  0
DIMENSION
  5
BCA
330
A02
100
AcDbEntity
  8
DimExtent085
100
AcDbDimension
  2
*DimExtent085
 10
299.996828866
 20
156.050078982
 30
0.000000000
 11
299.996828866
 21
161.050078982
 31
0.000000000
 70
32
  1
1341
  3
STANDARD
100
AcDbAlignedDimension
 13
246.378983347
 23
133.954679522
 33
0.000000000
 14
353.621016653
 24
133.954679522
 34
0.000000000
100
AcDbRotatedDimension
  0
TEXT
  5
BD4
330
A02
100
AcDbEntity
  8
S08_Suspension_Tab
100
AcDbText
 10
100.000000000
 20
45.000000000
 30
0.000000000
 40
3.200000000
  1
フロント：ダブルウィッシュボーン + プッシュロッド
  7
STANDARD
 72
1
 11
100.000000000
 21
45.000000000
 31
0.000000000
100
AcDbText
  0
ENDSEC
  0
SECTION
  2
OBJECTS
  0
DICTIONARY
  5
F000
330
0
100
AcDbDictionary
  3
ACAD_GROUP
350
F001
  0
DICTIONARY
  5
F001
330
F000
100
AcDbDictionary
  0
ENDSEC
  0
EOF